data_captura,no_indexador,no_indice,nu_indice,ret_dia_perc,ret_mes_perc,ret_ano_perc,ret_12_meses_perc,vol_aa_perc,taxa_juros_aa_perc_compra_d1,taxa_juros_aa_perc_venda_d0,data_referencia
2026-06-03,PREFIXADO,IDkA Pré 3M,7558.191845,0.0593,0.1067,5.6793,14.7332,0.0569,14.1261,14.0943,
2026-06-03,PREFIXADO,IDkA Pré 1A,8461.696219,0.0488,-0.0185,4.9002,13.6338,1.2463,13.9838,13.9874,
2026-06-03,PREFIXADO,IDkA Pré 2A,9629.105383,-0.0363,-0.2497,3.7219,12.7403,3.6053,13.9846,14.0350,
2026-06-03,PREFIXADO,IDkA Pré 3A,10343.416045,-0.1646,-0.4328,3.1698,12.5124,5.7568,14.0427,14.1253,
2026-06-03,PREFIXADO,IDkA Pré 5A,10940.014781,-0.4326,-0.6563,3.0889,12.7452,8.9714,14.1403,14.2514,
2026-06-03,IPCA,IDkA IPCA 2A,10605.346796,-0.0097,-0.0316,6.2170,12.7307,1.4255,8.0068,8.0421,
2026-06-03,IPCA,IDkA IPCA 3A,10932.792585,-0.1079,-0.2414,5.3890,11.3993,2.6767,8.0954,8.1545,
2026-06-03,IPCA,IDkA IPCA 5A,10750.262996,-0.2714,-0.5839,4.2481,9.0683,4.4400,8.0308,8.1016,
2026-06-03,IPCA,IDkA IPCA 10A,10638.385684,-0.4456,-0.9568,2.8101,7.3529,6.5909,7.6054,7.6593,
2026-06-03,IPCA,IDkA IPCA 15A,11606.066812,-0.4779,-1.0701,2.3806,7.7919,7.8897,7.3478,7.3859,
2026-06-03,IPCA,IDkA IPCA 20A,13109.812007,-0.4852,-1.1456,2.1425,8.2353,9.3747,7.2073,7.2362,
2026-06-03,IPCA,IDkA IPCA 30A,17117.536565,-0.4902,-1.2803,1.7508,8.5682,12.9887,7.0650,7.0844,
2026-06-04,PREFIXADO,IDkA Pré 3M,7561.216425,0.0400,0.1467,5.7216,14.7194,0.0701,14.0931,14.1502,
2026-06-04,PREFIXADO,IDkA Pré 1A,8450.881375,-0.1278,-0.1463,4.7661,13.4543,1.3317,13.9873,14.1933,
2026-06-04,PREFIXADO,IDkA Pré 2A,9574.405154,-0.5681,-0.8163,3.1327,12.0548,4.0564,14.0353,14.3911,
2026-06-04,PREFIXADO,IDkA Pré 3A,10248.672530,-0.9160,-1.3448,2.2247,11.3708,6.4876,14.1257,14.4968,
2026-06-04,PREFIXADO,IDkA Pré 5A,10788.407317,-1.3858,-2.0330,1.6603,10.8692,10.0998,14.2515,14.5832,
2026-06-04,IPCA,IDkA IPCA 2A,10572.188692,-0.3127,-0.3442,5.8849,12.3792,1.8509,8.0427,8.2425,
2026-06-04,IPCA,IDkA IPCA 3A,10873.248057,-0.5446,-0.7848,4.8150,10.7432,3.2652,8.1547,8.3723,
2026-06-04,IPCA,IDkA IPCA 5A,10658.870019,-0.8501,-1.4291,3.3618,8.0160,5.2608,8.1013,8.2983,
2026-06-04,IPCA,IDkA IPCA 10A,10521.695973,-1.0969,-2.0432,1.6824,6.0247,7.4736,7.6590,7.7837,
2026-06-04,IPCA,IDkA IPCA 15A,11461.195225,-1.2482,-2.3050,1.1026,6.4411,8.8081,7.3858,7.4796,
2026-06-04,IPCA,IDkA IPCA 20A,12924.741728,-1.4117,-2.5411,0.7006,6.9152,10.3353,7.2361,7.3152,
2026-06-04,IPCA,IDkA IPCA 30A,16818.482781,-1.7471,-3.0050,-0.0268,7.1898,14.0089,7.0844,7.1492,
2026-06-05,PREFIXADO,IDkA Pré 3M,7561.216425,0.0400,0.1467,5.7216,14.7194,0.0701,14.0931,14.1502,
2026-06-05,PREFIXADO,IDkA Pré 1A,8450.881375,-0.1278,-0.1463,4.7661,13.4543,1.3317,13.9873,14.1933,
2026-06-05,PREFIXADO,IDkA Pré 2A,9574.405154,-0.5681,-0.8163,3.1327,12.0548,4.0564,14.0353,14.3911,
2026-06-05,PREFIXADO,IDkA Pré 3A,10248.672530,-0.9160,-1.3448,2.2247,11.3708,6.4876,14.1257,14.4968,
2026-06-05,PREFIXADO,IDkA Pré 5A,10788.407317,-1.3858,-2.0330,1.6603,10.8692,10.0998,14.2515,14.5832,
2026-06-05,IPCA,IDkA IPCA 2A,10572.188692,-0.3127,-0.3442,5.8849,12.3792,1.8509,8.0427,8.2425,
2026-06-05,IPCA,IDkA IPCA 3A,10873.248057,-0.5446,-0.7848,4.8150,10.7432,3.2652,8.1547,8.3723,
2026-06-05,IPCA,IDkA IPCA 5A,10658.870019,-0.8501,-1.4291,3.3618,8.0160,5.2608,8.1013,8.2983,
2026-06-05,IPCA,IDkA IPCA 10A,10521.695973,-1.0969,-2.0432,1.6824,6.0247,7.4736,7.6590,7.7837,
2026-06-05,IPCA,IDkA IPCA 15A,11461.195225,-1.2482,-2.3050,1.1026,6.4411,8.8081,7.3858,7.4796,
2026-06-05,IPCA,IDkA IPCA 20A,12924.741728,-1.4117,-2.5411,0.7006,6.9152,10.3353,7.2361,7.3152,
2026-06-05,IPCA,IDkA IPCA 30A,16818.482781,-1.7471,-3.0050,-0.0268,7.1898,14.0089,7.0844,7.1492,
2026-06-06,PREFIXADO,IDkA Pré 3M,7564.969553,0.0496,0.1964,5.7740,14.6601,0.0707,14.1486,14.1620,
2026-06-06,PREFIXADO,IDkA Pré 1A,8440.425773,-0.1237,-0.2698,4.6365,13.3475,1.3111,14.1942,14.3967,
2026-06-06,PREFIXADO,IDkA Pré 2A,9531.240444,-0.4508,-1.2635,2.6677,11.7678,3.9610,14.3916,14.6815,
2026-06-06,PREFIXADO,IDkA Pré 3A,10178.645299,-0.6833,-2.0189,1.5263,10.9505,6.2966,14.4971,14.7800,
2026-06-06,PREFIXADO,IDkA Pré 5A,10683.149316,-0.9757,-2.9888,0.6684,10.3117,9.8663,14.5833,14.8208,
2026-06-06,IPCA,IDkA IPCA 2A,10544.620447,-0.2608,-0.6041,5.6088,12.3188,2.0203,8.2432,8.4155,
2026-06-06,IPCA,IDkA IPCA 3A,10818.393284,-0.5045,-1.2853,4.2862,10.3797,3.5364,8.3725,8.5762,
2026-06-06,IPCA,IDkA IPCA 5A,10569.137261,-0.8419,-2.2589,2.4917,7.1657,5.7292,8.2979,8.4936,
2026-06-06,IPCA,IDkA IPCA 10A,10369.239255,-1.4490,-3.4626,0.2091,4.1302,8.5407,7.7833,7.9467,
2026-06-06,IPCA,IDkA IPCA 15A,11216.392956,-2.1359,-4.3917,-1.0568,3.5482,10.8593,7.4794,7.6381,
2026-06-06,IPCA,IDkA IPCA 20A,12555.299340,-2.8584,-5.3269,-2.1779,3.2431,13.5019,7.3151,7.4737,
2026-06-06,IPCA,IDkA IPCA 30A,16095.236479,-4.3003,-7.1761,-4.3260,2.6058,19.3410,7.1492,7.3082,
2026-06-08,PREFIXADO,IDkA Pré 3M,7564.969553,0.0496,0.1964,5.7740,14.6601,0.0707,14.1486,14.1620,
2026-06-08,PREFIXADO,IDkA Pré 1A,8440.425773,-0.1237,-0.2698,4.6365,13.3475,1.3111,14.1942,14.3967,
2026-06-08,PREFIXADO,IDkA Pré 2A,9531.240444,-0.4508,-1.2635,2.6677,11.7678,3.9610,14.3916,14.6815,
2026-06-08,PREFIXADO,IDkA Pré 3A,10178.645299,-0.6833,-2.0189,1.5263,10.9505,6.2966,14.4971,14.7800,
2026-06-08,PREFIXADO,IDkA Pré 5A,10683.149316,-0.9757,-2.9888,0.6684,10.3117,9.8663,14.5833,14.8208,
2026-06-08,IPCA,IDkA IPCA 2A,10544.620447,-0.2608,-0.6041,5.6088,12.3188,2.0203,8.2432,8.4155,
2026-06-08,IPCA,IDkA IPCA 3A,10818.393284,-0.5045,-1.2853,4.2862,10.3797,3.5364,8.3725,8.5762,
2026-06-08,IPCA,IDkA IPCA 5A,10569.137261,-0.8419,-2.2589,2.4917,7.1657,5.7292,8.2979,8.4936,
2026-06-08,IPCA,IDkA IPCA 10A,10369.239255,-1.4490,-3.4626,0.2091,4.1302,8.5407,7.7833,7.9467,
2026-06-08,IPCA,IDkA IPCA 15A,11216.392956,-2.1359,-4.3917,-1.0568,3.5482,10.8593,7.4794,7.6381,
2026-06-08,IPCA,IDkA IPCA 20A,12555.299340,-2.8584,-5.3269,-2.1779,3.2431,13.5019,7.3151,7.4737,
2026-06-08,IPCA,IDkA IPCA 30A,16095.236479,-4.3003,-7.1761,-4.3260,2.6058,19.3410,7.1492,7.3082,
2026-06-09,PREFIXADO,IDkA Pré 3M,7569.631454,0.0616,0.2582,5.8392,14.6694,0.0770,14.1602,14.1182,
2026-06-09,PREFIXADO,IDkA Pré 1A,8430.692272,-0.1153,-0.3848,4.5158,13.1386,1.3950,14.3985,14.5925,
2026-06-09,PREFIXADO,IDkA Pré 2A,9502.025909,-0.3065,-1.5661,2.3531,11.2692,4.0647,14.6821,14.8899,
2026-06-09,PREFIXADO,IDkA Pré 3A,10138.284705,-0.3965,-2.4074,1.1237,10.2781,6.3816,14.7802,14.9535,
2026-06-09,PREFIXADO,IDkA Pré 5A,10643.824482,-0.3681,-3.3459,0.2978,9.5859,9.8786,14.8208,14.9182,
2026-06-09,IPCA,IDkA IPCA 2A,10525.329762,-0.1829,-0.7859,5.4156,11.9389,2.1021,8.4165,8.5470,
2026-06-09,IPCA,IDkA IPCA 3A,10789.188530,-0.2700,-1.5518,4.0047,9.8635,3.5821,8.5765,8.6954,
2026-06-09,IPCA,IDkA IPCA 5A,10534.624452,-0.3265,-2.5781,2.1570,6.5550,5.7510,8.4932,8.5767,
2026-06-09,IPCA,IDkA IPCA 10A,10323.999738,-0.4363,-3.8838,-0.2281,3.4729,8.5728,7.9463,7.9995,
2026-06-09,IPCA,IDkA IPCA 15A,11143.185466,-0.6527,-5.0157,-1.7026,2.8515,10.9236,7.6379,7.6888,
2026-06-09,IPCA,IDkA IPCA 20A,12442.490496,-0.8985,-6.1775,-3.0568,2.5091,13.6070,7.4736,7.5250,
2026-06-09,IPCA,IDkA IPCA 30A,15870.540885,-1.3960,-8.4719,-5.6616,1.7076,19.5291,7.3081,7.3603,
2026-06-10,PREFIXADO,IDkA Pré 3M,7573.336457,0.0489,0.3072,5.8910,14.6571,0.0781,14.1176,14.1337,
2026-06-10,PREFIXADO,IDkA Pré 1A,8430.143990,-0.0065,-0.3913,4.5090,12.9918,1.3806,14.5946,14.6643,
2026-06-10,PREFIXADO,IDkA Pré 2A,9497.738047,-0.0451,-1.6106,2.3069,10.9503,4.0151,14.8905,14.9482,
2026-06-10,PREFIXADO,IDkA Pré 3A,10131.609085,-0.0658,-2.4717,1.0571,9.8499,6.2988,14.9536,15.0001,
2026-06-10,PREFIXADO,IDkA Pré 5A,10637.068490,-0.0635,-3.4073,0.2342,9.1672,9.7196,14.9181,14.9454,
2026-06-10,IPCA,IDkA IPCA 2A,10525.923141,0.0056,-0.7803,5.4216,11.8571,2.0460,8.5480,8.5762,
2026-06-10,IPCA,IDkA IPCA 3A,10785.845322,-0.0310,-1.5823,3.9725,9.7691,3.4831,8.6956,8.7279,
2026-06-10,IPCA,IDkA IPCA 5A,10528.963369,-0.0537,-2.6304,2.1021,6.5028,5.5693,8.5762,8.6004,
2026-06-10,IPCA,IDkA IPCA 10A,10331.067164,0.0685,-3.8180,-0.1598,3.7515,8.4147,7.9992,7.9978,
2026-06-10,IPCA,IDkA IPCA 15A,11171.000078,0.2496,-4.7786,-1.4573,3.5400,10.8848,7.6887,7.6747,
2026-06-10,IPCA,IDkA IPCA 20A,12496.732722,0.4359,-5.7685,-2.6342,3.6062,13.6893,7.5249,7.5044,
2026-06-10,IPCA,IDkA IPCA 30A,15999.227857,0.8109,-7.7298,-4.8967,3.5453,19.8546,7.3602,7.3332,
2026-06-11,PREFIXADO,IDkA Pré 3M,7577.387383,0.0535,0.3609,5.9477,14.6482,0.0778,14.1341,14.1294,
2026-06-11,PREFIXADO,IDkA Pré 1A,8436.452953,0.0748,-0.3167,4.5872,12.9641,1.3833,14.6664,14.6428,
2026-06-11,PREFIXADO,IDkA Pré 2A,9504.062888,0.0666,-1.5450,2.3750,10.7681,3.9945,14.9486,14.9421,
2026-06-11,PREFIXADO,IDkA Pré 3A,10134.166842,0.0252,-2.4471,1.0826,9.5060,6.2349,15.0001,15.0117,
2026-06-11,PREFIXADO,IDkA Pré 5A,10632.270033,-0.0451,-3.4509,0.1890,8.6880,9.5836,14.9452,14.9683,
2026-06-11,IPCA,IDkA IPCA 2A,10533.710464,0.0740,-0.7069,5.4995,12.0184,2.0674,8.5772,8.5683,
2026-06-11,IPCA,IDkA IPCA 3A,10799.526621,0.1268,-1.4574,4.1044,10.0154,3.5491,8.7281,8.7032,
2026-06-11,IPCA,IDkA IPCA 5A,10556.437087,0.2609,-2.3764,2.3685,6.9629,5.7401,8.5999,8.5558,
2026-06-11,IPCA,IDkA IPCA 10A,10402.566010,0.6921,-3.1523,0.5311,4.8900,8.9881,7.9974,7.9289,
2026-06-11,IPCA,IDkA IPCA 15A,11301.395452,1.1673,-3.6671,-0.3070,5.4103,11.9933,7.6745,7.5951,
2026-06-11,IPCA,IDkA IPCA 20A,12702.771366,1.6487,-4.2149,-1.0289,6.1712,15.3481,7.5043,7.4193,
2026-06-11,IPCA,IDkA IPCA 30A,16418.832343,2.6227,-5.3098,-2.4025,7.3232,22.5939,7.3332,7.2425,
2026-06-12,PREFIXADO,IDkA Pré 3M,7582.075241,0.0619,0.4230,6.0132,14.6583,0.0839,14.1297,14.0861,
2026-06-12,PREFIXADO,IDkA Pré 1A,8461.259985,0.2940,-0.0236,4.8948,13.3047,1.6830,14.6449,14.3697,
2026-06-12,PREFIXADO,IDkA Pré 2A,9573.029973,0.7257,-0.8306,3.1179,11.6448,4.8113,14.9427,14.5588,
2026-06-12,PREFIXADO,IDkA Pré 3A,10246.964036,1.1130,-1.3613,2.2077,10.7551,7.5143,15.0118,14.6089,
2026-06-12,PREFIXADO,IDkA Pré 5A,10815.203840,1.7206,-1.7897,1.9128,10.2866,11.5750,14.9681,14.5889,
2026-06-12,IPCA,IDkA IPCA 2A,10576.436103,0.4056,-0.3042,5.9275,12.5752,2.5152,8.5692,8.3805,
2026-06-12,IPCA,IDkA IPCA 3A,10879.605699,0.7415,-0.7267,4.8763,10.9216,4.5079,8.7033,8.4566,
2026-06-12,IPCA,IDkA IPCA 5A,10696.967011,1.3312,-1.0768,3.7313,8.4089,7.6367,8.5553,8.2808,
2026-06-12,IPCA,IDkA IPCA 10A,10650.132094,2.3799,-0.8475,2.9236,7.0939,12.6241,7.9285,7.6808,
2026-06-12,IPCA,IDkA IPCA 15A,11672.985914,3.2880,-0.4997,2.9709,8.2078,17.0640,7.5949,7.3669,
2026-06-12,IPCA,IDkA IPCA 20A,13234.982036,4.1897,-0.2018,3.1177,9.6246,21.7203,7.4192,7.2018,
2026-06-12,IPCA,IDkA IPCA 30A,17406.195420,6.0136,0.3845,3.4667,12.4214,31.4376,7.2425,7.0358,
2026-06-13,PREFIXADO,IDkA Pré 3M,7585.615922,0.0467,0.4699,6.0627,14.6438,0.0847,14.0857,14.1117,
2026-06-13,PREFIXADO,IDkA Pré 1A,8467.288780,0.0713,0.0476,4.9695,13.3175,1.6420,14.3710,14.3504,
2026-06-13,PREFIXADO,IDkA Pré 2A,9592.128307,0.1995,-0.6327,3.3236,11.8129,4.6484,14.5592,14.4758,
2026-06-13,PREFIXADO,IDkA Pré 3A,10284.416276,0.3655,-1.0007,2.5813,11.1407,7.1915,14.6090,14.4902,
2026-06-13,PREFIXADO,IDkA Pré 5A,10884.635079,0.6420,-1.1592,2.5670,11.1158,10.9825,14.5889,14.4546,
2026-06-13,IPCA,IDkA IPCA 2A,10597.289028,0.1972,-0.1076,6.1363,12.6276,2.5294,8.3811,8.3461,
2026-06-13,IPCA,IDkA IPCA 3A,10903.967851,0.2239,-0.5044,5.1112,11.0106,4.4067,8.4566,8.4237,
2026-06-13,IPCA,IDkA IPCA 5A,10728.870149,0.2982,-0.7817,4.0406,8.6225,7.4178,8.2803,8.2444,
2026-06-13,IPCA,IDkA IPCA 10A,10703.259595,0.4988,-0.3529,3.4371,7.7141,12.3562,7.6804,7.6408,
2026-06-13,IPCA,IDkA IPCA 15A,11750.401163,0.6632,0.1602,3.6538,9.1910,16.8040,7.3668,7.3287,
2026-06-13,IPCA,IDkA IPCA 20A,13342.998447,0.8161,0.6127,3.9593,10.8749,21.4687,7.2017,7.1650,
2026-06-13,IPCA,IDkA IPCA 30A,17602.199859,1.1261,1.5148,4.6318,13.8854,31.1942,7.0358,7.0004,
2026-06-15,PREFIXADO,IDkA Pré 3M,7585.615922,0.0467,0.4699,6.0627,14.6438,0.0847,14.0857,14.1117,
2026-06-15,PREFIXADO,IDkA Pré 1A,8467.288780,0.0713,0.0476,4.9695,13.3175,1.6420,14.3710,14.3504,
2026-06-15,PREFIXADO,IDkA Pré 2A,9592.128307,0.1995,-0.6327,3.3236,11.8129,4.6484,14.5592,14.4758,
2026-06-15,PREFIXADO,IDkA Pré 3A,10284.416276,0.3655,-1.0007,2.5813,11.1407,7.1915,14.6090,14.4902,
2026-06-15,PREFIXADO,IDkA Pré 5A,10884.635079,0.6420,-1.1592,2.5670,11.1158,10.9825,14.5889,14.4546,
2026-06-15,IPCA,IDkA IPCA 2A,10597.289028,0.1972,-0.1076,6.1363,12.6276,2.5294,8.3811,8.3461,
2026-06-15,IPCA,IDkA IPCA 3A,10903.967851,0.2239,-0.5044,5.1112,11.0106,4.4067,8.4566,8.4237,
2026-06-15,IPCA,IDkA IPCA 5A,10728.870149,0.2982,-0.7817,4.0406,8.6225,7.4178,8.2803,8.2444,
2026-06-15,IPCA,IDkA IPCA 10A,10703.259595,0.4988,-0.3529,3.4371,7.7141,12.3562,7.6804,7.6408,
2026-06-15,IPCA,IDkA IPCA 15A,11750.401163,0.6632,0.1602,3.6538,9.1910,16.8040,7.3668,7.3287,
2026-06-15,IPCA,IDkA IPCA 20A,13342.998447,0.8161,0.6127,3.9593,10.8749,21.4687,7.2017,7.1650,
2026-06-15,IPCA,IDkA IPCA 30A,17602.199859,1.1261,1.5148,4.6318,13.8854,31.1942,7.0358,7.0004,
2026-06-16,PREFIXADO,IDkA Pré 3M,7590.666034,0.0666,0.5368,6.1333,14.6539,0.0964,14.1115,14.0458,
2026-06-16,PREFIXADO,IDkA Pré 1A,8482.775665,0.1829,0.2306,5.1615,13.4161,1.7029,14.3514,14.2028,
2026-06-16,PREFIXADO,IDkA Pré 2A,9620.863975,0.2996,-0.3351,3.6331,11.9829,4.7131,14.4760,14.3353,
2026-06-16,PREFIXADO,IDkA Pré 3A,10319.022477,0.3365,-0.6676,2.9264,11.3136,7.2321,14.4901,14.3823,
2026-06-16,PREFIXADO,IDkA Pré 5A,10920.752464,0.3318,-0.8312,2.9074,11.2538,10.9891,14.4545,14.3909,
2026-06-16,IPCA,IDkA IPCA 2A,10601.929730,0.0438,-0.0638,6.1828,12.4282,2.5002,8.3467,8.3559,
2026-06-16,IPCA,IDkA IPCA 3A,10904.444399,0.0044,-0.5001,5.1158,10.7969,4.3765,8.4237,8.4442,
2026-06-16,IPCA,IDkA IPCA 5A,10721.830525,-0.0656,-0.8468,3.9724,8.4528,7.3727,8.2438,8.2711,
2026-06-16,IPCA,IDkA IPCA 10A,10676.124613,-0.2535,-0.6055,3.1748,7.6130,12.2784,7.6405,7.6741,
2026-06-16,IPCA,IDkA IPCA 15A,11693.872144,-0.4811,-0.3217,3.1552,8.7386,16.7523,7.3285,7.3671,
2026-06-16,IPCA,IDkA IPCA 20A,13247.561877,-0.7153,-0.1069,3.2158,9.6288,21.4660,7.1649,7.2064,
2026-06-16,IPCA,IDkA IPCA 30A,17393.232618,-1.1872,0.3097,3.3896,10.2302,31.3057,7.0004,7.0450,
2026-06-17,PREFIXADO,IDkA Pré 3M,7595.268113,0.0606,0.5977,6.1977,14.6593,0.0988,14.0449,14.0057,
2026-06-17,PREFIXADO,IDkA Pré 1A,8485.567592,0.0329,0.2636,5.1961,13.4261,1.6840,14.2036,14.2263,
2026-06-17,PREFIXADO,IDkA Pré 2A,9614.294543,-0.0683,-0.4031,3.5624,11.8145,4.6347,14.3356,14.4052,
2026-06-17,PREFIXADO,IDkA Pré 3A,10304.837100,-0.1375,-0.8042,2.7849,10.9543,7.0577,14.3824,14.4553,
2026-06-17,PREFIXADO,IDkA Pré 5A,10909.845593,-0.0999,-0.9303,2.8046,10.7374,10.5947,14.3908,14.4259,
2026-06-17,IPCA,IDkA IPCA 2A,10581.159712,-0.1959,-0.2596,5.9748,12.3688,2.6031,8.3566,8.4888,
2026-06-17,IPCA,IDkA IPCA 3A,10883.035050,-0.1963,-0.6955,4.9094,10.7741,4.3613,8.4443,8.5327,
2026-06-17,IPCA,IDkA IPCA 5A,10684.941654,-0.3441,-1.1880,3.6146,8.2369,7.2258,8.2706,8.3555,
2026-06-17,IPCA,IDkA IPCA 10A,10604.754733,-0.6685,-1.2699,2.4851,6.6503,12.1066,7.6737,7.7508,
2026-06-17,IPCA,IDkA IPCA 15A,11616.606129,-0.6607,-0.9803,2.4736,7.3073,16.5530,7.3670,7.4176,
2026-06-17,IPCA,IDkA IPCA 20A,13172.198046,-0.5689,-0.6752,2.6286,7.9943,21.2380,7.2063,7.2392,
2026-06-17,IPCA,IDkA IPCA 30A,17331.034157,-0.3576,-0.0490,3.0199,8.9655,31.0529,7.0450,7.0593,
2026-06-18,PREFIXADO,IDkA Pré 3M,7599.053993,0.0498,0.6479,6.2506,14.6496,0.0979,14.0049,14.0150,
2026-06-18,PREFIXADO,IDkA Pré 1A,8483.486520,-0.0245,0.2390,5.1703,13.3699,1.6725,14.2274,14.3161,
2026-06-18,PREFIXADO,IDkA Pré 2A,9592.800887,-0.2236,-0.6258,3.3309,11.6768,4.6584,14.4056,14.5646,
2026-06-18,PREFIXADO,IDkA Pré 3A,10259.920704,-0.4359,-1.2365,2.3369,10.7051,7.1739,14.4553,14.6428,
2026-06-18,PREFIXADO,IDkA Pré 5A,10826.992372,-0.7594,-1.6826,2.0239,10.2563,10.9212,14.4258,14.6128,
2026-06-18,IPCA,IDkA IPCA 2A,10565.443839,-0.1485,-0.4078,5.8174,12.1947,2.6125,8.4891,8.5959,
2026-06-18,IPCA,IDkA IPCA 3A,10840.839625,-0.3877,-1.0805,4.5026,10.3810,4.4694,8.5326,8.6908,
2026-06-18,IPCA,IDkA IPCA 5A,10604.299624,-0.7547,-1.9337,2.8326,7.5204,7.5667,8.3549,8.5296,
2026-06-18,IPCA,IDkA IPCA 10A,10498.173533,-1.0050,-2.2622,1.4551,5.6014,12.5515,7.7505,7.8643,
2026-06-18,IPCA,IDkA IPCA 15A,11510.643065,-0.9122,-1.8835,1.5388,6.0463,16.8410,7.4174,7.4862,
2026-06-18,IPCA,IDkA IPCA 20A,13071.207760,-0.7667,-1.4367,1.8417,6.5406,21.4057,7.2391,7.2827,
2026-06-18,IPCA,IDkA IPCA 30A,17251.185990,-0.4607,-0.5095,2.5453,7.3283,31.1007,7.0592,7.0772,
2026-06-19,PREFIXADO,IDkA Pré 3M,7604.748444,0.0749,0.7233,6.3302,14.6692,0.1223,14.0144,13.9085,
2026-06-19,PREFIXADO,IDkA Pré 1A,8483.387526,-0.0012,0.2378,5.1691,13.3189,1.6764,14.3176,14.3799,
2026-06-19,PREFIXADO,IDkA Pré 2A,9563.606410,-0.3043,-0.9282,3.0164,11.2738,4.7828,14.5651,14.7712,
2026-06-19,PREFIXADO,IDkA Pré 3A,10194.773457,-0.6350,-1.8637,1.6871,9.9376,7.4899,14.6429,14.9077,
2026-06-19,PREFIXADO,IDkA Pré 5A,10698.015202,-1.1913,-2.8538,0.8085,8.9746,11.5978,14.6126,14.9003,
2026-06-19,IPCA,IDkA IPCA 2A,10559.156663,-0.0595,-0.4670,5.7544,12.1524,2.6190,8.5966,8.6552,
2026-06-19,IPCA,IDkA IPCA 3A,10823.796206,-0.1572,-1.2360,4.3383,10.2435,4.4911,8.6909,8.7656,
2026-06-19,IPCA,IDkA IPCA 5A,10573.848892,-0.2872,-2.2153,2.5373,7.2758,7.5927,8.5291,8.6020,
2026-06-19,IPCA,IDkA IPCA 10A,10465.450982,-0.3117,-2.5668,1.1389,5.2107,12.4376,7.8639,7.9025,
2026-06-19,IPCA,IDkA IPCA 15A,11487.798362,-0.1985,-2.0782,1.3373,5.3882,16.6051,7.4860,7.5034,
2026-06-19,IPCA,IDkA IPCA 20A,13062.743289,-0.0648,-1.5005,1.7758,5.5261,21.0931,7.2826,7.2884,
2026-06-19,IPCA,IDkA IPCA 30A,17286.595093,0.2053,-0.3053,2.7557,5.5393,30.6738,7.0772,7.0714,
2026-06-20,PREFIXADO,IDkA Pré 3M,7608.569159,0.0502,0.7739,6.3836,14.7268,0.1228,13.9082,13.9149,
2026-06-20,PREFIXADO,IDkA Pré 1A,8484.572895,0.0140,0.2518,5.1838,13.3347,1.5987,14.3823,14.4275,
2026-06-20,PREFIXADO,IDkA Pré 2A,9553.495094,-0.1057,-1.0330,2.9075,11.1561,4.5467,14.7721,14.8644,
2026-06-20,PREFIXADO,IDkA Pré 3A,10169.925556,-0.2437,-2.1028,1.4393,9.6696,7.1260,14.9079,15.0227,
2026-06-20,PREFIXADO,IDkA Pré 5A,10643.104447,-0.5133,-3.3525,0.2911,8.4152,11.1197,14.9001,15.0312,
2026-06-20,IPCA,IDkA IPCA 2A,10534.075285,-0.2375,-0.7035,5.5032,11.8860,2.6713,8.6560,8.8119,
2026-06-20,IPCA,IDkA IPCA 3A,10775.797500,-0.4435,-1.6740,3.8756,9.7546,4.5971,8.7657,8.9449,
2026-06-20,IPCA,IDkA IPCA 5A,10503.494281,-0.6654,-2.8660,1.8551,6.5620,7.7562,8.6014,8.7571,
2026-06-20,IPCA,IDkA IPCA 10A,10392.366561,-0.6983,-3.2473,0.4326,4.4760,12.5845,7.9021,7.9827,
2026-06-20,IPCA,IDkA IPCA 15A,11415.554633,-0.6289,-2.6940,0.7000,4.7254,16.7206,7.5032,7.5516,
2026-06-20,IPCA,IDkA IPCA 20A,12988.773183,-0.5663,-2.0583,1.1995,4.9285,21.1846,7.2883,7.3211,
2026-06-20,IPCA,IDkA IPCA 30A,17209.861273,-0.4439,-0.7478,2.2996,5.0708,30.7303,7.0713,7.0887,
2026-06-22,PREFIXADO,IDkA Pré 3M,7608.569159,0.0502,0.7739,6.3836,14.7268,0.1228,13.9082,13.9149,
2026-06-22,PREFIXADO,IDkA Pré 1A,8484.572895,0.0140,0.2518,5.1838,13.3347,1.5987,14.3823,14.4275,
2026-06-22,PREFIXADO,IDkA Pré 2A,9553.495094,-0.1057,-1.0330,2.9075,11.1561,4.5467,14.7721,14.8644,
2026-06-22,PREFIXADO,IDkA Pré 3A,10169.925556,-0.2437,-2.1028,1.4393,9.6696,7.1260,14.9079,15.0227,
2026-06-22,PREFIXADO,IDkA Pré 5A,10643.104447,-0.5133,-3.3525,0.2911,8.4152,11.1197,14.9001,15.0312,
2026-06-22,IPCA,IDkA IPCA 2A,10534.075285,-0.2375,-0.7035,5.5032,11.8860,2.6713,8.6560,8.8119,
2026-06-22,IPCA,IDkA IPCA 3A,10775.797500,-0.4435,-1.6740,3.8756,9.7546,4.5971,8.7657,8.9449,
2026-06-22,IPCA,IDkA IPCA 5A,10503.494281,-0.6654,-2.8660,1.8551,6.5620,7.7562,8.6014,8.7571,
2026-06-22,IPCA,IDkA IPCA 10A,10392.366561,-0.6983,-3.2473,0.4326,4.4760,12.5845,7.9021,7.9827,
2026-06-22,IPCA,IDkA IPCA 15A,11415.554633,-0.6289,-2.6940,0.7000,4.7254,16.7206,7.5032,7.5516,
2026-06-22,IPCA,IDkA IPCA 20A,12988.773183,-0.5663,-2.0583,1.1995,4.9285,21.1846,7.2883,7.3211,
2026-06-22,IPCA,IDkA IPCA 30A,17209.861273,-0.4439,-0.7478,2.2996,5.0708,30.7303,7.0713,7.0887,
2026-06-23,PREFIXADO,IDkA Pré 3M,7612.827634,0.0560,0.8303,6.4432,14.7447,0.1225,13.9148,13.8951,
2026-06-23,PREFIXADO,IDkA Pré 1A,8495.390550,0.1275,0.3796,5.3179,13.5028,1.6260,14.4302,14.3453,
2026-06-23,PREFIXADO,IDkA Pré 2A,9584.198615,0.3214,-0.7149,3.2382,11.3751,4.6631,14.8655,14.7126,
2026-06-23,PREFIXADO,IDkA Pré 3A,10222.553234,0.5175,-1.5962,1.9642,9.8365,7.3413,15.0230,14.8463,
2026-06-23,PREFIXADO,IDkA Pré 5A,10739.903219,0.9095,-2.4735,1.2032,8.5267,11.5800,15.0311,14.8356,
2026-06-23,IPCA,IDkA IPCA 2A,10543.196707,0.0866,-0.6175,5.5946,12.0394,2.6588,8.8129,8.7924,
2026-06-23,IPCA,IDkA IPCA 3A,10803.481022,0.2569,-1.4214,4.1425,9.9847,4.6671,8.9450,8.8697,
2026-06-23,IPCA,IDkA IPCA 5A,10561.343588,0.5508,-2.3310,2.4161,6.8888,8.0150,8.7565,8.6476,
2026-06-23,IPCA,IDkA IPCA 10A,10460.681564,0.6574,-2.6112,1.0928,4.4955,12.8190,7.9823,7.9165,
2026-06-23,IPCA,IDkA IPCA 15A,11458.101412,0.3727,-2.3314,1.0753,4.1489,16.7743,7.5513,7.5278,
2026-06-23,IPCA,IDkA IPCA 20A,12991.515017,0.0211,-2.0376,1.2208,3.7193,21.1817,7.3209,7.3221,
2026-06-23,IPCA,IDkA IPCA 30A,17089.884599,-0.6971,-1.4398,1.5864,2.5781,30.8450,7.0886,7.1151,
2026-06-24,PREFIXADO,IDkA Pré 3M,7615.974502,0.0413,0.8720,6.4872,14.7255,0.1301,13.8950,13.9427,
2026-06-24,PREFIXADO,IDkA Pré 1A,8506.520995,0.1310,0.5112,5.4559,13.5855,1.6630,14.3475,14.2583,
2026-06-24,PREFIXADO,IDkA Pré 2A,9608.989581,0.2587,-0.4581,3.5052,11.5746,4.7630,14.7135,14.5964,
2026-06-24,PREFIXADO,IDkA Pré 3A,10259.345159,0.3599,-1.2421,2.3312,10.1042,7.4699,14.8466,14.7300,
2026-06-24,PREFIXADO,IDkA Pré 5A,10792.485286,0.4896,-1.9960,1.6987,8.9348,11.6857,14.8354,14.7358,
2026-06-24,IPCA,IDkA IPCA 2A,10565.751226,0.2139,-0.4049,5.8204,12.2650,2.7813,8.7931,8.7033,
2026-06-24,IPCA,IDkA IPCA 3A,10835.816198,0.2993,-1.1263,4.4542,10.3042,4.8265,8.8696,8.7789,
2026-06-24,IPCA,IDkA IPCA 5A,10586.978420,0.2427,-2.0939,2.6647,7.1592,8.0697,8.6470,8.6048,
2026-06-24,IPCA,IDkA IPCA 10A,10445.607142,-0.1441,-2.7516,0.9471,4.4857,12.7842,7.9160,7.9365,
2026-06-24,IPCA,IDkA IPCA 15A,11420.251795,-0.3303,-2.6540,0.7415,4.1275,16.7870,7.5276,7.5545,
2026-06-24,IPCA,IDkA IPCA 20A,12934.120714,-0.4418,-2.4704,0.7736,3.7563,21.2285,7.3220,7.3481,
2026-06-24,IPCA,IDkA IPCA 30A,16980.772637,-0.6385,-2.0690,0.9378,2.6961,30.9332,7.1150,7.1394,
2026-06-25,PREFIXADO,IDkA Pré 3M,7619.890426,0.0514,0.9238,6.5419,14.7116,0.1299,13.9418,13.9436,
2026-06-25,PREFIXADO,IDkA Pré 1A,8523.832213,0.2035,0.7157,5.6705,13.7100,1.7238,14.2602,14.0878,
2026-06-25,PREFIXADO,IDkA Pré 2A,9658.733882,0.5177,0.0572,4.0411,11.9436,4.9715,14.5972,14.3321,
2026-06-25,PREFIXADO,IDkA Pré 3A,10338.983684,0.7763,-0.4755,3.1255,10.6963,7.7637,14.7303,14.4554,
2026-06-25,PREFIXADO,IDkA Pré 5A,10918.316309,1.1659,-0.8533,2.8844,10.0498,12.0720,14.7357,14.4823,
2026-06-25,IPCA,IDkA IPCA 2A,10567.466366,0.0162,-0.3887,5.8376,12.3614,2.7039,8.7039,8.7215,
2026-06-25,IPCA,IDkA IPCA 3A,10850.189753,0.1326,-0.9952,4.5928,10.3137,4.7652,8.7789,8.7485,
2026-06-25,IPCA,IDkA IPCA 5A,10620.044863,0.3123,-1.7881,2.9853,7.2070,8.0850,8.6043,8.5470,
2026-06-25,IPCA,IDkA IPCA 10A,10483.445337,0.3622,-2.3993,1.3128,4.6840,12.8382,7.9361,7.9020,
2026-06-25,IPCA,IDkA IPCA 15A,11441.576185,0.1867,-2.4722,0.9296,4.7502,16.8047,7.5543,7.5441,
2026-06-25,IPCA,IDkA IPCA 20A,12930.841774,-0.0254,-2.4951,0.7481,5.1349,21.2276,7.3480,7.3517,
2026-06-25,IPCA,IDkA IPCA 30A,16902.179092,-0.4628,-2.5223,0.4707,6.0660,30.9401,7.1394,7.1575,
2026-06-26,PREFIXADO,IDkA Pré 3M,7624.184129,0.0563,0.9807,6.6020,14.7092,0.1302,13.9433,13.9223,
2026-06-26,PREFIXADO,IDkA Pré 1A,8531.814931,0.0937,0.8100,5.7694,13.7634,1.7161,14.0890,14.0417,
2026-06-26,PREFIXADO,IDkA Pré 2A,9673.138058,0.1491,0.2065,4.1962,12.1688,4.9598,14.3328,14.2779,
2026-06-26,PREFIXADO,IDkA Pré 3A,10348.181050,0.0890,-0.3869,3.2173,10.9565,7.7263,14.4557,14.4422,
2026-06-26,PREFIXADO,IDkA Pré 5A,10894.715726,-0.2162,-1.0676,2.6620,10.0642,12.0312,14.4822,14.5441,
2026-06-26,IPCA,IDkA IPCA 2A,10575.303228,0.0742,-0.3148,5.9161,12.4983,2.7195,8.7219,8.7080,
2026-06-26,IPCA,IDkA IPCA 3A,10867.627328,0.1607,-0.8360,4.7608,10.5749,4.8233,8.7484,8.7078,
2026-06-26,IPCA,IDkA IPCA 5A,10651.931594,0.3003,-1.4932,3.2945,7.6355,8.1970,8.5465,8.4918,
2026-06-26,IPCA,IDkA IPCA 10A,10526.001544,0.4059,-2.0031,1.7240,5.2694,12.9464,7.9016,7.8628,
2026-06-26,IPCA,IDkA IPCA 15A,11483.899063,0.3699,-2.1115,1.3029,5.3534,16.8098,7.5439,7.5206,
2026-06-26,IPCA,IDkA IPCA 20A,12970.500862,0.3067,-2.1961,1.0571,5.7308,21.0962,7.3516,7.3375,
2026-06-26,IPCA,IDkA IPCA 30A,16931.686938,0.1746,-2.3521,0.6461,6.6387,30.5247,7.1574,7.1527,
2026-06-27,PREFIXADO,IDkA Pré 3M,7628.286927,0.0538,1.0351,6.6593,14.6987,0.1301,13.9224,13.9128,
2026-06-27,PREFIXADO,IDkA Pré 1A,8540.412135,0.1008,0.9116,5.8760,13.7868,1.7271,14.0426,13.9870,
2026-06-27,PREFIXADO,IDkA Pré 2A,9693.765759,0.2132,0.4201,4.4184,12.1852,5.0081,14.2787,14.1871,
2026-06-27,PREFIXADO,IDkA Pré 3A,10378.291402,0.2910,-0.0971,3.5176,10.9365,7.7975,14.4427,14.3522,
2026-06-27,PREFIXADO,IDkA Pré 5A,10919.149291,0.2243,-0.8458,2.8923,9.9070,12.0631,14.5441,14.5051,
2026-06-27,IPCA,IDkA IPCA 2A,10597.144093,0.2065,-0.1090,6.1349,12.5830,2.8261,8.7082,8.6201,
2026-06-27,IPCA,IDkA IPCA 3A,10895.267867,0.2543,-0.5838,5.0273,10.6960,4.9332,8.7076,8.6316,
2026-06-27,IPCA,IDkA IPCA 5A,10671.910871,0.1876,-1.3085,3.4883,7.6362,8.2363,8.4913,8.4601,
2026-06-27,IPCA,IDkA IPCA 10A,10482.756388,-0.4108,-2.4057,1.3061,4.4879,12.9355,7.8624,7.9113,
2026-06-27,IPCA,IDkA IPCA 15A,11358.707175,-1.0902,-3.1786,0.1986,3.7016,17.0353,7.5204,7.6019,
2026-06-27,IPCA,IDkA IPCA 20A,12742.643755,-1.7567,-3.9142,-0.7182,3.2188,21.6665,7.3373,7.4346,
2026-06-27,IPCA,IDkA IPCA 30A,16411.563533,-3.0719,-5.3518,-2.4457,2.4016,31.8661,7.1526,7.2655,
2026-06-28,PREFIXADO,IDkA Pré 3M,7628.286927,0.0538,1.0351,6.6593,14.6987,0.1301,13.9224,13.9128,
2026-06-28,PREFIXADO,IDkA Pré 1A,8540.412135,0.1008,0.9116,5.8760,13.7868,1.7271,14.0426,13.9870,
2026-06-28,PREFIXADO,IDkA Pré 2A,9693.765759,0.2132,0.4201,4.4184,12.1852,5.0081,14.2787,14.1871,
2026-06-28,PREFIXADO,IDkA Pré 3A,10378.291402,0.2910,-0.0971,3.5176,10.9365,7.7975,14.4427,14.3522,
2026-06-28,PREFIXADO,IDkA Pré 5A,10919.149291,0.2243,-0.8458,2.8923,9.9070,12.0631,14.5441,14.5051,
2026-06-28,IPCA,IDkA IPCA 2A,10597.144093,0.2065,-0.1090,6.1349,12.5830,2.8261,8.7082,8.6201,
2026-06-28,IPCA,IDkA IPCA 3A,10895.267867,0.2543,-0.5838,5.0273,10.6960,4.9332,8.7076,8.6316,
2026-06-28,IPCA,IDkA IPCA 5A,10671.910871,0.1876,-1.3085,3.4883,7.6362,8.2363,8.4913,8.4601,
2026-06-28,IPCA,IDkA IPCA 10A,10482.756388,-0.4108,-2.4057,1.3061,4.4879,12.9355,7.8624,7.9113,
2026-06-28,IPCA,IDkA IPCA 15A,11358.707175,-1.0902,-3.1786,0.1986,3.7016,17.0353,7.5204,7.6019,
2026-06-28,IPCA,IDkA IPCA 20A,12742.643755,-1.7567,-3.9142,-0.7182,3.2188,21.6665,7.3373,7.4346,
2026-06-28,IPCA,IDkA IPCA 30A,16411.563533,-3.0719,-5.3518,-2.4457,2.4016,31.8661,7.1526,7.2655,
2026-06-29,PREFIXADO,IDkA Pré 3M,7628.286927,0.0538,1.0351,6.6593,14.6987,0.1301,13.9224,13.9128,
2026-06-29,PREFIXADO,IDkA Pré 1A,8540.412135,0.1008,0.9116,5.8760,13.7868,1.7271,14.0426,13.9870,
2026-06-29,PREFIXADO,IDkA Pré 2A,9693.765759,0.2132,0.4201,4.4184,12.1852,5.0081,14.2787,14.1871,
2026-06-29,PREFIXADO,IDkA Pré 3A,10378.291402,0.2910,-0.0971,3.5176,10.9365,7.7975,14.4427,14.3522,
2026-06-29,PREFIXADO,IDkA Pré 5A,10919.149291,0.2243,-0.8458,2.8923,9.9070,12.0631,14.5441,14.5051,
2026-06-29,IPCA,IDkA IPCA 2A,10597.144093,0.2065,-0.1090,6.1349,12.5830,2.8261,8.7082,8.6201,
2026-06-29,IPCA,IDkA IPCA 3A,10895.267867,0.2543,-0.5838,5.0273,10.6960,4.9332,8.7076,8.6316,
2026-06-29,IPCA,IDkA IPCA 5A,10671.910871,0.1876,-1.3085,3.4883,7.6362,8.2363,8.4913,8.4601,
2026-06-29,IPCA,IDkA IPCA 10A,10482.756388,-0.4108,-2.4057,1.3061,4.4879,12.9355,7.8624,7.9113,
2026-06-29,IPCA,IDkA IPCA 15A,11358.707175,-1.0902,-3.1786,0.1986,3.7016,17.0353,7.5204,7.6019,
2026-06-29,IPCA,IDkA IPCA 20A,12742.643755,-1.7567,-3.9142,-0.7182,3.2188,21.6665,7.3373,7.4346,
2026-06-29,IPCA,IDkA IPCA 30A,16411.563533,-3.0719,-5.3518,-2.4457,2.4016,31.8661,7.1526,7.2655,
2026-06-30,PREFIXADO,IDkA Pré 3M,7632.827959,0.0595,1.0952,6.7228,14.6993,0.1310,13.9127,13.8765,
2026-06-30,PREFIXADO,IDkA Pré 1A,8547.195414,0.0794,0.9918,5.9601,13.8212,1.7304,13.9878,13.9564,
2026-06-30,PREFIXADO,IDkA Pré 2A,9705.333410,0.1193,0.5400,4.5430,12.2745,5.0158,14.1879,14.1498,
2026-06-30,PREFIXADO,IDkA Pré 3A,10396.259175,0.1731,0.0759,3.6968,11.0698,7.8144,14.3527,14.3070,
2026-06-30,PREFIXADO,IDkA Pré 5A,10950.509992,0.2872,-0.5610,3.1878,10.0890,12.1030,14.5053,14.4519,
2026-06-30,IPCA,IDkA IPCA 2A,10596.678505,-0.0044,-0.1133,6.1302,12.5390,2.8257,8.6203,8.6487,
2026-06-30,IPCA,IDkA IPCA 3A,10897.624696,0.0216,-0.5623,5.0500,10.7981,4.9369,8.6315,8.6410,
2026-06-30,IPCA,IDkA IPCA 5A,10683.886595,0.1122,-1.1977,3.6044,7.8088,8.2443,8.4596,8.4455,
2026-06-30,IPCA,IDkA IPCA 10A,10493.033441,0.0980,-2.3101,1.4054,4.3415,12.8612,7.9109,7.9052,
2026-06-30,IPCA,IDkA IPCA 15A,11338.244352,-0.1802,-3.3530,0.0181,2.9628,16.9642,7.6017,7.6178,
2026-06-30,IPCA,IDkA IPCA 20A,12676.733953,-0.5172,-4.4112,-1.2317,1.8336,21.6644,7.4345,7.4647,
2026-06-30,IPCA,IDkA IPCA 30A,16213.317360,-1.2080,-6.4951,-3.6241,-0.2673,32.0356,7.2655,7.3105,
2026-07-01,PREFIXADO,IDkA Pré 3M,7637.774929,0.0648,1.1607,6.7920,14.6953,0.1357,13.8764,13.8152,
2026-07-01,PREFIXADO,IDkA Pré 1A,8561.857792,0.1715,1.1650,6.1419,13.9249,1.7741,13.9571,13.8204,
2026-07-01,PREFIXADO,IDkA Pré 2A,9734.383457,0.2993,0.8409,4.8559,12.2666,5.0988,14.1506,14.0098,
2026-07-01,PREFIXADO,IDkA Pré 3A,10437.108674,0.3929,0.4691,4.1043,10.7848,7.9291,14.3075,14.1782,
2026-07-01,PREFIXADO,IDkA Pré 5A,11012.073116,0.5622,-0.0020,3.7679,9.2004,12.2579,14.4521,14.3360,
2026-07-01,IPCA,IDkA IPCA 2A,10608.691919,0.1134,-0.0001,6.2505,12.4171,2.8520,8.6489,8.6133,
2026-07-01,IPCA,IDkA IPCA 3A,10915.901460,0.1677,-0.3956,5.2262,10.5813,4.9771,8.6408,8.5974,
2026-07-01,IPCA,IDkA IPCA 5A,10706.768958,0.2142,-0.9861,3.8263,7.4770,8.2935,8.4450,8.4088,
2026-07-01,IPCA,IDkA IPCA 10A,10505.848830,0.1221,-2.1907,1.5293,3.6120,12.8867,7.9049,7.8966,
2026-07-01,IPCA,IDkA IPCA 15A,11334.556594,-0.0325,-3.3845,-0.0145,1.7801,16.9694,7.6176,7.6231,
2026-07-01,IPCA,IDkA IPCA 20A,12652.322732,-0.1926,-4.5953,-1.4219,0.2025,21.6596,7.4646,7.4773,
2026-07-01,IPCA,IDkA IPCA 30A,16130.769641,-0.5091,-6.9711,-4.1148,-2.7597,32.0265,7.3105,7.3303,
2026-07-02,PREFIXADO,IDkA Pré 3M,7642.102582,0.0567,0.0567,6.8525,14.7018,0.1329,13.8143,13.7898,
2026-07-02,PREFIXADO,IDkA Pré 1A,8559.882743,-0.0231,-0.0231,6.1174,13.8294,1.7420,13.8209,13.9060,
2026-07-02,PREFIXADO,IDkA Pré 2A,9711.325148,-0.2369,-0.2369,4.6076,12.0041,5.1141,14.0106,14.1759,
2026-07-02,PREFIXADO,IDkA Pré 3A,10389.623371,-0.4550,-0.4550,3.6306,10.3150,8.0411,14.1787,14.3727,
2026-07-02,PREFIXADO,IDkA Pré 5A,10924.621794,-0.7941,-0.7941,2.9438,8.1994,12.5463,14.3361,14.5309,
2026-07-02,IPCA,IDkA IPCA 2A,10604.228464,-0.0421,-0.0421,6.2058,12.2698,2.8548,8.6134,8.6623,
2026-07-02,IPCA,IDkA IPCA 3A,10902.510935,-0.1227,-0.1227,5.0971,10.3768,4.9740,8.5971,8.6589,
2026-07-02,IPCA,IDkA IPCA 5A,10665.569433,-0.3848,-0.3848,3.4268,6.9940,8.3261,8.4083,8.5022,
2026-07-02,IPCA,IDkA IPCA 10A,10421.039158,-0.8073,-0.8073,0.7097,2.6277,13.0440,7.8963,7.9887,
2026-07-02,IPCA,IDkA IPCA 15A,11240.950984,-0.8258,-0.8258,-0.8402,0.7123,17.0628,7.6229,7.6856,
2026-07-02,IPCA,IDkA IPCA 20A,12559.801701,-0.7313,-0.7313,-2.1428,-0.8353,21.6785,7.4772,7.5190,
2026-07-02,IPCA,IDkA IPCA 30A,16049.567089,-0.5034,-0.5034,-4.5975,-3.7038,31.9886,7.3302,7.3498,
2026-07-03,PREFIXADO,IDkA Pré 3M,7645.569874,0.0454,0.1021,6.9010,14.7036,0.1365,13.7897,13.8170,
2026-07-03,PREFIXADO,IDkA Pré 1A,8556.585432,-0.0385,-0.0616,6.0765,13.7200,1.7734,13.9071,14.0103,
2026-07-03,PREFIXADO,IDkA Pré 2A,9692.444760,-0.1944,-0.4308,4.4042,11.7978,5.1726,14.1769,14.3184,
2026-07-03,PREFIXADO,IDkA Pré 3A,10352.743764,-0.3550,-0.8083,3.2628,10.0208,8.1212,14.3733,14.5295,
2026-07-03,PREFIXADO,IDkA Pré 5A,10856.426060,-0.6242,-1.4134,2.3012,7.6659,12.6421,14.5310,14.6870,
2026-07-03,IPCA,IDkA IPCA 2A,10604.793689,0.0053,-0.0367,6.2115,12.1332,2.8547,8.6624,8.6856,
2026-07-03,IPCA,IDkA IPCA 3A,10891.152596,-0.1042,-0.2267,4.9876,10.1215,4.9732,8.6587,8.7139,
2026-07-03,IPCA,IDkA IPCA 5A,10631.939316,-0.3153,-0.6989,3.1007,6.6035,8.3423,8.5018,8.5807,
2026-07-03,IPCA,IDkA IPCA 10A,10374.863973,-0.4431,-1.2468,0.2634,2.3514,13.0433,7.9884,8.0413,
2026-07-03,IPCA,IDkA IPCA 15A,11217.161779,-0.2116,-1.0357,-1.0501,0.9005,17.0270,7.6855,7.7039,
2026-07-03,IPCA,IDkA IPCA 20A,12573.946518,0.1126,-0.6195,-2.0326,-0.1017,21.6846,7.5189,7.5152,
2026-07-03,IPCA,IDkA IPCA 30A,16178.099504,0.8008,0.2934,-3.8334,-1.8851,32.2091,7.3498,7.3228,
2026-07-04,PREFIXADO,IDkA Pré 3M,7648.699164,0.0409,0.1430,6.9447,14.6978,0.1353,13.8175,13.8658,
2026-07-04,PREFIXADO,IDkA Pré 1A,8568.479792,0.1390,0.0773,6.2240,13.8241,1.6680,14.0116,13.9122,
2026-07-04,PREFIXADO,IDkA Pré 2A,9721.494855,0.2997,-0.1324,4.7171,12.1112,4.7619,14.3195,14.1786,
2026-07-04,PREFIXADO,IDkA Pré 3A,10393.678959,0.3954,-0.4161,3.6711,10.5017,7.4925,14.5301,14.3999,
2026-07-04,PREFIXADO,IDkA Pré 5A,10907.824085,0.4734,-0.9467,2.7855,8.3950,11.7450,14.6871,14.5912,
2026-07-04,IPCA,IDkA IPCA 2A,10627.485654,0.2140,0.1772,6.4387,12.2406,2.7073,8.6858,8.5956,
2026-07-04,IPCA,IDkA IPCA 3A,10925.274739,0.3133,0.0859,5.3166,10.3644,4.7088,8.7138,8.6178,
2026-07-04,IPCA,IDkA IPCA 5A,10684.903473,0.4982,-0.2042,3.6143,7.0612,8.0168,8.5803,8.4827,
2026-07-04,IPCA,IDkA IPCA 10A,10468.852792,0.9059,-0.3521,1.1717,3.2380,12.9909,8.0410,7.9485,
2026-07-04,IPCA,IDkA IPCA 15A,11362.290883,1.2938,0.2447,0.2302,2.1962,17.2494,7.7037,7.6146,
2026-07-04,IPCA,IDkA IPCA 20A,12785.204103,1.6801,1.0503,-0.3866,1.5971,22.1298,7.5151,7.4279,
2026-07-04,IPCA,IDkA IPCA 30A,16575.719389,2.4578,2.7584,-1.4699,0.6061,33.0281,7.3227,7.2374,
2026-07-06,PREFIXADO,IDkA Pré 3M,7648.699164,0.0409,0.1430,6.9447,14.6978,0.1353,13.8175,13.8658,
2026-07-06,PREFIXADO,IDkA Pré 1A,8568.479792,0.1390,0.0773,6.2240,13.8241,1.6680,14.0116,13.9122,
2026-07-06,PREFIXADO,IDkA Pré 2A,9721.494855,0.2997,-0.1324,4.7171,12.1112,4.7619,14.3195,14.1786,
2026-07-06,PREFIXADO,IDkA Pré 3A,10393.678959,0.3954,-0.4161,3.6711,10.5017,7.4925,14.5301,14.3999,
2026-07-06,PREFIXADO,IDkA Pré 5A,10907.824085,0.4734,-0.9467,2.7855,8.3950,11.7450,14.6871,14.5912,
2026-07-06,IPCA,IDkA IPCA 2A,10627.485654,0.2140,0.1772,6.4387,12.2406,2.7073,8.6858,8.5956,
2026-07-06,IPCA,IDkA IPCA 3A,10925.274739,0.3133,0.0859,5.3166,10.3644,4.7088,8.7138,8.6178,
2026-07-06,IPCA,IDkA IPCA 5A,10684.903473,0.4982,-0.2042,3.6143,7.0612,8.0168,8.5803,8.4827,
2026-07-06,IPCA,IDkA IPCA 10A,10468.852792,0.9059,-0.3521,1.1717,3.2380,12.9909,8.0410,7.9485,
2026-07-06,IPCA,IDkA IPCA 15A,11362.290883,1.2938,0.2447,0.2302,2.1962,17.2494,7.7037,7.6146,
2026-07-06,IPCA,IDkA IPCA 20A,12785.204103,1.6801,1.0503,-0.3866,1.5971,22.1298,7.5151,7.4279,
2026-07-06,IPCA,IDkA IPCA 30A,16575.719389,2.4578,2.7584,-1.4699,0.6061,33.0281,7.3227,7.2374,
2026-07-07,PREFIXADO,IDkA Pré 3M,7652.657717,0.0518,0.1949,7.0001,14.6964,0.1345,13.8650,13.8640,
2026-07-07,PREFIXADO,IDkA Pré 1A,8576.029651,0.0881,0.1655,6.3176,13.8905,1.5194,13.9130,13.8714,
2026-07-07,PREFIXADO,IDkA Pré 2A,9738.491034,0.1748,0.0422,4.9002,12.3347,4.3718,14.1796,14.1098,
2026-07-07,PREFIXADO,IDkA Pré 3A,10421.511717,0.2678,-0.1494,3.9487,10.8755,6.9990,14.4006,14.3189,
2026-07-07,PREFIXADO,IDkA Pré 5A,10956.120494,0.4428,-0.5081,3.2406,9.0085,11.1913,14.5914,14.5025,
2026-07-07,IPCA,IDkA IPCA 2A,10648.207719,0.1950,0.3725,6.6463,12.4654,2.5574,8.5958,8.5158,
2026-07-07,IPCA,IDkA IPCA 3A,10953.623335,0.2595,0.3456,5.5898,10.7108,4.3610,8.6178,8.5412,
2026-07-07,IPCA,IDkA IPCA 5A,10718.309970,0.3127,0.1078,3.9382,7.4672,7.4430,8.4823,8.4248,
2026-07-07,IPCA,IDkA IPCA 10A,10510.719637,0.3999,0.0464,1.5763,3.7135,11.9684,7.9482,7.9100,
2026-07-07,IPCA,IDkA IPCA 15A,11434.039694,0.6315,0.8777,0.8631,2.8966,15.5877,7.6144,7.5724,
2026-07-07,IPCA,IDkA IPCA 20A,12904.129469,0.9302,1.9902,0.5400,2.5915,19.8274,7.4278,7.3804,
2026-07-07,IPCA,IDkA IPCA 30A,16834.300246,1.5600,4.3614,0.0672,2.2106,29.5824,7.2373,7.1835,
2026-07-08,PREFIXADO,IDkA Pré 3M,7656.596278,0.0515,0.2464,7.0552,14.6947,0.1327,13.8630,13.8633,
2026-07-08,PREFIXADO,IDkA Pré 1A,8573.057922,-0.0347,0.1308,6.2807,13.7982,1.4134,13.8721,13.9707,
2026-07-08,PREFIXADO,IDkA Pré 2A,9726.147273,-0.1268,-0.0846,4.7672,12.2327,4.2008,14.1107,14.2132,
2026-07-08,PREFIXADO,IDkA Pré 3A,10404.481059,-0.1634,-0.3126,3.7788,10.8590,6.8296,14.3195,14.4022,
2026-07-08,PREFIXADO,IDkA Pré 5A,10933.071045,-0.2104,-0.7174,3.0234,9.1683,11.1173,14.5027,14.5633,
2026-07-08,IPCA,IDkA IPCA 2A,10649.417217,0.0114,0.3839,6.6584,12.5387,2.4226,8.5160,8.5356,
2026-07-08,IPCA,IDkA IPCA 3A,10955.470439,0.0169,0.3625,5.6076,10.7488,4.1981,8.5412,8.5523,
2026-07-08,IPCA,IDkA IPCA 5A,10728.793380,0.0978,0.2057,4.0399,7.9123,7.3035,8.4244,8.4134,
2026-07-08,IPCA,IDkA IPCA 10A,10550.307900,0.3766,0.4232,1.9589,5.0700,11.8684,7.9096,7.8739,
2026-07-08,IPCA,IDkA IPCA 15A,11497.267809,0.5530,1.4355,1.4208,4.1452,15.4165,7.5722,7.5358,
2026-07-08,IPCA,IDkA IPCA 20A,12991.475921,0.6769,2.6806,1.2205,3.4227,19.5388,7.3803,7.3464,
2026-07-08,IPCA,IDkA IPCA 30A,16984.894422,0.8946,5.2950,0.9623,2.0743,29.0552,7.1835,7.1532,
2026-07-09,PREFIXADO,IDkA Pré 3M,7660.737272,0.0541,0.3006,7.1131,14.6967,0.1312,13.8634,13.8516,
2026-07-09,PREFIXADO,IDkA Pré 1A,8576.451366,0.0396,0.1704,6.3228,13.7635,1.3867,13.9716,13.9857,
2026-07-09,PREFIXADO,IDkA Pré 2A,9722.746489,-0.0350,-0.1195,4.7306,12.0806,4.1961,14.2141,14.2643,
2026-07-09,PREFIXADO,IDkA Pré 3A,10390.841751,-0.1311,-0.4433,3.6428,10.6108,6.8562,14.4028,14.4733,
2026-07-09,PREFIXADO,IDkA Pré 5A,10905.164133,-0.2553,-0.9708,2.7605,8.9112,11.1790,14.5634,14.6344,
2026-07-09,IPCA,IDkA IPCA 2A,10656.434327,0.0659,0.4500,6.7287,12.6454,2.4158,8.5357,8.5257,
2026-07-09,IPCA,IDkA IPCA 3A,10963.463417,0.0730,0.4357,5.6847,10.9345,4.1810,8.5522,8.5430,
2026-07-09,IPCA,IDkA IPCA 5A,10737.550970,0.0816,0.2875,4.1248,8.2581,7.2854,8.4130,8.4055,
2026-07-09,IPCA,IDkA IPCA 10A,10550.368291,0.0006,0.4238,1.9595,5.5668,11.8734,7.8735,7.8783,
2026-07-09,IPCA,IDkA IPCA 15A,11477.631740,-0.1708,1.2623,1.2476,4.6307,15.4523,7.5356,7.5510,
2026-07-09,IPCA,IDkA IPCA 20A,12943.928746,-0.3660,2.3048,0.8501,3.8754,19.6208,7.3463,7.3683,
2026-07-09,IPCA,IDkA IPCA 30A,16855.672043,-0.7608,4.4939,0.1942,2.4712,29.2433,7.1531,7.1819,
2026-07-10,PREFIXADO,IDkA Pré 3M,7664.635565,0.0509,0.3517,7.1676,14.6915,0.1318,13.8517,13.8545,
2026-07-10,PREFIXADO,IDkA Pré 1A,8588.690521,0.1427,0.3134,6.4745,13.8557,1.4022,13.9867,13.8830,
2026-07-10,PREFIXADO,IDkA Pré 2A,9749.544194,0.2756,0.1557,5.0193,12.3030,4.2300,14.2653,14.1381,
2026-07-10,PREFIXADO,IDkA Pré 3A,10424.985049,0.3286,-0.1162,3.9834,10.9039,6.8831,14.4739,14.3691,
2026-07-10,PREFIXADO,IDkA Pré 5A,10930.021889,0.2279,-0.7451,2.9947,9.2170,11.1679,14.6345,14.5947,
2026-07-10,IPCA,IDkA IPCA 2A,10677.038460,0.1933,0.6443,6.9350,12.9999,2.4602,8.5259,8.4467,
2026-07-10,IPCA,IDkA IPCA 3A,10994.690807,0.2848,0.7218,5.9857,11.4553,4.2396,8.5430,8.4572,
2026-07-10,IPCA,IDkA IPCA 5A,10780.155882,0.3968,0.6854,4.5380,9.0069,7.3396,8.4051,8.3294,
2026-07-10,IPCA,IDkA IPCA 10A,10586.374448,0.3413,0.7665,2.3075,6.3396,11.7152,7.8780,7.8461,
2026-07-10,IPCA,IDkA IPCA 15A,11492.117453,0.1262,1.3901,1.3754,5.1683,14.9886,7.5508,7.5449,
2026-07-10,IPCA,IDkA IPCA 20A,12929.759973,-0.1095,2.1928,0.7397,4.1476,18.8881,7.3681,7.3763,
2026-07-10,IPCA,IDkA IPCA 30A,16756.998445,-0.5854,3.8822,-0.3923,2.2185,28.0719,7.1819,7.2044,
2026-07-13,PREFIXADO,IDkA Pré 3M,7668.884379,0.0554,0.4073,7.2270,14.6860,0.1291,13.8536,13.8354,
2026-07-13,PREFIXADO,IDkA Pré 1A,8604.719788,0.1866,0.5006,6.6732,14.1078,1.2407,13.8838,13.7297,
2026-07-13,PREFIXADO,IDkA Pré 2A,9790.361228,0.4187,0.5751,5.4589,13.0240,3.7885,14.1392,13.9305,
2026-07-13,PREFIXADO,IDkA Pré 3A,10488.462560,0.6089,0.4920,4.6165,12.0193,6.1653,14.3698,14.1586,
2026-07-13,PREFIXADO,IDkA Pré 5A,11026.538712,0.8830,0.1314,3.9042,10.8807,9.9827,14.5949,14.4058,
2026-07-13,IPCA,IDkA IPCA 2A,10686.508540,0.0887,0.7335,7.0299,13.2818,2.1293,8.4468,8.3447,
2026-07-13,IPCA,IDkA IPCA 3A,11015.971418,0.1936,0.9167,6.1908,11.9537,3.5386,8.4571,8.3512,
2026-07-13,IPCA,IDkA IPCA 5A,10813.368046,0.3081,0.9956,4.8600,9.6107,5.8915,8.3291,8.2408,
2026-07-13,IPCA,IDkA IPCA 10A,10626.144907,0.3757,1.1450,2.6918,6.7712,8.3423,7.8458,7.7944,
2026-07-13,IPCA,IDkA IPCA 15A,11546.319836,0.4716,1.8683,1.8535,5.5925,9.6145,7.5447,7.5036,
2026-07-13,IPCA,IDkA IPCA 20A,13008.155285,0.6063,2.8124,1.3505,4.6653,11.8630,7.3762,7.3382,
2026-07-13,IPCA,IDkA IPCA 30A,16908.616052,0.9048,4.8221,0.5089,2.9730,18.4773,7.2043,7.1684,
2026-07-14,PREFIXADO,IDkA Pré 3M,7672.936172,0.0528,0.4604,7.2836,14.6805,0.1264,13.8335,13.8270,
2026-07-14,PREFIXADO,IDkA Pré 1A,8600.075820,-0.0540,0.4464,6.6157,14.0100,1.3249,13.7300,13.8500,
2026-07-14,PREFIXADO,IDkA Pré 2A,9766.286567,-0.2459,0.3277,5.1996,12.7249,3.9620,13.9314,14.1016,
2026-07-14,PREFIXADO,IDkA Pré 3A,10446.693184,-0.3982,0.0918,4.1999,11.5386,6.3345,14.1594,14.3316,
2026-07-14,PREFIXADO,IDkA Pré 5A,10961.688436,-0.5881,-0.4575,3.2931,10.0941,10.0413,14.4060,14.5534,
2026-07-14,IPCA,IDkA IPCA 2A,10683.578016,-0.0274,0.7059,7.0005,13.2547,2.0743,8.3448,8.3809,
2026-07-14,IPCA,IDkA IPCA 3A,11002.319542,-0.1239,0.7917,6.0592,11.8004,3.5402,8.3511,8.4101,
2026-07-14,IPCA,IDkA IPCA 5A,10781.027503,-0.2991,0.6936,4.5464,9.1363,5.9404,8.2405,8.3138,
2026-07-14,IPCA,IDkA IPCA 10A,10571.607476,-0.5132,0.6259,2.1648,5.7296,8.3020,7.7941,7.8536,
2026-07-14,IPCA,IDkA IPCA 15A,11483.014431,-0.5483,1.3098,1.2951,4.3042,9.3953,7.5035,7.5455,
2026-07-14,IPCA,IDkA IPCA 20A,12938.076143,-0.5387,2.2585,0.8045,3.2318,11.4967,7.3381,7.3690,
2026-07-14,IPCA,IDkA IPCA 30A,16823.843942,-0.5014,4.2966,0.0050,1.2938,17.9336,7.1684,7.1876,
