data_captura,data_referencia,data_referencia_pagina,indicador,categoria,valor,unidade
2026-06-01,2026-06-01,2026-06-01 16:09:00,Estimativa SELIC,Taxa de Juros,14.40,% a.a.
2026-06-01,2026-06-01,2026-06-01 16:09:00,Taxa SELIC (BC),Taxa de Juros,14.40,% a.a.
2026-06-01,2026-06-01,2026-06-01 16:09:00,DI-B3,Taxa de Juros,14.40,% a.a.
2026-06-01,2026-05-01,2026-06-01 16:09:00,IGP-M Número Índice,Índice de Preços,1229.904,índice
2026-06-01,2026-05-01,2026-06-01 16:09:00,IGP-M Var % mês,Índice de Preços,0.84,%
2026-06-01,2026-04-01,2026-06-01 16:09:00,IPCA Número Índice,Índice de Preços,7596.09,índice
2026-06-01,2026-04-01,2026-06-01 16:09:00,IPCA Var % mês,Índice de Preços,0.67,%
2026-06-01,2026-05-01,2026-06-01 16:09:00,IPCA Projeção,Índice de Preços,0.50,%
2026-06-01,2026-06-01,2026-06-01 16:09:00,Dólar Comercial Compra,Câmbio,5.0297,R$
2026-06-01,2026-06-01,2026-06-01 16:09:00,Dólar Comercial Venda,Câmbio,5.0303,R$
2026-06-01,2026-06-01,2026-06-01 16:09:00,Euro Compra,Câmbio,5.8455,R$
2026-06-01,2026-06-01,2026-06-01 16:09:00,Euro Venda,Câmbio,5.8472,R$
2026-06-01,2026-06-01,2026-06-01 16:09:00,TR,Taxa de Referência,0.1690,% mês
2026-06-01,2026-06-01,2026-06-01 16:09:00,TBF,Taxa de Referência,0.9962,% mês
2026-06-01,2026-06-01,2026-06-01 16:09:00,FDS (registro 1),FDS,0.088584,R$ cota
2026-06-01,2026-06-01,2026-06-01 16:09:00,FDS (registro 2),FDS,0.088584,R$ cota
2026-06-01,2026-06-01,2026-06-01 16:09:00,IGP-M Projeção,Índice de Preços,0.40,%
2026-06-02,2026-06-02,2026-06-02 18:25:00,Estimativa SELIC,Taxa de Juros,14.40,% a.a.
2026-06-02,2026-06-02,2026-06-02 18:25:00,Taxa SELIC (BC),Taxa de Juros,14.40,% a.a.
2026-06-02,2026-06-02,2026-06-02 18:25:00,DI-B3,Taxa de Juros,14.40,% a.a.
2026-06-02,2026-05-01,2026-06-02 18:25:00,IGP-M Número Índice,Índice de Preços,1229.904,índice
2026-06-02,2026-05-01,2026-06-02 18:25:00,IGP-M Var % mês,Índice de Preços,0.84,%
2026-06-02,2026-04-01,2026-06-02 18:25:00,IPCA Número Índice,Índice de Preços,7596.09,índice
2026-06-02,2026-04-01,2026-06-02 18:25:00,IPCA Var % mês,Índice de Preços,0.67,%
2026-06-02,2026-05-01,2026-06-02 18:25:00,IPCA Projeção,Índice de Preços,0.50,%
2026-06-02,2026-06-02,2026-06-02 18:25:00,Dólar Comercial Compra,Câmbio,5.0154,R$
2026-06-02,2026-06-02,2026-06-02 18:25:00,Dólar Comercial Venda,Câmbio,5.0160,R$
2026-06-02,2026-06-02,2026-06-02 18:25:00,Euro Compra,Câmbio,5.8379,R$
2026-06-02,2026-06-02,2026-06-02 18:25:00,Euro Venda,Câmbio,5.8396,R$
2026-06-02,2026-06-01,2026-06-02 18:25:00,TR,Taxa de Referência,0.1709,% mês
2026-06-02,2026-06-01,2026-06-02 18:25:00,TBF,Taxa de Referência,1.0460,% mês
2026-06-02,2026-06-02,2026-06-02 18:25:00,FDS (registro 1),FDS,0.088624,R$ cota
2026-06-02,2026-06-01,2026-06-02 18:25:00,FDS (registro 2),FDS,0.088584,R$ cota
2026-06-02,2026-06-01,2026-06-02 18:25:00,IGP-M Projeção,Índice de Preços,0.40,%
2026-06-03,2026-06-03,2026-06-03 15:37:00,Estimativa SELIC,Taxa de Juros,14.40,% a.a.
2026-06-03,2026-06-03,2026-06-03 15:37:00,Taxa SELIC (BC),Taxa de Juros,14.40,% a.a.
2026-06-03,2026-06-03,2026-06-03 15:37:00,DI-B3,Taxa de Juros,14.40,% a.a.
2026-06-03,2026-05-01,2026-06-03 15:37:00,IGP-M Número Índice,Índice de Preços,1229.904,índice
2026-06-03,2026-05-01,2026-06-03 15:37:00,IGP-M Var % mês,Índice de Preços,0.84,%
2026-06-03,2026-06-01,2026-06-03 15:37:00,IGP-M Projeção,Índice de Preços,0.40,%
2026-06-03,2026-04-01,2026-06-03 15:37:00,IPCA Número Índice,Índice de Preços,7596.09,índice
2026-06-03,2026-04-01,2026-06-03 15:37:00,IPCA Var % mês,Índice de Preços,0.67,%
2026-06-03,2026-05-01,2026-06-03 15:37:00,IPCA Projeção,Índice de Preços,0.50,%
2026-06-03,2026-06-03,2026-06-03 15:37:00,Dólar Comercial Compra,Câmbio,5.0409,R$
2026-06-03,2026-06-03,2026-06-03 15:37:00,Dólar Comercial Venda,Câmbio,5.0415,R$
2026-06-03,2026-06-03,2026-06-03 15:37:00,Euro Compra,Câmbio,5.8500,R$
2026-06-03,2026-06-03,2026-06-03 15:37:00,Euro Venda,Câmbio,5.8512,R$
2026-06-03,2026-06-02,2026-06-03 15:37:00,TR,Taxa de Referência,0.1708,% mês
2026-06-03,2026-06-02,2026-06-03 15:37:00,TBF,Taxa de Referência,1.0451,% mês
2026-06-03,2026-06-03,2026-06-03 15:37:00,FDS (registro 1),FDS,0.088665,R$ cota
2026-06-03,2026-06-02,2026-06-03 15:37:00,FDS (registro 2),FDS,0.088624,R$ cota
2026-06-04,2026-06-03,2026-06-03 15:37:00,Estimativa SELIC,Taxa de Juros,14.40,% a.a.
2026-06-04,2026-06-03,2026-06-03 15:37:00,Taxa SELIC (BC),Taxa de Juros,14.40,% a.a.
2026-06-04,2026-06-03,2026-06-03 15:37:00,DI-B3,Taxa de Juros,14.40,% a.a.
2026-06-04,2026-05-01,2026-06-03 15:37:00,IGP-M Número Índice,Índice de Preços,1229.904,índice
2026-06-04,2026-05-01,2026-06-03 15:37:00,IGP-M Var % mês,Índice de Preços,0.84,%
2026-06-04,2026-06-01,2026-06-03 15:37:00,IGP-M Projeção,Índice de Preços,0.40,%
2026-06-04,2026-04-01,2026-06-03 15:37:00,IPCA Número Índice,Índice de Preços,7596.09,índice
2026-06-04,2026-04-01,2026-06-03 15:37:00,IPCA Var % mês,Índice de Preços,0.67,%
2026-06-04,2026-05-01,2026-06-03 15:37:00,IPCA Projeção,Índice de Preços,0.50,%
2026-06-04,2026-06-03,2026-06-03 15:37:00,Dólar Comercial Compra,Câmbio,5.0409,R$
2026-06-04,2026-06-03,2026-06-03 15:37:00,Dólar Comercial Venda,Câmbio,5.0415,R$
2026-06-04,2026-06-03,2026-06-03 15:37:00,Euro Compra,Câmbio,5.8500,R$
2026-06-04,2026-06-03,2026-06-03 15:37:00,Euro Venda,Câmbio,5.8512,R$
2026-06-04,2026-06-02,2026-06-03 15:37:00,TR,Taxa de Referência,0.1708,% mês
2026-06-04,2026-06-02,2026-06-03 15:37:00,TBF,Taxa de Referência,1.0451,% mês
2026-06-04,2026-06-03,2026-06-03 15:37:00,FDS (registro 1),FDS,0.088665,R$ cota
2026-06-04,2026-06-02,2026-06-03 15:37:00,FDS (registro 2),FDS,0.088624,R$ cota
2026-06-05,2026-06-05,2026-06-05 19:42:00,Estimativa SELIC,Taxa de Juros,14.40,% a.a.
2026-06-05,2026-06-05,2026-06-05 19:42:00,Taxa SELIC (BC),Taxa de Juros,14.40,% a.a.
2026-06-05,2026-06-05,2026-06-05 19:42:00,DI-B3,Taxa de Juros,14.40,% a.a.
2026-06-05,2026-05-01,2026-06-05 19:42:00,IGP-M Número Índice,Índice de Preços,1229.904,índice
2026-06-05,2026-05-01,2026-06-05 19:42:00,IGP-M Var % mês,Índice de Preços,0.84,%
2026-06-05,2026-06-01,2026-06-05 19:42:00,IGP-M Projeção,Índice de Preços,0.40,%
2026-06-05,2026-04-01,2026-06-05 19:42:00,IPCA Número Índice,Índice de Preços,7596.09,índice
2026-06-05,2026-04-01,2026-06-05 19:42:00,IPCA Var % mês,Índice de Preços,0.67,%
2026-06-05,2026-05-01,2026-06-05 19:42:00,IPCA Projeção,Índice de Preços,0.50,%
2026-06-05,2026-06-05,2026-06-05 19:42:00,Dólar Comercial Compra,Câmbio,5.1238,R$
2026-06-05,2026-06-05,2026-06-05 19:42:00,Dólar Comercial Venda,Câmbio,5.1244,R$
2026-06-05,2026-06-05,2026-06-05 19:42:00,Euro Compra,Câmbio,5.9088,R$
2026-06-05,2026-06-05,2026-06-05 19:42:00,Euro Venda,Câmbio,5.9100,R$
2026-06-05,2026-06-03,2026-06-05 19:42:00,TR,Taxa de Referência,0.1708,% mês
2026-06-05,2026-06-03,2026-06-05 19:42:00,TBF,Taxa de Referência,1.0442,% mês
2026-06-05,2026-06-05,2026-06-05 19:42:00,FDS (registro 1),FDS,0.088706,R$ cota
2026-06-05,2026-06-03,2026-06-05 19:42:00,FDS (registro 2),FDS,0.088665,R$ cota
2026-06-06,2026-06-05,2026-06-05 19:42:00,Estimativa SELIC,Taxa de Juros,14.40,% a.a.
2026-06-06,2026-06-05,2026-06-05 19:42:00,Taxa SELIC (BC),Taxa de Juros,14.40,% a.a.
2026-06-06,2026-06-05,2026-06-05 19:42:00,DI-B3,Taxa de Juros,14.40,% a.a.
2026-06-06,2026-05-01,2026-06-05 19:42:00,IGP-M Número Índice,Índice de Preços,1229.904,índice
2026-06-06,2026-05-01,2026-06-05 19:42:00,IGP-M Var % mês,Índice de Preços,0.84,%
2026-06-06,2026-06-01,2026-06-05 19:42:00,IGP-M Projeção,Índice de Preços,0.40,%
2026-06-06,2026-04-01,2026-06-05 19:42:00,IPCA Número Índice,Índice de Preços,7596.09,índice
2026-06-06,2026-04-01,2026-06-05 19:42:00,IPCA Var % mês,Índice de Preços,0.67,%
2026-06-06,2026-05-01,2026-06-05 19:42:00,IPCA Projeção,Índice de Preços,0.50,%
2026-06-06,2026-06-05,2026-06-05 19:42:00,Dólar Comercial Compra,Câmbio,5.1238,R$
2026-06-06,2026-06-05,2026-06-05 19:42:00,Dólar Comercial Venda,Câmbio,5.1244,R$
2026-06-06,2026-06-05,2026-06-05 19:42:00,Euro Compra,Câmbio,5.9088,R$
2026-06-06,2026-06-05,2026-06-05 19:42:00,Euro Venda,Câmbio,5.9100,R$
2026-06-06,2026-06-03,2026-06-05 19:42:00,TR,Taxa de Referência,0.1708,% mês
2026-06-06,2026-06-03,2026-06-05 19:42:00,TBF,Taxa de Referência,1.0442,% mês
2026-06-06,2026-06-05,2026-06-05 19:42:00,FDS (registro 1),FDS,0.088706,R$ cota
2026-06-06,2026-06-03,2026-06-05 19:42:00,FDS (registro 2),FDS,0.088665,R$ cota
2026-06-08,2026-06-08,2026-06-08 16:21:00,Estimativa SELIC,Taxa de Juros,14.40,% a.a.
2026-06-08,2026-06-08,2026-06-08 16:21:00,Taxa SELIC (BC),Taxa de Juros,14.40,% a.a.
2026-06-08,2026-06-08,2026-06-08 16:21:00,DI-B3,Taxa de Juros,14.40,% a.a.
2026-06-08,2026-05-01,2026-06-08 16:21:00,IGP-M Número Índice,Índice de Preços,1229.904,índice
2026-06-08,2026-05-01,2026-06-08 16:21:00,IGP-M Var % mês,Índice de Preços,0.84,%
2026-06-08,2026-06-01,2026-06-08 16:21:00,IGP-M Projeção,Índice de Preços,0.40,%
2026-06-08,2026-04-01,2026-06-08 16:21:00,IPCA Número Índice,Índice de Preços,7596.09,índice
2026-06-08,2026-04-01,2026-06-08 16:21:00,IPCA Var % mês,Índice de Preços,0.67,%
2026-06-08,2026-05-01,2026-06-08 16:21:00,IPCA Projeção,Índice de Preços,0.50,%
2026-06-08,2026-06-08,2026-06-08 16:21:00,Dólar Comercial Compra,Câmbio,5.1689,R$
2026-06-08,2026-06-08,2026-06-08 16:21:00,Dólar Comercial Venda,Câmbio,5.1695,R$
2026-06-08,2026-06-08,2026-06-08 16:21:00,Euro Compra,Câmbio,5.9665,R$
2026-06-08,2026-06-08,2026-06-08 16:21:00,Euro Venda,Câmbio,5.9682,R$
2026-06-08,2026-06-05,2026-06-08 16:21:00,TR,Taxa de Referência,0.1708,% mês
2026-06-08,2026-06-05,2026-06-08 16:21:00,TBF,Taxa de Referência,1.0452,% mês
2026-06-08,2026-06-08,2026-06-08 16:21:00,FDS (registro 1),FDS,0.088746,R$ cota
2026-06-08,2026-06-05,2026-06-08 16:21:00,FDS (registro 2),FDS,0.088706,R$ cota
2026-06-09,2026-06-09,2026-06-09 16:32:00,Estimativa SELIC,Taxa de Juros,14.40,% a.a.
2026-06-09,2026-06-09,2026-06-09 16:32:00,Taxa SELIC (BC),Taxa de Juros,14.40,% a.a.
2026-06-09,2026-06-09,2026-06-09 16:32:00,DI-B3,Taxa de Juros,14.40,% a.a.
2026-06-09,2026-05-01,2026-06-09 16:32:00,IGP-M Número Índice,Índice de Preços,1229.904,índice
2026-06-09,2026-05-01,2026-06-09 16:32:00,IGP-M Var % mês,Índice de Preços,0.84,%
2026-06-09,2026-06-01,2026-06-09 16:32:00,IGP-M Projeção,Índice de Preços,0.40,%
2026-06-09,2026-04-01,2026-06-09 16:32:00,IPCA Número Índice,Índice de Preços,7596.09,índice
2026-06-09,2026-04-01,2026-06-09 16:32:00,IPCA Var % mês,Índice de Preços,0.67,%
2026-06-09,2026-05-01,2026-06-09 16:32:00,IPCA Projeção,Índice de Preços,0.50,%
2026-06-09,2026-06-09,2026-06-09 16:32:00,Dólar Comercial Compra,Câmbio,5.1687,R$
2026-06-09,2026-06-09,2026-06-09 16:32:00,Dólar Comercial Venda,Câmbio,5.1693,R$
2026-06-09,2026-06-09,2026-06-09 16:32:00,Euro Compra,Câmbio,5.9724,R$
2026-06-09,2026-06-09,2026-06-09 16:32:00,Euro Venda,Câmbio,5.9742,R$
2026-06-09,2026-06-08,2026-06-09 16:32:00,TR,Taxa de Referência,0.1726,% mês
2026-06-09,2026-06-08,2026-06-09 16:32:00,TBF,Taxa de Referência,1.0920,% mês
2026-06-09,2026-06-09,2026-06-09 16:32:00,FDS (registro 1),FDS,0.088787,R$ cota
2026-06-09,2026-06-08,2026-06-09 16:32:00,FDS (registro 2),FDS,0.088746,R$ cota
2026-06-10,2026-06-10,2026-06-10 15:22:00,Estimativa SELIC,Taxa de Juros,14.40,% a.a.
2026-06-10,2026-06-10,2026-06-10 15:22:00,Taxa SELIC (BC),Taxa de Juros,14.40,% a.a.
2026-06-10,2026-06-10,2026-06-10 15:22:00,DI-B3,Taxa de Juros,14.40,% a.a.
2026-06-10,2026-05-01,2026-06-10 15:22:00,IGP-M Número Índice,Índice de Preços,1229.904,índice
2026-06-10,2026-05-01,2026-06-10 15:22:00,IGP-M Var % mês,Índice de Preços,0.84,%
2026-06-10,2026-06-01,2026-06-10 15:22:00,IGP-M Projeção,Índice de Preços,0.40,%
2026-06-10,2026-04-01,2026-06-10 15:22:00,IPCA Número Índice,Índice de Preços,7596.09,índice
2026-06-10,2026-04-01,2026-06-10 15:22:00,IPCA Var % mês,Índice de Preços,0.67,%
2026-06-10,2026-05-01,2026-06-10 15:22:00,IPCA Projeção,Índice de Preços,0.50,%
2026-06-10,2026-06-10,2026-06-10 15:22:00,Dólar Comercial Compra,Câmbio,5.1757,R$
2026-06-10,2026-06-10,2026-06-10 15:22:00,Dólar Comercial Venda,Câmbio,5.1763,R$
2026-06-10,2026-06-10,2026-06-10 15:22:00,Euro Compra,Câmbio,5.9774,R$
2026-06-10,2026-06-10,2026-06-10 15:22:00,Euro Venda,Câmbio,5.9791,R$
2026-06-10,2026-06-09,2026-06-10 15:22:00,TR,Taxa de Referência,0.1726,% mês
2026-06-10,2026-06-09,2026-06-10 15:22:00,TBF,Taxa de Referência,1.0921,% mês
2026-06-10,2026-06-10,2026-06-10 15:22:00,FDS (registro 1),FDS,0.088828,R$ cota
2026-06-10,2026-06-09,2026-06-10 15:22:00,FDS (registro 2),FDS,0.088787,R$ cota
2026-06-11,2026-06-11,2026-06-11 16:45:00,Estimativa SELIC,Taxa de Juros,14.40,% a.a.
2026-06-11,2026-06-11,2026-06-11 16:45:00,Taxa SELIC (BC),Taxa de Juros,14.40,% a.a.
2026-06-11,2026-06-11,2026-06-11 16:45:00,DI-B3,Taxa de Juros,14.40,% a.a.
2026-06-11,2026-05-01,2026-06-11 16:45:00,IGP-M Número Índice,Índice de Preços,1229.904,índice
2026-06-11,2026-05-01,2026-06-11 16:45:00,IGP-M Var % mês,Índice de Preços,0.84,%
2026-06-11,2026-06-01,2026-06-11 16:45:00,IGP-M Projeção,Índice de Preços,0.40,%
2026-06-11,2026-04-01,2026-06-11 16:45:00,IPCA Número Índice,Índice de Preços,7596.09,índice
2026-06-11,2026-04-01,2026-06-11 16:45:00,IPCA Var % mês,Índice de Preços,0.67,%
2026-06-11,2026-05-01,2026-06-11 16:45:00,IPCA Projeção,Índice de Preços,0.50,%
2026-06-11,2026-06-11,2026-06-11 16:45:00,Dólar Comercial Compra,Câmbio,5.1472,R$
2026-06-11,2026-06-11,2026-06-11 16:45:00,Dólar Comercial Venda,Câmbio,5.1478,R$
2026-06-11,2026-06-11,2026-06-11 16:45:00,Euro Compra,Câmbio,5.9265,R$
2026-06-11,2026-06-11,2026-06-11 16:45:00,Euro Venda,Câmbio,5.9277,R$
2026-06-11,2026-06-10,2026-06-11 16:45:00,TR,Taxa de Referência,0.1725,% mês
2026-06-11,2026-06-10,2026-06-11 16:45:00,TBF,Taxa de Referência,1.0906,% mês
2026-06-11,2026-06-11,2026-06-11 16:45:00,FDS (registro 1),FDS,0.088868,R$ cota
2026-06-11,2026-06-10,2026-06-11 16:45:00,FDS (registro 2),FDS,0.088828,R$ cota
2026-06-12,2026-06-12,2026-06-12 18:20:00,Estimativa SELIC,Taxa de Juros,14.40,% a.a.
2026-06-12,2026-06-12,2026-06-12 18:20:00,Taxa SELIC (BC),Taxa de Juros,14.40,% a.a.
2026-06-12,2026-06-12,2026-06-12 18:20:00,DI-B3,Taxa de Juros,14.40,% a.a.
2026-06-12,2026-05-01,2026-06-12 18:20:00,IGP-M Número Índice,Índice de Preços,1229.904,índice
2026-06-12,2026-05-01,2026-06-12 18:20:00,IGP-M Var % mês,Índice de Preços,0.84,%
2026-06-12,2026-06-01,2026-06-12 18:20:00,IGP-M Projeção,Índice de Preços,0.41,%
2026-06-12,2026-05-01,2026-06-12 18:20:00,IPCA Número Índice,Índice de Preços,7640.15,índice
2026-06-12,2026-05-01,2026-06-12 18:20:00,IPCA Var % mês,Índice de Preços,0.58,%
2026-06-12,2026-06-01,2026-06-12 18:20:00,IPCA Projeção,Índice de Preços,0.34,%
2026-06-12,2026-06-12,2026-06-12 18:20:00,Dólar Comercial Compra,Câmbio,5.0821,R$
2026-06-12,2026-06-12,2026-06-12 18:20:00,Dólar Comercial Venda,Câmbio,5.0827,R$
2026-06-12,2026-06-12,2026-06-12 18:20:00,Euro Compra,Câmbio,5.8810,R$
2026-06-12,2026-06-12,2026-06-12 18:20:00,Euro Venda,Câmbio,5.8827,R$
2026-06-12,2026-06-11,2026-06-12 18:20:00,TR,Taxa de Referência,0.1725,% mês
2026-06-12,2026-06-11,2026-06-12 18:20:00,TBF,Taxa de Referência,1.0897,% mês
2026-06-12,2026-06-12,2026-06-12 18:20:00,FDS (registro 1),FDS,0.088909,R$ cota
2026-06-12,2026-06-11,2026-06-12 18:20:00,FDS (registro 2),FDS,0.088868,R$ cota
2026-06-13,2026-06-12,2026-06-12 18:20:00,Estimativa SELIC,Taxa de Juros,14.40,% a.a.
2026-06-13,2026-06-12,2026-06-12 18:20:00,Taxa SELIC (BC),Taxa de Juros,14.40,% a.a.
2026-06-13,2026-06-12,2026-06-12 18:20:00,DI-B3,Taxa de Juros,14.40,% a.a.
2026-06-13,2026-05-01,2026-06-12 18:20:00,IGP-M Número Índice,Índice de Preços,1229.904,índice
2026-06-13,2026-05-01,2026-06-12 18:20:00,IGP-M Var % mês,Índice de Preços,0.84,%
2026-06-13,2026-06-01,2026-06-12 18:20:00,IGP-M Projeção,Índice de Preços,0.41,%
2026-06-13,2026-05-01,2026-06-12 18:20:00,IPCA Número Índice,Índice de Preços,7640.15,índice
2026-06-13,2026-05-01,2026-06-12 18:20:00,IPCA Var % mês,Índice de Preços,0.58,%
2026-06-13,2026-06-01,2026-06-12 18:20:00,IPCA Projeção,Índice de Preços,0.34,%
2026-06-13,2026-06-12,2026-06-12 18:20:00,Dólar Comercial Compra,Câmbio,5.0821,R$
2026-06-13,2026-06-12,2026-06-12 18:20:00,Dólar Comercial Venda,Câmbio,5.0827,R$
2026-06-13,2026-06-12,2026-06-12 18:20:00,Euro Compra,Câmbio,5.8810,R$
2026-06-13,2026-06-12,2026-06-12 18:20:00,Euro Venda,Câmbio,5.8827,R$
2026-06-13,2026-06-11,2026-06-12 18:20:00,TR,Taxa de Referência,0.1725,% mês
2026-06-13,2026-06-11,2026-06-12 18:20:00,TBF,Taxa de Referência,1.0897,% mês
2026-06-13,2026-06-12,2026-06-12 18:20:00,FDS (registro 1),FDS,0.088909,R$ cota
2026-06-13,2026-06-11,2026-06-12 18:20:00,FDS (registro 2),FDS,0.088868,R$ cota
2026-06-15,2026-06-15,2026-06-15 18:42:00,Estimativa SELIC,Taxa de Juros,14.40,% a.a.
2026-06-15,2026-06-15,2026-06-15 18:42:00,Taxa SELIC (BC),Taxa de Juros,14.40,% a.a.
2026-06-15,2026-06-15,2026-06-15 18:42:00,DI-B3,Taxa de Juros,14.40,% a.a.
2026-06-15,2026-05-01,2026-06-15 18:42:00,IGP-M Número Índice,Índice de Preços,1229.904,índice
2026-06-15,2026-05-01,2026-06-15 18:42:00,IGP-M Var % mês,Índice de Preços,0.84,%
2026-06-15,2026-06-01,2026-06-15 18:42:00,IGP-M Projeção,Índice de Preços,0.41,%
2026-06-15,2026-05-01,2026-06-15 18:42:00,IPCA Número Índice,Índice de Preços,7640.15,índice
2026-06-15,2026-05-01,2026-06-15 18:42:00,IPCA Var % mês,Índice de Preços,0.58,%
2026-06-15,2026-06-01,2026-06-15 18:42:00,IPCA Projeção,Índice de Preços,0.34,%
2026-06-15,2026-06-15,2026-06-15 18:42:00,Dólar Comercial Compra,Câmbio,5.0424,R$
2026-06-15,2026-06-15,2026-06-15 18:42:00,Dólar Comercial Venda,Câmbio,5.0430,R$
2026-06-15,2026-06-15,2026-06-15 18:42:00,Euro Compra,Câmbio,5.8482,R$
2026-06-15,2026-06-15,2026-06-15 18:42:00,Euro Venda,Câmbio,5.8494,R$
2026-06-15,2026-06-12,2026-06-15 18:42:00,TR,Taxa de Referência,0.1706,% mês
2026-06-15,2026-06-12,2026-06-15 18:42:00,TBF,Taxa de Referência,1.0381,% mês
2026-06-15,2026-06-15,2026-06-15 18:42:00,FDS (registro 1),FDS,0.088950,R$ cota
2026-06-15,2026-06-12,2026-06-15 18:42:00,FDS (registro 2),FDS,0.088909,R$ cota
2026-06-16,2026-06-16,2026-06-16 16:58:00,Estimativa SELIC,Taxa de Juros,14.40,% a.a.
2026-06-16,2026-06-16,2026-06-16 16:58:00,Taxa SELIC (BC),Taxa de Juros,14.40,% a.a.
2026-06-16,2026-06-16,2026-06-16 16:58:00,DI-B3,Taxa de Juros,14.40,% a.a.
2026-06-16,2026-05-01,2026-06-16 16:58:00,IGP-M Número Índice,Índice de Preços,1229.904,índice
2026-06-16,2026-05-01,2026-06-16 16:58:00,IGP-M Var % mês,Índice de Preços,0.84,%
2026-06-16,2026-06-01,2026-06-16 16:58:00,IGP-M Projeção,Índice de Preços,0.41,%
2026-06-16,2026-05-01,2026-06-16 16:58:00,IPCA Número Índice,Índice de Preços,7640.15,índice
2026-06-16,2026-05-01,2026-06-16 16:58:00,IPCA Var % mês,Índice de Preços,0.58,%
2026-06-16,2026-06-01,2026-06-16 16:58:00,IPCA Projeção,Índice de Preços,0.34,%
2026-06-16,2026-06-16,2026-06-16 16:58:00,Dólar Comercial Compra,Câmbio,5.0774,R$
2026-06-16,2026-06-16,2026-06-16 16:58:00,Dólar Comercial Venda,Câmbio,5.0780,R$
2026-06-16,2026-06-16,2026-06-16 16:58:00,Euro Compra,Câmbio,5.8969,R$
2026-06-16,2026-06-16,2026-06-16 16:58:00,Euro Venda,Câmbio,5.8981,R$
2026-06-16,2026-06-15,2026-06-16 16:58:00,TR,Taxa de Referência,0.1722,% mês
2026-06-16,2026-06-15,2026-06-16 16:58:00,TBF,Taxa de Referência,1.0825,% mês
2026-06-16,2026-06-16,2026-06-16 16:58:00,FDS (registro 1),FDS,0.088990,R$ cota
2026-06-16,2026-06-15,2026-06-16 16:58:00,FDS (registro 2),FDS,0.088950,R$ cota
2026-06-17,2026-06-17,2026-06-17 17:11:00,Estimativa SELIC,Taxa de Juros,14.40,% a.a.
2026-06-17,2026-06-17,2026-06-17 17:11:00,Taxa SELIC (BC),Taxa de Juros,14.40,% a.a.
2026-06-17,2026-06-17,2026-06-17 17:11:00,DI-B3,Taxa de Juros,14.40,% a.a.
2026-06-17,2026-05-01,2026-06-17 17:11:00,IGP-M Número Índice,Índice de Preços,1229.904,índice
2026-06-17,2026-05-01,2026-06-17 17:11:00,IGP-M Var % mês,Índice de Preços,0.84,%
2026-06-17,2026-06-01,2026-06-17 17:11:00,IGP-M Projeção,Índice de Preços,0.41,%
2026-06-17,2026-05-01,2026-06-17 17:11:00,IPCA Número Índice,Índice de Preços,7640.15,índice
2026-06-17,2026-05-01,2026-06-17 17:11:00,IPCA Var % mês,Índice de Preços,0.58,%
2026-06-17,2026-06-01,2026-06-17 17:11:00,IPCA Projeção,Índice de Preços,0.34,%
2026-06-17,2026-06-17,2026-06-17 17:11:00,Dólar Comercial Compra,Câmbio,5.0635,R$
2026-06-17,2026-06-17,2026-06-17 17:11:00,Dólar Comercial Venda,Câmbio,5.0641,R$
2026-06-17,2026-06-17,2026-06-17 17:11:00,Euro Compra,Câmbio,5.8696,R$
2026-06-17,2026-06-17,2026-06-17 17:11:00,Euro Venda,Câmbio,5.8713,R$
2026-06-17,2026-06-16,2026-06-17 17:11:00,TR,Taxa de Referência,0.1720,% mês
2026-06-17,2026-06-16,2026-06-17 17:11:00,TBF,Taxa de Referência,1.0762,% mês
2026-06-17,2026-06-17,2026-06-17 17:11:00,FDS (registro 1),FDS,0.089031,R$ cota
2026-06-17,2026-06-16,2026-06-17 17:11:00,FDS (registro 2),FDS,0.088990,R$ cota
2026-06-18,2026-06-18,2026-06-18 17:21:00,Estimativa SELIC,Taxa de Juros,14.15,% a.a.
2026-06-18,2026-06-18,2026-06-18 17:21:00,Taxa SELIC (BC),Taxa de Juros,14.25,% a.a.
2026-06-18,2026-06-18,2026-06-18 17:21:00,DI-B3,Taxa de Juros,14.40,% a.a.
2026-06-18,2026-05-01,2026-06-18 17:21:00,IGP-M Número Índice,Índice de Preços,1229.904,índice
2026-06-18,2026-05-01,2026-06-18 17:21:00,IGP-M Var % mês,Índice de Preços,0.84,%
2026-06-18,2026-06-01,2026-06-18 17:21:00,IGP-M Projeção,Índice de Preços,0.41,%
2026-06-18,2026-05-01,2026-06-18 17:21:00,IPCA Número Índice,Índice de Preços,7640.15,índice
2026-06-18,2026-05-01,2026-06-18 17:21:00,IPCA Var % mês,Índice de Preços,0.58,%
2026-06-18,2026-06-01,2026-06-18 17:21:00,IPCA Projeção,Índice de Preços,0.34,%
2026-06-18,2026-06-18,2026-06-18 17:21:00,Dólar Comercial Compra,Câmbio,5.1607,R$
2026-06-18,2026-06-18,2026-06-18 17:21:00,Dólar Comercial Venda,Câmbio,5.1613,R$
2026-06-18,2026-06-18,2026-06-18 17:21:00,Euro Compra,Câmbio,5.9183,R$
2026-06-18,2026-06-18,2026-06-18 17:21:00,Euro Venda,Câmbio,5.9205,R$
2026-06-18,2026-06-17,2026-06-18 17:21:00,TR,Taxa de Referência,0.1719,% mês
2026-06-18,2026-06-17,2026-06-18 17:21:00,TBF,Taxa de Referência,1.0728,% mês
2026-06-18,2026-06-18,2026-06-18 17:21:00,FDS (registro 1),FDS,0.089072,R$ cota
2026-06-18,2026-06-17,2026-06-18 17:21:00,FDS (registro 2),FDS,0.089031,R$ cota
2026-06-19,2026-06-19,2026-06-19 16:17:00,Estimativa SELIC,Taxa de Juros,14.15,% a.a.
2026-06-19,2026-06-19,2026-06-19 16:17:00,Taxa SELIC (BC),Taxa de Juros,14.15,% a.a.
2026-06-19,2026-06-19,2026-06-19 16:17:00,DI-B3,Taxa de Juros,14.15,% a.a.
2026-06-19,2026-05-01,2026-06-19 16:17:00,IGP-M Número Índice,Índice de Preços,1229.904,índice
2026-06-19,2026-05-01,2026-06-19 16:17:00,IGP-M Var % mês,Índice de Preços,0.84,%
2026-06-19,2026-06-01,2026-06-19 16:17:00,IGP-M Projeção,Índice de Preços,-0.40,%
2026-06-19,2026-05-01,2026-06-19 16:17:00,IPCA Número Índice,Índice de Preços,7640.15,índice
2026-06-19,2026-05-01,2026-06-19 16:17:00,IPCA Var % mês,Índice de Preços,0.58,%
2026-06-19,2026-06-01,2026-06-19 16:17:00,IPCA Projeção,Índice de Preços,0.34,%
2026-06-19,2026-06-19,2026-06-19 16:17:00,Dólar Comercial Compra,Câmbio,5.1436,R$
2026-06-19,2026-06-19,2026-06-19 16:17:00,Dólar Comercial Venda,Câmbio,5.1442,R$
2026-06-19,2026-06-19,2026-06-19 16:17:00,Euro Compra,Câmbio,5.8966,R$
2026-06-19,2026-06-19,2026-06-19 16:17:00,Euro Venda,Câmbio,5.8978,R$
2026-06-19,2026-06-18,2026-06-19 16:17:00,TR,Taxa de Referência,0.1717,% mês
2026-06-19,2026-06-18,2026-06-19 16:17:00,TBF,Taxa de Referência,1.0692,% mês
2026-06-19,2026-06-19,2026-06-19 16:17:00,FDS (registro 1),FDS,0.089112,R$ cota
2026-06-19,2026-06-18,2026-06-19 16:17:00,FDS (registro 2),FDS,0.089072,R$ cota
2026-06-20,2026-06-19,2026-06-19 16:17:00,Estimativa SELIC,Taxa de Juros,14.15,% a.a.
2026-06-20,2026-06-19,2026-06-19 16:17:00,Taxa SELIC (BC),Taxa de Juros,14.15,% a.a.
2026-06-20,2026-06-19,2026-06-19 16:17:00,DI-B3,Taxa de Juros,14.15,% a.a.
2026-06-20,2026-05-01,2026-06-19 16:17:00,IGP-M Número Índice,Índice de Preços,1229.904,índice
2026-06-20,2026-05-01,2026-06-19 16:17:00,IGP-M Var % mês,Índice de Preços,0.84,%
2026-06-20,2026-06-01,2026-06-19 16:17:00,IGP-M Projeção,Índice de Preços,-0.40,%
2026-06-20,2026-05-01,2026-06-19 16:17:00,IPCA Número Índice,Índice de Preços,7640.15,índice
2026-06-20,2026-05-01,2026-06-19 16:17:00,IPCA Var % mês,Índice de Preços,0.58,%
2026-06-20,2026-06-01,2026-06-19 16:17:00,IPCA Projeção,Índice de Preços,0.34,%
2026-06-20,2026-06-19,2026-06-19 16:17:00,Dólar Comercial Compra,Câmbio,5.1436,R$
2026-06-20,2026-06-19,2026-06-19 16:17:00,Dólar Comercial Venda,Câmbio,5.1442,R$
2026-06-20,2026-06-19,2026-06-19 16:17:00,Euro Compra,Câmbio,5.8966,R$
2026-06-20,2026-06-19,2026-06-19 16:17:00,Euro Venda,Câmbio,5.8978,R$
2026-06-20,2026-06-18,2026-06-19 16:17:00,TR,Taxa de Referência,0.1717,% mês
2026-06-20,2026-06-18,2026-06-19 16:17:00,TBF,Taxa de Referência,1.0692,% mês
2026-06-20,2026-06-19,2026-06-19 16:17:00,FDS (registro 1),FDS,0.089112,R$ cota
2026-06-20,2026-06-18,2026-06-19 16:17:00,FDS (registro 2),FDS,0.089072,R$ cota
2026-06-22,2026-06-22,2026-06-22 15:54:00,Estimativa SELIC,Taxa de Juros,14.15,% a.a.
2026-06-22,2026-06-22,2026-06-22 15:54:00,Taxa SELIC (BC),Taxa de Juros,14.15,% a.a.
2026-06-22,2026-06-22,2026-06-22 15:54:00,DI-B3,Taxa de Juros,14.15,% a.a.
2026-06-22,2026-05-01,2026-06-22 15:54:00,IGP-M Número Índice,Índice de Preços,1229.904,índice
2026-06-22,2026-05-01,2026-06-22 15:54:00,IGP-M Var % mês,Índice de Preços,0.84,%
2026-06-22,2026-06-01,2026-06-22 15:54:00,IGP-M Projeção,Índice de Preços,-0.40,%
2026-06-22,2026-05-01,2026-06-22 15:54:00,IPCA Número Índice,Índice de Preços,7640.15,índice
2026-06-22,2026-05-01,2026-06-22 15:54:00,IPCA Var % mês,Índice de Preços,0.58,%
2026-06-22,2026-06-01,2026-06-22 15:54:00,IPCA Projeção,Índice de Preços,0.34,%
2026-06-22,2026-06-22,2026-06-22 15:54:00,Dólar Comercial Compra,Câmbio,5.1389,R$
2026-06-22,2026-06-22,2026-06-22 15:54:00,Dólar Comercial Venda,Câmbio,5.1395,R$
2026-06-22,2026-06-22,2026-06-22 15:54:00,Euro Compra,Câmbio,5.8743,R$
2026-06-22,2026-06-22,2026-06-22 15:54:00,Euro Venda,Câmbio,5.8760,R$
2026-06-22,2026-06-19,2026-06-22 15:54:00,TR,Taxa de Referência,0.1699,% mês
2026-06-22,2026-06-19,2026-06-22 15:54:00,TBF,Taxa de Referência,1.0206,% mês
2026-06-22,2026-06-22,2026-06-22 15:54:00,FDS (registro 1),FDS,0.089152,R$ cota
2026-06-22,2026-06-19,2026-06-22 15:54:00,FDS (registro 2),FDS,0.089112,R$ cota
2026-06-23,2026-06-23,2026-06-23 16:19:00,Estimativa SELIC,Taxa de Juros,14.15,% a.a.
2026-06-23,2026-06-23,2026-06-23 16:19:00,Taxa SELIC (BC),Taxa de Juros,14.15,% a.a.
2026-06-23,2026-06-23,2026-06-23 16:19:00,DI-B3,Taxa de Juros,14.15,% a.a.
2026-06-23,2026-05-01,2026-06-23 16:19:00,IGP-M Número Índice,Índice de Preços,1229.904,índice
2026-06-23,2026-05-01,2026-06-23 16:19:00,IGP-M Var % mês,Índice de Preços,0.84,%
2026-06-23,2026-06-01,2026-06-23 16:19:00,IGP-M Projeção,Índice de Preços,-0.40,%
2026-06-23,2026-05-01,2026-06-23 16:19:00,IPCA Número Índice,Índice de Preços,7640.15,índice
2026-06-23,2026-05-01,2026-06-23 16:19:00,IPCA Var % mês,Índice de Preços,0.58,%
2026-06-23,2026-06-01,2026-06-23 16:19:00,IPCA Projeção,Índice de Preços,0.34,%
2026-06-23,2026-06-23,2026-06-23 16:19:00,Dólar Comercial Compra,Câmbio,5.1737,R$
2026-06-23,2026-06-23,2026-06-23 16:19:00,Dólar Comercial Venda,Câmbio,5.1743,R$
2026-06-23,2026-06-23,2026-06-23 16:19:00,Euro Compra,Câmbio,5.8887,R$
2026-06-23,2026-06-23,2026-06-23 16:19:00,Euro Venda,Câmbio,5.8904,R$
2026-06-23,2026-06-22,2026-06-23 16:19:00,TR,Taxa de Referência,0.1717,% mês
2026-06-23,2026-06-22,2026-06-23 16:19:00,TBF,Taxa de Referência,1.0690,% mês
2026-06-23,2026-06-23,2026-06-23 16:19:00,FDS (registro 1),FDS,0.089193,R$ cota
2026-06-23,2026-06-22,2026-06-23 16:19:00,FDS (registro 2),FDS,0.089152,R$ cota
2026-06-24,2026-06-24,2026-06-24 15:37:00,Estimativa SELIC,Taxa de Juros,14.15,% a.a.
2026-06-24,2026-06-24,2026-06-24 15:37:00,Taxa SELIC (BC),Taxa de Juros,14.15,% a.a.
2026-06-24,2026-06-24,2026-06-24 15:37:00,DI-B3,Taxa de Juros,14.15,% a.a.
2026-06-24,2026-05-01,2026-06-24 15:37:00,IGP-M Número Índice,Índice de Preços,1229.904,índice
2026-06-24,2026-05-01,2026-06-24 15:37:00,IGP-M Var % mês,Índice de Preços,0.84,%
2026-06-24,2026-06-01,2026-06-24 15:37:00,IGP-M Projeção,Índice de Preços,-0.40,%
2026-06-24,2026-05-01,2026-06-24 15:37:00,IPCA Número Índice,Índice de Preços,7640.15,índice
2026-06-24,2026-05-01,2026-06-24 15:37:00,IPCA Var % mês,Índice de Preços,0.58,%
2026-06-24,2026-06-01,2026-06-24 15:37:00,IPCA Projeção,Índice de Preços,0.34,%
2026-06-24,2026-06-24,2026-06-24 15:37:00,Dólar Comercial Compra,Câmbio,5.2092,R$
2026-06-24,2026-06-24,2026-06-24 15:37:00,Dólar Comercial Venda,Câmbio,5.2098,R$
2026-06-24,2026-06-24,2026-06-24 15:37:00,Euro Compra,Câmbio,5.9114,R$
2026-06-24,2026-06-24,2026-06-24 15:37:00,Euro Venda,Câmbio,5.9126,R$
2026-06-24,2026-06-23,2026-06-24 15:37:00,TR,Taxa de Referência,0.1716,% mês
2026-06-24,2026-06-23,2026-06-24 15:37:00,TBF,Taxa de Referência,1.0659,% mês
2026-06-24,2026-06-24,2026-06-24 15:37:00,FDS (registro 1),FDS,0.089233,R$ cota
2026-06-24,2026-06-23,2026-06-24 15:37:00,FDS (registro 2),FDS,0.089193,R$ cota
2026-06-25,2026-06-25,2026-06-25 15:32:00,Estimativa SELIC,Taxa de Juros,14.15,% a.a.
2026-06-25,2026-06-25,2026-06-25 15:32:00,Taxa SELIC (BC),Taxa de Juros,14.15,% a.a.
2026-06-25,2026-06-25,2026-06-25 15:32:00,DI-B3,Taxa de Juros,14.15,% a.a.
2026-06-25,2026-05-01,2026-06-25 15:32:00,IGP-M Número Índice,Índice de Preços,1229.904,índice
2026-06-25,2026-05-01,2026-06-25 15:32:00,IGP-M Var % mês,Índice de Preços,0.84,%
2026-06-25,2026-06-01,2026-06-25 15:32:00,IGP-M Projeção,Índice de Preços,-0.40,%
2026-06-25,2026-05-01,2026-06-25 15:32:00,IPCA Número Índice,Índice de Preços,7640.15,índice
2026-06-25,2026-05-01,2026-06-25 15:32:00,IPCA Var % mês,Índice de Preços,0.58,%
2026-06-25,2026-06-01,2026-06-25 15:32:00,IPCA Projeção,Índice de Preços,0.34,%
2026-06-25,2026-06-25,2026-06-25 15:32:00,Dólar Comercial Compra,Câmbio,5.1886,R$
2026-06-25,2026-06-25,2026-06-25 15:32:00,Dólar Comercial Venda,Câmbio,5.1892,R$
2026-06-25,2026-06-25,2026-06-25 15:32:00,Euro Compra,Câmbio,5.9062,R$
2026-06-25,2026-06-25,2026-06-25 15:32:00,Euro Venda,Câmbio,5.9079,R$
2026-06-25,2026-06-24,2026-06-25 15:32:00,TR,Taxa de Referência,0.1716,% mês
2026-06-25,2026-06-24,2026-06-25 15:32:00,TBF,Taxa de Referência,1.0646,% mês
2026-06-25,2026-06-25,2026-06-25 15:32:00,FDS (registro 1),FDS,0.089273,R$ cota
2026-06-25,2026-06-24,2026-06-25 15:32:00,FDS (registro 2),FDS,0.089233,R$ cota
2026-06-26,2026-06-26,2026-06-26 15:47:00,Estimativa SELIC,Taxa de Juros,14.15,% a.a.
2026-06-26,2026-06-26,2026-06-26 15:47:00,Taxa SELIC (BC),Taxa de Juros,14.15,% a.a.
2026-06-26,2026-06-26,2026-06-26 15:47:00,DI-B3,Taxa de Juros,14.15,% a.a.
2026-06-26,2026-05-01,2026-06-26 15:47:00,IGP-M Número Índice,Índice de Preços,1229.904,índice
2026-06-26,2026-05-01,2026-06-26 15:47:00,IGP-M Var % mês,Índice de Preços,0.84,%
2026-06-26,2026-06-01,2026-06-26 15:47:00,IGP-M Projeção,Índice de Preços,-0.40,%
2026-06-26,2026-05-01,2026-06-26 15:47:00,IPCA Número Índice,Índice de Preços,7640.15,índice
2026-06-26,2026-05-01,2026-06-26 15:47:00,IPCA Var % mês,Índice de Preços,0.58,%
2026-06-26,2026-06-01,2026-06-26 15:47:00,IPCA Projeção,Índice de Preços,0.33,%
2026-06-26,2026-06-26,2026-06-26 15:47:00,Dólar Comercial Compra,Câmbio,5.1689,R$
2026-06-26,2026-06-26,2026-06-26 15:47:00,Dólar Comercial Venda,Câmbio,5.1695,R$
2026-06-26,2026-06-26,2026-06-26 15:47:00,Euro Compra,Câmbio,5.8941,R$
2026-06-26,2026-06-26,2026-06-26 15:47:00,Euro Venda,Câmbio,5.8953,R$
2026-06-26,2026-06-25,2026-06-26 15:47:00,TR,Taxa de Referência,0.1714,% mês
2026-06-26,2026-06-25,2026-06-26 15:47:00,TBF,Taxa de Referência,1.0608,% mês
2026-06-26,2026-06-26,2026-06-26 15:47:00,FDS (registro 1),FDS,0.089314,R$ cota
2026-06-26,2026-06-25,2026-06-26 15:47:00,FDS (registro 2),FDS,0.089273,R$ cota
2026-06-27,2026-06-26,2026-06-26 15:47:00,Estimativa SELIC,Taxa de Juros,14.15,% a.a.
2026-06-27,2026-06-26,2026-06-26 15:47:00,Taxa SELIC (BC),Taxa de Juros,14.15,% a.a.
2026-06-27,2026-06-26,2026-06-26 15:47:00,DI-B3,Taxa de Juros,14.15,% a.a.
2026-06-27,2026-05-01,2026-06-26 15:47:00,IGP-M Número Índice,Índice de Preços,1229.904,índice
2026-06-27,2026-05-01,2026-06-26 15:47:00,IGP-M Var % mês,Índice de Preços,0.84,%
2026-06-27,2026-06-01,2026-06-26 15:47:00,IGP-M Projeção,Índice de Preços,-0.40,%
2026-06-27,2026-05-01,2026-06-26 15:47:00,IPCA Número Índice,Índice de Preços,7640.15,índice
2026-06-27,2026-05-01,2026-06-26 15:47:00,IPCA Var % mês,Índice de Preços,0.58,%
2026-06-27,2026-06-01,2026-06-26 15:47:00,IPCA Projeção,Índice de Preços,0.33,%
2026-06-27,2026-06-26,2026-06-26 15:47:00,Dólar Comercial Compra,Câmbio,5.1689,R$
2026-06-27,2026-06-26,2026-06-26 15:47:00,Dólar Comercial Venda,Câmbio,5.1695,R$
2026-06-27,2026-06-26,2026-06-26 15:47:00,Euro Compra,Câmbio,5.8941,R$
2026-06-27,2026-06-26,2026-06-26 15:47:00,Euro Venda,Câmbio,5.8953,R$
2026-06-27,2026-06-25,2026-06-26 15:47:00,TR,Taxa de Referência,0.1714,% mês
2026-06-27,2026-06-25,2026-06-26 15:47:00,TBF,Taxa de Referência,1.0608,% mês
2026-06-27,2026-06-26,2026-06-26 15:47:00,FDS (registro 1),FDS,0.089314,R$ cota
2026-06-27,2026-06-25,2026-06-26 15:47:00,FDS (registro 2),FDS,0.089273,R$ cota
2026-06-28,2026-06-26,2026-06-26 15:47:00,Estimativa SELIC,Taxa de Juros,14.15,% a.a.
2026-06-28,2026-06-26,2026-06-26 15:47:00,Taxa SELIC (BC),Taxa de Juros,14.15,% a.a.
2026-06-28,2026-06-26,2026-06-26 15:47:00,DI-B3,Taxa de Juros,14.15,% a.a.
2026-06-28,2026-05-01,2026-06-26 15:47:00,IGP-M Número Índice,Índice de Preços,1229.904,índice
2026-06-28,2026-05-01,2026-06-26 15:47:00,IGP-M Var % mês,Índice de Preços,0.84,%
2026-06-28,2026-06-01,2026-06-26 15:47:00,IGP-M Projeção,Índice de Preços,-0.40,%
2026-06-28,2026-05-01,2026-06-26 15:47:00,IPCA Número Índice,Índice de Preços,7640.15,índice
2026-06-28,2026-05-01,2026-06-26 15:47:00,IPCA Var % mês,Índice de Preços,0.58,%
2026-06-28,2026-06-01,2026-06-26 15:47:00,IPCA Projeção,Índice de Preços,0.33,%
2026-06-28,2026-06-26,2026-06-26 15:47:00,Dólar Comercial Compra,Câmbio,5.1689,R$
2026-06-28,2026-06-26,2026-06-26 15:47:00,Dólar Comercial Venda,Câmbio,5.1695,R$
2026-06-28,2026-06-26,2026-06-26 15:47:00,Euro Compra,Câmbio,5.8941,R$
2026-06-28,2026-06-26,2026-06-26 15:47:00,Euro Venda,Câmbio,5.8953,R$
2026-06-28,2026-06-25,2026-06-26 15:47:00,TR,Taxa de Referência,0.1714,% mês
2026-06-28,2026-06-25,2026-06-26 15:47:00,TBF,Taxa de Referência,1.0608,% mês
2026-06-28,2026-06-26,2026-06-26 15:47:00,FDS (registro 1),FDS,0.089314,R$ cota
2026-06-28,2026-06-25,2026-06-26 15:47:00,FDS (registro 2),FDS,0.089273,R$ cota
2026-06-29,2026-06-29,2026-06-29 18:19:00,Estimativa SELIC,Taxa de Juros,14.15,% a.a.
2026-06-29,2026-06-29,2026-06-29 18:19:00,Taxa SELIC (BC),Taxa de Juros,14.15,% a.a.
2026-06-29,2026-06-29,2026-06-29 18:19:00,DI-B3,Taxa de Juros,14.15,% a.a.
2026-06-29,2026-06-01,2026-06-29 18:19:00,IGP-M Número Índice,Índice de Preços,1223.761,índice
2026-06-29,2026-06-01,2026-06-29 18:19:00,IGP-M Var % mês,Índice de Preços,-0.50,%
2026-06-29,2026-07-01,2026-06-29 18:19:00,IGP-M Projeção,Índice de Preços,-0.26,%
2026-06-29,2026-05-01,2026-06-29 18:19:00,IPCA Número Índice,Índice de Preços,7640.15,índice
2026-06-29,2026-05-01,2026-06-29 18:19:00,IPCA Var % mês,Índice de Preços,0.58,%
2026-06-29,2026-06-01,2026-06-29 18:19:00,IPCA Projeção,Índice de Preços,0.33,%
2026-06-29,2026-06-29,2026-06-29 18:19:00,Dólar Comercial Compra,Câmbio,5.1711,R$
2026-06-29,2026-06-29,2026-06-29 18:19:00,Dólar Comercial Venda,Câmbio,5.1717,R$
2026-06-29,2026-06-29,2026-06-29 18:19:00,Euro Compra,Câmbio,5.9069,R$
2026-06-29,2026-06-29,2026-06-29 18:19:00,Euro Venda,Câmbio,5.9087,R$
2026-06-29,2026-06-26,2026-06-29 18:19:00,TR,Taxa de Referência,0.1696,% mês
2026-06-29,2026-06-26,2026-06-29 18:19:00,TBF,Taxa de Referência,1.0118,% mês
2026-06-29,2026-06-29,2026-06-29 18:19:00,FDS (registro 1),FDS,0.089354,R$ cota
2026-06-29,2026-06-26,2026-06-29 18:19:00,FDS (registro 2),FDS,0.089314,R$ cota
2026-06-30,2026-06-30,2026-06-30 16:55:00,Estimativa SELIC,Taxa de Juros,14.15,% a.a.
2026-06-30,2026-06-30,2026-06-30 16:55:00,Taxa SELIC (BC),Taxa de Juros,14.15,% a.a.
2026-06-30,2026-06-30,2026-06-30 16:55:00,DI-B3,Taxa de Juros,14.15,% a.a.
2026-06-30,2026-06-01,2026-06-30 16:55:00,IGP-M Número Índice,Índice de Preços,1223.761,índice
2026-06-30,2026-06-01,2026-06-30 16:55:00,IGP-M Var % mês,Índice de Preços,-0.50,%
2026-06-30,2026-07-01,2026-06-30 16:55:00,IGP-M Projeção,Índice de Preços,-0.26,%
2026-06-30,2026-05-01,2026-06-30 16:55:00,IPCA Número Índice,Índice de Preços,7640.15,índice
2026-06-30,2026-05-01,2026-06-30 16:55:00,IPCA Var % mês,Índice de Preços,0.58,%
2026-06-30,2026-06-01,2026-06-30 16:55:00,IPCA Projeção,Índice de Preços,0.33,%
2026-06-30,2026-06-30,2026-06-30 16:55:00,Dólar Comercial Compra,Câmbio,5.1760,R$
2026-06-30,2026-06-30,2026-06-30 16:55:00,Dólar Comercial Venda,Câmbio,5.1766,R$
2026-06-30,2026-06-30,2026-06-30 16:55:00,Euro Compra,Câmbio,5.9094,R$
2026-06-30,2026-06-30,2026-06-30 16:55:00,Euro Venda,Câmbio,5.9106,R$
2026-06-30,2026-06-29,2026-06-30 16:55:00,TR,Taxa de Referência,0.1713,% mês
2026-06-30,2026-06-29,2026-06-30 16:55:00,TBF,Taxa de Referência,1.0575,% mês
2026-06-30,2026-06-30,2026-06-30 16:55:00,FDS (registro 1),FDS,0.089394,R$ cota
2026-06-30,2026-06-29,2026-06-30 16:55:00,FDS (registro 2),FDS,0.089354,R$ cota
2026-07-01,2026-07-01,2026-07-01 18:42:00,Estimativa SELIC,Taxa de Juros,14.15,% a.a.
2026-07-01,2026-07-01,2026-07-01 18:42:00,Taxa SELIC (BC),Taxa de Juros,14.15,% a.a.
2026-07-01,2026-07-01,2026-07-01 18:42:00,DI-B3,Taxa de Juros,14.15,% a.a.
2026-07-01,2026-06-01,2026-07-01 18:42:00,IGP-M Número Índice,Índice de Preços,1223.761,índice
2026-07-01,2026-06-01,2026-07-01 18:42:00,IGP-M Var % mês,Índice de Preços,-0.50,%
2026-07-01,2026-07-01,2026-07-01 18:42:00,IGP-M Projeção,Índice de Preços,-0.26,%
2026-07-01,2026-05-01,2026-07-01 18:42:00,IPCA Número Índice,Índice de Preços,7640.15,índice
2026-07-01,2026-05-01,2026-07-01 18:42:00,IPCA Var % mês,Índice de Preços,0.58,%
2026-07-01,2026-06-01,2026-07-01 18:42:00,IPCA Projeção,Índice de Preços,0.33,%
2026-07-01,2026-07-01,2026-07-01 18:42:00,Dólar Comercial Compra,Câmbio,5.1944,R$
2026-07-01,2026-07-01,2026-07-01 18:42:00,Dólar Comercial Venda,Câmbio,5.1950,R$
2026-07-01,2026-07-01,2026-07-01 18:42:00,Euro Compra,Câmbio,5.9133,R$
2026-07-01,2026-07-01,2026-07-01 18:42:00,Euro Venda,Câmbio,5.9145,R$
2026-07-01,2026-06-30,2026-07-01 18:42:00,TR,Taxa de Referência,0.1711,% mês
2026-07-01,2026-06-30,2026-07-01 18:42:00,TBF,Taxa de Referência,1.0537,% mês
2026-07-01,2026-07-01,2026-07-01 18:42:00,FDS (registro 1),FDS,0.089435,R$ cota
2026-07-01,2026-06-30,2026-07-01 18:42:00,FDS (registro 2),FDS,0.089394,R$ cota
2026-07-02,2026-07-02,2026-07-02 18:24:00,Estimativa SELIC,Taxa de Juros,14.15,% a.a.
2026-07-02,2026-07-02,2026-07-02 18:24:00,Taxa SELIC (BC),Taxa de Juros,14.15,% a.a.
2026-07-02,2026-07-02,2026-07-02 18:24:00,DI-B3,Taxa de Juros,14.15,% a.a.
2026-07-02,2026-06-01,2026-07-02 18:24:00,IGP-M Número Índice,Índice de Preços,1223.761,índice
2026-07-02,2026-06-01,2026-07-02 18:24:00,IGP-M Var % mês,Índice de Preços,-0.50,%
2026-07-02,2026-07-01,2026-07-02 18:24:00,IGP-M Projeção,Índice de Preços,-0.26,%
2026-07-02,2026-05-01,2026-07-02 18:24:00,IPCA Número Índice,Índice de Preços,7640.15,índice
2026-07-02,2026-05-01,2026-07-02 18:24:00,IPCA Var % mês,Índice de Preços,0.58,%
2026-07-02,2026-06-01,2026-07-02 18:24:00,IPCA Projeção,Índice de Preços,0.33,%
2026-07-02,2026-07-02,2026-07-02 18:24:00,Dólar Comercial Compra,Câmbio,5.1939,R$
2026-07-02,2026-07-02,2026-07-02 18:24:00,Dólar Comercial Venda,Câmbio,5.1945,R$
2026-07-02,2026-07-02,2026-07-02 18:24:00,Euro Compra,Câmbio,5.9455,R$
2026-07-02,2026-07-02,2026-07-02 18:24:00,Euro Venda,Câmbio,5.9472,R$
2026-07-02,2026-07-02,2026-07-02 18:24:00,TR,Taxa de Referência,0.1729,% mês
2026-07-02,2026-07-02,2026-07-02 18:24:00,TBF,Taxa de Referência,1.0998,% mês
2026-07-02,2026-07-02,2026-07-02 18:24:00,FDS (registro 1),FDS,0.089475,R$ cota
2026-07-02,2026-07-01,2026-07-02 18:24:00,FDS (registro 2),FDS,0.089435,R$ cota
2026-07-03,2026-07-03,2026-07-03 18:15:00,Estimativa SELIC,Taxa de Juros,14.15,% a.a.
2026-07-03,2026-07-03,2026-07-03 18:15:00,Taxa SELIC (BC),Taxa de Juros,14.15,% a.a.
2026-07-03,2026-07-03,2026-07-03 18:15:00,DI-B3,Taxa de Juros,14.15,% a.a.
2026-07-03,2026-06-01,2026-07-03 18:15:00,IGP-M Número Índice,Índice de Preços,1223.761,índice
2026-07-03,2026-06-01,2026-07-03 18:15:00,IGP-M Var % mês,Índice de Preços,-0.50,%
2026-07-03,2026-07-01,2026-07-03 18:15:00,IGP-M Projeção,Índice de Preços,-0.26,%
2026-07-03,2026-05-01,2026-07-03 18:15:00,IPCA Número Índice,Índice de Preços,7640.15,índice
2026-07-03,2026-05-01,2026-07-03 18:15:00,IPCA Var % mês,Índice de Preços,0.58,%
2026-07-03,2026-06-01,2026-07-03 18:15:00,IPCA Projeção,Índice de Preços,0.33,%
2026-07-03,2026-07-03,2026-07-03 18:15:00,Dólar Comercial Compra,Câmbio,5.1711,R$
2026-07-03,2026-07-03,2026-07-03 18:15:00,Dólar Comercial Venda,Câmbio,5.1717,R$
2026-07-03,2026-07-03,2026-07-03 18:15:00,Euro Compra,Câmbio,5.9137,R$
2026-07-03,2026-07-03,2026-07-03 18:15:00,Euro Venda,Câmbio,5.9154,R$
2026-07-03,2026-07-03,2026-07-03 18:15:00,TR,Taxa de Referência,0.1710,% mês
2026-07-03,2026-07-03,2026-07-03 18:15:00,TBF,Taxa de Referência,1.0508,% mês
2026-07-03,2026-07-03,2026-07-03 18:15:00,FDS (registro 1),FDS,0.089516,R$ cota
2026-07-03,2026-07-02,2026-07-03 18:15:00,FDS (registro 2),FDS,0.089475,R$ cota
2026-07-04,2026-07-03,2026-07-03 18:15:00,Estimativa SELIC,Taxa de Juros,14.15,% a.a.
2026-07-04,2026-07-03,2026-07-03 18:15:00,Taxa SELIC (BC),Taxa de Juros,14.15,% a.a.
2026-07-04,2026-07-03,2026-07-03 18:15:00,DI-B3,Taxa de Juros,14.15,% a.a.
2026-07-04,2026-06-01,2026-07-03 18:15:00,IGP-M Número Índice,Índice de Preços,1223.761,índice
2026-07-04,2026-06-01,2026-07-03 18:15:00,IGP-M Var % mês,Índice de Preços,-0.50,%
2026-07-04,2026-07-01,2026-07-03 18:15:00,IGP-M Projeção,Índice de Preços,-0.26,%
2026-07-04,2026-05-01,2026-07-03 18:15:00,IPCA Número Índice,Índice de Preços,7640.15,índice
2026-07-04,2026-05-01,2026-07-03 18:15:00,IPCA Var % mês,Índice de Preços,0.58,%
2026-07-04,2026-06-01,2026-07-03 18:15:00,IPCA Projeção,Índice de Preços,0.33,%
2026-07-04,2026-07-03,2026-07-03 18:15:00,Dólar Comercial Compra,Câmbio,5.1711,R$
2026-07-04,2026-07-03,2026-07-03 18:15:00,Dólar Comercial Venda,Câmbio,5.1717,R$
2026-07-04,2026-07-03,2026-07-03 18:15:00,Euro Compra,Câmbio,5.9137,R$
2026-07-04,2026-07-03,2026-07-03 18:15:00,Euro Venda,Câmbio,5.9154,R$
2026-07-04,2026-07-03,2026-07-03 18:15:00,TR,Taxa de Referência,0.1710,% mês
2026-07-04,2026-07-03,2026-07-03 18:15:00,TBF,Taxa de Referência,1.0508,% mês
2026-07-04,2026-07-03,2026-07-03 18:15:00,FDS (registro 1),FDS,0.089516,R$ cota
2026-07-04,2026-07-02,2026-07-03 18:15:00,FDS (registro 2),FDS,0.089475,R$ cota
2026-07-06,2026-07-06,2026-07-06 18:22:00,Estimativa SELIC,Taxa de Juros,14.15,% a.a.
2026-07-06,2026-07-06,2026-07-06 18:22:00,Taxa SELIC (BC),Taxa de Juros,14.15,% a.a.
2026-07-06,2026-07-06,2026-07-06 18:22:00,DI-B3,Taxa de Juros,14.15,% a.a.
2026-07-06,2026-06-01,2026-07-06 18:22:00,IGP-M Número Índice,Índice de Preços,1223.761,índice
2026-07-06,2026-06-01,2026-07-06 18:22:00,IGP-M Var % mês,Índice de Preços,-0.50,%
2026-07-06,2026-07-01,2026-07-06 18:22:00,IGP-M Projeção,Índice de Preços,-0.26,%
2026-07-06,2026-05-01,2026-07-06 18:22:00,IPCA Número Índice,Índice de Preços,7640.15,índice
2026-07-06,2026-05-01,2026-07-06 18:22:00,IPCA Var % mês,Índice de Preços,0.58,%
2026-07-06,2026-06-01,2026-07-06 18:22:00,IPCA Projeção,Índice de Preços,0.33,%
2026-07-06,2026-07-06,2026-07-06 18:22:00,Dólar Comercial Compra,Câmbio,5.1664,R$
2026-07-06,2026-07-06,2026-07-06 18:22:00,Dólar Comercial Venda,Câmbio,5.1670,R$
2026-07-06,2026-07-06,2026-07-06 18:22:00,Euro Compra,Câmbio,5.9026,R$
2026-07-06,2026-07-06,2026-07-06 18:22:00,Euro Venda,Câmbio,5.9043,R$
2026-07-06,2026-07-06,2026-07-06 18:22:00,TR,Taxa de Referência,0.1696,% mês
2026-07-06,2026-07-06,2026-07-06 18:22:00,TBF,Taxa de Referência,1.0116,% mês
2026-07-06,2026-07-06,2026-07-06 18:22:00,FDS (registro 1),FDS,0.089557,R$ cota
2026-07-06,2026-07-03,2026-07-06 18:22:00,FDS (registro 2),FDS,0.089516,R$ cota
2026-07-07,2026-07-07,2026-07-07 18:24:00,Estimativa SELIC,Taxa de Juros,14.15,% a.a.
2026-07-07,2026-07-07,2026-07-07 18:24:00,Taxa SELIC (BC),Taxa de Juros,14.15,% a.a.
2026-07-07,2026-07-07,2026-07-07 18:24:00,DI-B3,Taxa de Juros,14.15,% a.a.
2026-07-07,2026-06-01,2026-07-07 18:24:00,IGP-M Número Índice,Índice de Preços,1223.761,índice
2026-07-07,2026-06-01,2026-07-07 18:24:00,IGP-M Var % mês,Índice de Preços,-0.50,%
2026-07-07,2026-07-01,2026-07-07 18:24:00,IGP-M Projeção,Índice de Preços,-0.26,%
2026-07-07,2026-05-01,2026-07-07 18:24:00,IPCA Número Índice,Índice de Preços,7640.15,índice
2026-07-07,2026-05-01,2026-07-07 18:24:00,IPCA Var % mês,Índice de Preços,0.58,%
2026-07-07,2026-06-01,2026-07-07 18:24:00,IPCA Projeção,Índice de Preços,0.33,%
2026-07-07,2026-07-07,2026-07-07 18:24:00,Dólar Comercial Compra,Câmbio,5.1452,R$
2026-07-07,2026-07-07,2026-07-07 18:24:00,Dólar Comercial Venda,Câmbio,5.1458,R$
2026-07-07,2026-07-07,2026-07-07 18:24:00,Euro Compra,Câmbio,5.8774,R$
2026-07-07,2026-07-07,2026-07-07 18:24:00,Euro Venda,Câmbio,5.8786,R$
2026-07-07,2026-07-07,2026-07-07 18:24:00,TR,Taxa de Referência,0.1731,% mês
2026-07-07,2026-07-07,2026-07-07 18:24:00,TBF,Taxa de Referência,1.1066,% mês
2026-07-07,2026-07-07,2026-07-07 18:24:00,FDS (registro 1),FDS,0.089598,R$ cota
2026-07-07,2026-07-06,2026-07-07 18:24:00,FDS (registro 2),FDS,0.089557,R$ cota
2026-07-08,2026-07-08,2026-07-08 16:36:00,Estimativa SELIC,Taxa de Juros,14.15,% a.a.
2026-07-08,2026-07-08,2026-07-08 16:36:00,Taxa SELIC (BC),Taxa de Juros,14.15,% a.a.
2026-07-08,2026-07-08,2026-07-08 16:36:00,DI-B3,Taxa de Juros,14.15,% a.a.
2026-07-08,2026-06-01,2026-07-08 16:36:00,IGP-M Número Índice,Índice de Preços,1223.761,índice
2026-07-08,2026-06-01,2026-07-08 16:36:00,IGP-M Var % mês,Índice de Preços,-0.50,%
2026-07-08,2026-07-01,2026-07-08 16:36:00,IGP-M Projeção,Índice de Preços,-0.26,%
2026-07-08,2026-05-01,2026-07-08 16:36:00,IPCA Número Índice,Índice de Preços,7640.15,índice
2026-07-08,2026-05-01,2026-07-08 16:36:00,IPCA Var % mês,Índice de Preços,0.58,%
2026-07-08,2026-06-01,2026-07-08 16:36:00,IPCA Projeção,Índice de Preços,0.33,%
2026-07-08,2026-07-08,2026-07-08 16:36:00,Dólar Comercial Compra,Câmbio,5.1546,R$
2026-07-08,2026-07-08,2026-07-08 16:36:00,Dólar Comercial Venda,Câmbio,5.1552,R$
2026-07-08,2026-07-08,2026-07-08 16:36:00,Euro Compra,Câmbio,5.8732,R$
2026-07-08,2026-07-08,2026-07-08 16:36:00,Euro Venda,Câmbio,5.8749,R$
2026-07-08,2026-07-08,2026-07-08 16:36:00,TR,Taxa de Referência,0.1731,% mês
2026-07-08,2026-07-08,2026-07-08 16:36:00,TBF,Taxa de Referência,1.1049,% mês
2026-07-08,2026-07-08,2026-07-08 16:36:00,FDS (registro 1),FDS,0.089639,R$ cota
2026-07-08,2026-07-07,2026-07-08 16:36:00,FDS (registro 2),FDS,0.089598,R$ cota
2026-07-09,2026-07-09,2026-07-09 18:16:00,Estimativa SELIC,Taxa de Juros,14.15,% a.a.
2026-07-09,2026-07-09,2026-07-09 18:16:00,Taxa SELIC (BC),Taxa de Juros,14.15,% a.a.
2026-07-09,2026-07-09,2026-07-09 18:16:00,DI-B3,Taxa de Juros,14.15,% a.a.
2026-07-09,2026-06-01,2026-07-09 18:16:00,IGP-M Número Índice,Índice de Preços,1223.761,índice
2026-07-09,2026-06-01,2026-07-09 18:16:00,IGP-M Var % mês,Índice de Preços,-0.50,%
2026-07-09,2026-07-01,2026-07-09 18:16:00,IGP-M Projeção,Índice de Preços,-0.71,%
2026-07-09,2026-05-01,2026-07-09 18:16:00,IPCA Número Índice,Índice de Preços,7640.15,índice
2026-07-09,2026-05-01,2026-07-09 18:16:00,IPCA Var % mês,Índice de Preços,0.58,%
2026-07-09,2026-06-01,2026-07-09 18:16:00,IPCA Projeção,Índice de Preços,0.33,%
2026-07-09,2026-07-09,2026-07-09 18:16:00,Dólar Comercial Compra,Câmbio,5.1323,R$
2026-07-09,2026-07-09,2026-07-09 18:16:00,Dólar Comercial Venda,Câmbio,5.1329,R$
2026-07-09,2026-07-09,2026-07-09 18:16:00,Euro Compra,Câmbio,5.8708,R$
2026-07-09,2026-07-09,2026-07-09 18:16:00,Euro Venda,Câmbio,5.8720,R$
2026-07-09,2026-07-09,2026-07-09 18:16:00,TR,Taxa de Referência,0.1732,% mês
2026-07-09,2026-07-09,2026-07-09 18:16:00,TBF,Taxa de Referência,1.1091,% mês
2026-07-09,2026-07-09,2026-07-09 18:16:00,FDS (registro 1),FDS,0.089679,R$ cota
2026-07-09,2026-07-08,2026-07-09 18:16:00,FDS (registro 2),FDS,0.089639,R$ cota
2026-07-10,2026-07-10,2026-07-10 17:06:00,Estimativa SELIC,Taxa de Juros,14.15,% a.a.
2026-07-10,2026-07-10,2026-07-10 17:06:00,Taxa SELIC (BC),Taxa de Juros,14.15,% a.a.
2026-07-10,2026-07-10,2026-07-10 17:06:00,DI-B3,Taxa de Juros,14.15,% a.a.
2026-07-10,2026-06-01,2026-07-10 17:06:00,IGP-M Número Índice,Índice de Preços,1223.761,índice
2026-07-10,2026-06-01,2026-07-10 17:06:00,IGP-M Var % mês,Índice de Preços,-0.50,%
2026-07-10,2026-07-01,2026-07-10 17:06:00,IGP-M Projeção,Índice de Preços,-0.71,%
2026-07-10,2026-06-01,2026-07-10 17:06:00,IPCA Número Índice,Índice de Preços,7652.37,índice
2026-07-10,2026-06-01,2026-07-10 17:06:00,IPCA Var % mês,Índice de Preços,0.16,%
2026-07-10,2026-06-01,2026-07-10 17:06:00,IPCA Projeção,Índice de Preços,0.33,%
2026-07-10,2026-07-10,2026-07-10 17:06:00,Dólar Comercial Compra,Câmbio,5.1082,R$
2026-07-10,2026-07-10,2026-07-10 17:06:00,Dólar Comercial Venda,Câmbio,5.1088,R$
2026-07-10,2026-07-10,2026-07-10 17:06:00,Euro Compra,Câmbio,5.8422,R$
2026-07-10,2026-07-10,2026-07-10 17:06:00,Euro Venda,Câmbio,5.8434,R$
2026-07-10,2026-07-10,2026-07-10 17:06:00,TR,Taxa de Referência,0.1713,% mês
2026-07-10,2026-07-10,2026-07-10 17:06:00,TBF,Taxa de Referência,1.0582,% mês
2026-07-10,2026-07-10,2026-07-10 17:06:00,FDS (registro 1),FDS,0.089720,R$ cota
2026-07-10,2026-07-09,2026-07-10 17:06:00,FDS (registro 2),FDS,0.089679,R$ cota
2026-07-13,2026-07-13,2026-07-13 15:57:00,Estimativa SELIC,Taxa de Juros,14.15,% a.a.
2026-07-13,2026-07-13,2026-07-13 15:57:00,Taxa SELIC (BC),Taxa de Juros,14.15,% a.a.
2026-07-13,2026-07-13,2026-07-13 15:57:00,DI-B3,Taxa de Juros,14.15,% a.a.
2026-07-13,2026-06-01,2026-07-13 15:57:00,IGP-M Número Índice,Índice de Preços,1223.761,índice
2026-07-13,2026-06-01,2026-07-13 15:57:00,IGP-M Var % mês,Índice de Preços,-0.50,%
2026-07-13,2026-07-01,2026-07-13 15:57:00,IGP-M Projeção,Índice de Preços,-0.71,%
2026-07-13,2026-06-01,2026-07-13 15:57:00,IPCA Número Índice,Índice de Preços,7652.37,índice
2026-07-13,2026-06-01,2026-07-13 15:57:00,IPCA Var % mês,Índice de Preços,0.16,%
2026-07-13,2026-07-01,2026-07-13 15:57:00,IPCA Projeção,Índice de Preços,0.23,%
2026-07-13,2026-07-13,2026-07-13 15:57:00,Dólar Comercial Compra,Câmbio,5.1177,R$
2026-07-13,2026-07-13,2026-07-13 15:57:00,Dólar Comercial Venda,Câmbio,5.1183,R$
2026-07-13,2026-07-13,2026-07-13 15:57:00,Euro Compra,Câmbio,5.8347,R$
2026-07-13,2026-07-13,2026-07-13 15:57:00,Euro Venda,Câmbio,5.8364,R$
2026-07-13,2026-07-13,2026-07-13 15:57:00,TR,Taxa de Referência,0.1695,% mês
2026-07-13,2026-07-13,2026-07-13 15:57:00,TBF,Taxa de Referência,1.0098,% mês
2026-07-13,2026-07-13,2026-07-13 15:57:00,FDS (registro 1),FDS,0.089761,R$ cota
2026-07-13,2026-07-10,2026-07-13 15:57:00,FDS (registro 2),FDS,0.089720,R$ cota
2026-07-14,2026-07-14,2026-07-14 15:04:00,Estimativa SELIC,Taxa de Juros,14.15,% a.a.
2026-07-14,2026-07-14,2026-07-14 15:04:00,Taxa SELIC (BC),Taxa de Juros,14.15,% a.a.
2026-07-14,2026-07-14,2026-07-14 15:04:00,DI-B3,Taxa de Juros,14.15,% a.a.
2026-07-14,2026-06-01,2026-07-14 15:04:00,IGP-M Número Índice,Índice de Preços,1223.761,índice
2026-07-14,2026-06-01,2026-07-14 15:04:00,IGP-M Var % mês,Índice de Preços,-0.50,%
2026-07-14,2026-07-01,2026-07-14 15:04:00,IGP-M Projeção,Índice de Preços,-0.71,%
2026-07-14,2026-06-01,2026-07-14 15:04:00,IPCA Número Índice,Índice de Preços,7652.37,índice
2026-07-14,2026-06-01,2026-07-14 15:04:00,IPCA Var % mês,Índice de Preços,0.16,%
2026-07-14,2026-07-01,2026-07-14 15:04:00,IPCA Projeção,Índice de Preços,0.23,%
2026-07-14,2026-07-14,2026-07-14 15:04:00,Dólar Comercial Compra,Câmbio,5.0736,R$
2026-07-14,2026-07-14,2026-07-14 15:04:00,Dólar Comercial Venda,Câmbio,5.0742,R$
2026-07-14,2026-07-14,2026-07-14 15:04:00,Euro Compra,Câmbio,5.7976,R$
2026-07-14,2026-07-14,2026-07-14 15:04:00,Euro Venda,Câmbio,5.7988,R$
2026-07-14,2026-07-14,2026-07-14 15:04:00,TR,Taxa de Referência,0.1695,% mês
2026-07-14,2026-07-14,2026-07-14 15:04:00,TBF,Taxa de Referência,1.0088,% mês
2026-07-14,2026-07-14,2026-07-14 15:04:00,FDS (registro 1),FDS,0.089802,R$ cota
2026-07-14,2026-07-13,2026-07-14 15:04:00,FDS (registro 2),FDS,0.089761,R$ cota
2026-07-15,2026-07-15,2026-07-15 18:27:00,Estimativa SELIC,Taxa de Juros,14.15,% a.a.
2026-07-15,2026-07-15,2026-07-15 18:27:00,Taxa SELIC (BC),Taxa de Juros,14.15,% a.a.
2026-07-15,2026-07-15,2026-07-15 18:27:00,DI-B3,Taxa de Juros,14.15,% a.a.
2026-07-15,2026-06-01,2026-07-15 18:27:00,IGP-M Número Índice,Índice de Preços,1223.761,índice
2026-07-15,2026-06-01,2026-07-15 18:27:00,IGP-M Var % mês,Índice de Preços,-0.50,%
2026-07-15,2026-07-01,2026-07-15 18:27:00,IGP-M Projeção,Índice de Preços,-0.71,%
2026-07-15,2026-06-01,2026-07-15 18:27:00,IPCA Número Índice,Índice de Preços,7652.37,índice
2026-07-15,2026-06-01,2026-07-15 18:27:00,IPCA Var % mês,Índice de Preços,0.16,%
2026-07-15,2026-07-01,2026-07-15 18:27:00,IPCA Projeção,Índice de Preços,0.23,%
2026-07-15,2026-07-15,2026-07-15 18:27:00,Dólar Comercial Compra,Câmbio,5.0721,R$
2026-07-15,2026-07-15,2026-07-15 18:27:00,Dólar Comercial Venda,Câmbio,5.0727,R$
2026-07-15,2026-07-15,2026-07-15 18:27:00,Euro Compra,Câmbio,5.7999,R$
2026-07-15,2026-07-15,2026-07-15 18:27:00,Euro Venda,Câmbio,5.8011,R$
2026-07-15,2026-07-15,2026-07-15 18:27:00,TR,Taxa de Referência,0.1730,% mês
2026-07-15,2026-07-15,2026-07-15 18:27:00,TBF,Taxa de Referência,1.1042,% mês
2026-07-15,2026-07-15,2026-07-15 18:27:00,FDS (registro 1),FDS,0.089843,R$ cota
2026-07-15,2026-07-14,2026-07-15 18:27:00,FDS (registro 2),FDS,0.089802,R$ cota
2026-07-16,2026-07-16,2026-07-16 18:15:00,Estimativa SELIC,Taxa de Juros,14.15,% a.a.
2026-07-16,2026-07-16,2026-07-16 18:15:00,Taxa SELIC (BC),Taxa de Juros,14.15,% a.a.
2026-07-16,2026-07-16,2026-07-16 18:15:00,DI-B3,Taxa de Juros,14.15,% a.a.
2026-07-16,2026-06-01,2026-07-16 18:15:00,IGP-M Número Índice,Índice de Preços,1223.761,índice
2026-07-16,2026-06-01,2026-07-16 18:15:00,IGP-M Var % mês,Índice de Preços,-0.50,%
2026-07-16,2026-07-01,2026-07-16 18:15:00,IGP-M Projeção,Índice de Preços,-0.71,%
2026-07-16,2026-06-01,2026-07-16 18:15:00,IPCA Número Índice,Índice de Preços,7652.37,índice
2026-07-16,2026-06-01,2026-07-16 18:15:00,IPCA Var % mês,Índice de Preços,0.16,%
2026-07-16,2026-07-01,2026-07-16 18:15:00,IPCA Projeção,Índice de Preços,0.23,%
2026-07-16,2026-07-16,2026-07-16 18:15:00,Dólar Comercial Compra,Câmbio,5.0969,R$
2026-07-16,2026-07-16,2026-07-16 18:15:00,Dólar Comercial Venda,Câmbio,5.0975,R$
2026-07-16,2026-07-16,2026-07-16 18:15:00,Euro Compra,Câmbio,5.8339,R$
2026-07-16,2026-07-16,2026-07-16 18:15:00,Euro Venda,Câmbio,5.8356,R$
2026-07-16,2026-07-16,2026-07-16 18:15:00,TR,Taxa de Referência,0.1730,% mês
2026-07-16,2026-07-16,2026-07-16 18:15:00,TBF,Taxa de Referência,1.1039,% mês
2026-07-16,2026-07-16,2026-07-16 18:15:00,FDS (registro 1),FDS,0.089884,R$ cota
2026-07-16,2026-07-15,2026-07-16 18:15:00,FDS (registro 2),FDS,0.089843,R$ cota
2026-07-17,2026-07-17,2026-07-17 15:18:00,Estimativa SELIC,Taxa de Juros,14.15,% a.a.
2026-07-17,2026-07-17,2026-07-17 15:18:00,Taxa SELIC (BC),Taxa de Juros,14.15,% a.a.
2026-07-17,2026-07-17,2026-07-17 15:18:00,DI-B3,Taxa de Juros,14.15,% a.a.
2026-07-17,2026-06-01,2026-07-17 15:18:00,IGP-M Número Índice,Índice de Preços,1223.761,índice
2026-07-17,2026-06-01,2026-07-17 15:18:00,IGP-M Var % mês,Índice de Preços,-0.50,%
2026-07-17,2026-07-01,2026-07-17 15:18:00,IGP-M Projeção,Índice de Preços,-0.71,%
2026-07-17,2026-06-01,2026-07-17 15:18:00,IPCA Número Índice,Índice de Preços,7652.37,índice
2026-07-17,2026-06-01,2026-07-17 15:18:00,IPCA Var % mês,Índice de Preços,0.16,%
2026-07-17,2026-07-01,2026-07-17 15:18:00,IPCA Projeção,Índice de Preços,0.23,%
2026-07-17,2026-07-17,2026-07-17 15:18:00,Dólar Comercial Compra,Câmbio,5.1170,R$
2026-07-17,2026-07-17,2026-07-17 15:18:00,Dólar Comercial Venda,Câmbio,5.1176,R$
2026-07-17,2026-07-17,2026-07-17 15:18:00,Euro Compra,Câmbio,5.8533,R$
2026-07-17,2026-07-17,2026-07-17 15:18:00,Euro Venda,Câmbio,5.8550,R$
2026-07-17,2026-07-17,2026-07-17 15:18:00,TR,Taxa de Referência,0.1712,% mês
2026-07-17,2026-07-17,2026-07-17 15:18:00,TBF,Taxa de Referência,1.0540,% mês
2026-07-17,2026-07-17,2026-07-17 15:18:00,FDS (registro 1),FDS,0.089925,R$ cota
2026-07-17,2026-07-16,2026-07-17 15:18:00,FDS (registro 2),FDS,0.089884,R$ cota
2026-07-20,2026-07-20,2026-07-20 16:35:00,Estimativa SELIC,Taxa de Juros,14.15,% a.a.
2026-07-20,2026-07-20,2026-07-20 16:35:00,Taxa SELIC (BC),Taxa de Juros,14.15,% a.a.
2026-07-20,2026-07-20,2026-07-20 16:35:00,DI-B3,Taxa de Juros,14.15,% a.a.
2026-07-20,2026-06-01,2026-07-20 16:35:00,IGP-M Número Índice,Índice de Preços,1223.761,índice
2026-07-20,2026-06-01,2026-07-20 16:35:00,IGP-M Var % mês,Índice de Preços,-0.50,%
2026-07-20,2026-07-01,2026-07-20 16:35:00,IGP-M Projeção,Índice de Preços,-0.71,%
2026-07-20,2026-06-01,2026-07-20 16:35:00,IPCA Número Índice,Índice de Preços,7652.37,índice
2026-07-20,2026-06-01,2026-07-20 16:35:00,IPCA Var % mês,Índice de Preços,0.16,%
2026-07-20,2026-07-01,2026-07-20 16:35:00,IPCA Projeção,Índice de Preços,0.23,%
2026-07-20,2026-07-20,2026-07-20 16:35:00,Dólar Comercial Compra,Câmbio,5.0888,R$
2026-07-20,2026-07-20,2026-07-20 16:35:00,Dólar Comercial Venda,Câmbio,5.0894,R$
2026-07-20,2026-07-20,2026-07-20 16:35:00,Euro Compra,Câmbio,5.8068,R$
2026-07-20,2026-07-20,2026-07-20 16:35:00,Euro Venda,Câmbio,5.8080,R$
2026-07-20,2026-07-20,2026-07-20 16:35:00,TR,Taxa de Referência,0.1694,% mês
2026-07-20,2026-07-20,2026-07-20 16:35:00,TBF,Taxa de Referência,1.0081,% mês
2026-07-20,2026-07-20,2026-07-20 16:35:00,FDS (registro 1),FDS,0.089966,R$ cota
2026-07-20,2026-07-17,2026-07-20 16:35:00,FDS (registro 2),FDS,0.089925,R$ cota
2026-07-21,2026-07-21,2026-07-21 18:12:00,Estimativa SELIC,Taxa de Juros,14.15,% a.a.
2026-07-21,2026-07-21,2026-07-21 18:12:00,Taxa SELIC (BC),Taxa de Juros,14.15,% a.a.
2026-07-21,2026-07-21,2026-07-21 18:12:00,DI-B3,Taxa de Juros,14.15,% a.a.
2026-07-21,2026-06-01,2026-07-21 18:12:00,IGP-M Número Índice,Índice de Preços,1223.761,índice
2026-07-21,2026-06-01,2026-07-21 18:12:00,IGP-M Var % mês,Índice de Preços,-0.50,%
2026-07-21,2026-07-01,2026-07-21 18:12:00,IGP-M Projeção,Índice de Preços,-1.00,%
2026-07-21,2026-06-01,2026-07-21 18:12:00,IPCA Número Índice,Índice de Preços,7652.37,índice
2026-07-21,2026-06-01,2026-07-21 18:12:00,IPCA Var % mês,Índice de Preços,0.16,%
2026-07-21,2026-07-01,2026-07-21 18:12:00,IPCA Projeção,Índice de Preços,0.23,%
2026-07-21,2026-07-21,2026-07-21 18:12:00,Dólar Comercial Compra,Câmbio,5.0774,R$
2026-07-21,2026-07-21,2026-07-21 18:12:00,Dólar Comercial Venda,Câmbio,5.0780,R$
2026-07-21,2026-07-21,2026-07-21 18:12:00,Euro Compra,Câmbio,5.7918,R$
2026-07-21,2026-07-21,2026-07-21 18:12:00,Euro Venda,Câmbio,5.7930,R$
2026-07-21,2026-07-21,2026-07-21 18:12:00,TR,Taxa de Referência,0.1694,% mês
2026-07-21,2026-07-21,2026-07-21 18:12:00,TBF,Taxa de Referência,1.0082,% mês
2026-07-21,2026-07-21,2026-07-21 18:12:00,FDS (registro 1),FDS,0.090007,R$ cota
2026-07-21,2026-07-20,2026-07-21 18:12:00,FDS (registro 2),FDS,0.089966,R$ cota
2026-07-22,2026-07-22,2026-07-22 15:58:00,Estimativa SELIC,Taxa de Juros,14.15,% a.a.
2026-07-22,2026-07-22,2026-07-22 15:58:00,Taxa SELIC (BC),Taxa de Juros,14.15,% a.a.
2026-07-22,2026-07-22,2026-07-22 15:58:00,DI-B3,Taxa de Juros,14.15,% a.a.
2026-07-22,2026-06-01,2026-07-22 15:58:00,IGP-M Número Índice,Índice de Preços,1223.761,índice
2026-07-22,2026-06-01,2026-07-22 15:58:00,IGP-M Var % mês,Índice de Preços,-0.50,%
2026-07-22,2026-07-01,2026-07-22 15:58:00,IGP-M Projeção,Índice de Preços,-1.00,%
2026-07-22,2026-06-01,2026-07-22 15:58:00,IPCA Número Índice,Índice de Preços,7652.37,índice
2026-07-22,2026-06-01,2026-07-22 15:58:00,IPCA Var % mês,Índice de Preços,0.16,%
2026-07-22,2026-07-01,2026-07-22 15:58:00,IPCA Projeção,Índice de Preços,0.23,%
2026-07-22,2026-07-22,2026-07-22 15:58:00,Dólar Comercial Compra,Câmbio,5.0632,R$
2026-07-22,2026-07-22,2026-07-22 15:58:00,Dólar Comercial Venda,Câmbio,5.0638,R$
2026-07-22,2026-07-22,2026-07-22 15:58:00,Euro Compra,Câmbio,5.7786,R$
2026-07-22,2026-07-22,2026-07-22 15:58:00,Euro Venda,Câmbio,5.7803,R$
2026-07-22,2026-07-22,2026-07-22 15:58:00,TR,Taxa de Referência,0.1732,% mês
2026-07-22,2026-07-22,2026-07-22 15:58:00,TBF,Taxa de Referência,1.1089,% mês
2026-07-22,2026-07-22,2026-07-22 15:58:00,FDS (registro 1),FDS,0.090048,R$ cota
2026-07-22,2026-07-21,2026-07-22 15:58:00,FDS (registro 2),FDS,0.090007,R$ cota
2026-07-23,2026-07-23,2026-07-23 15:43:00,Estimativa SELIC,Taxa de Juros,14.15,% a.a.
2026-07-23,2026-07-23,2026-07-23 15:43:00,Taxa SELIC (BC),Taxa de Juros,14.15,% a.a.
2026-07-23,2026-07-23,2026-07-23 15:43:00,DI-B3,Taxa de Juros,14.15,% a.a.
2026-07-23,2026-06-01,2026-07-23 15:43:00,IGP-M Número Índice,Índice de Preços,1223.761,índice
2026-07-23,2026-06-01,2026-07-23 15:43:00,IGP-M Var % mês,Índice de Preços,-0.50,%
2026-07-23,2026-07-01,2026-07-23 15:43:00,IGP-M Projeção,Índice de Preços,-1.00,%
2026-07-23,2026-06-01,2026-07-23 15:43:00,IPCA Número Índice,Índice de Preços,7652.37,índice
2026-07-23,2026-06-01,2026-07-23 15:43:00,IPCA Var % mês,Índice de Preços,0.16,%
2026-07-23,2026-07-01,2026-07-23 15:43:00,IPCA Projeção,Índice de Preços,0.23,%
2026-07-23,2026-07-23,2026-07-23 15:43:00,Dólar Comercial Compra,Câmbio,5.0801,R$
2026-07-23,2026-07-23,2026-07-23 15:43:00,Dólar Comercial Venda,Câmbio,5.0807,R$
2026-07-23,2026-07-23,2026-07-23 15:43:00,Euro Compra,Câmbio,5.7771,R$
2026-07-23,2026-07-23,2026-07-23 15:43:00,Euro Venda,Câmbio,5.7788,R$
2026-07-23,2026-07-23,2026-07-23 15:43:00,TR,Taxa de Referência,0.1732,% mês
2026-07-23,2026-07-23,2026-07-23 15:43:00,TBF,Taxa de Referência,1.1084,% mês
2026-07-23,2026-07-23,2026-07-23 15:43:00,FDS (registro 1),FDS,0.090089,R$ cota
2026-07-23,2026-07-22,2026-07-23 15:43:00,FDS (registro 2),FDS,0.090048,R$ cota
2026-07-24,2026-07-24,2026-07-24 15:28:00,Estimativa SELIC,Taxa de Juros,14.15,% a.a.
2026-07-24,2026-07-24,2026-07-24 15:28:00,Taxa SELIC (BC),Taxa de Juros,14.15,% a.a.
2026-07-24,2026-07-24,2026-07-24 15:28:00,DI-B3,Taxa de Juros,14.15,% a.a.
2026-07-24,2026-06-01,2026-07-24 15:28:00,IGP-M Número Índice,Índice de Preços,1223.761,índice
2026-07-24,2026-06-01,2026-07-24 15:28:00,IGP-M Var % mês,Índice de Preços,-0.50,%
2026-07-24,2026-07-01,2026-07-24 15:28:00,IGP-M Projeção,Índice de Preços,-1.00,%
2026-07-24,2026-06-01,2026-07-24 15:28:00,IPCA Número Índice,Índice de Preços,7652.37,índice
2026-07-24,2026-06-01,2026-07-24 15:28:00,IPCA Var % mês,Índice de Preços,0.16,%
2026-07-24,2026-07-01,2026-07-24 15:28:00,IPCA Projeção,Índice de Preços,0.23,%
2026-07-24,2026-07-24,2026-07-24 15:28:00,Dólar Comercial Compra,Câmbio,5.0660,R$
2026-07-24,2026-07-24,2026-07-24 15:28:00,Dólar Comercial Venda,Câmbio,5.0666,R$
2026-07-24,2026-07-24,2026-07-24 15:28:00,Euro Compra,Câmbio,5.7666,R$
2026-07-24,2026-07-24,2026-07-24 15:28:00,Euro Venda,Câmbio,5.7683,R$
2026-07-24,2026-07-24,2026-07-24 15:28:00,TR,Taxa de Referência,0.1714,% mês
2026-07-24,2026-07-24,2026-07-24 15:28:00,TBF,Taxa de Referência,1.0610,% mês
2026-07-24,2026-07-24,2026-07-24 15:28:00,FDS (registro 1),FDS,0.090130,R$ cota
2026-07-24,2026-07-23,2026-07-24 15:28:00,FDS (registro 2),FDS,0.090089,R$ cota
2026-07-27,2026-07-27,2026-07-27 15:30:00,Estimativa SELIC,Taxa de Juros,14.15,% a.a.
2026-07-27,2026-07-27,2026-07-27 15:30:00,Taxa SELIC (BC),Taxa de Juros,14.15,% a.a.
2026-07-27,2026-07-27,2026-07-27 15:30:00,DI-B3,Taxa de Juros,14.15,% a.a.
2026-07-27,2026-06-01,2026-07-27 15:30:00,IGP-M Número Índice,Índice de Preços,1223.761,índice
2026-07-27,2026-06-01,2026-07-27 15:30:00,IGP-M Var % mês,Índice de Preços,-0.50,%
2026-07-27,2026-07-01,2026-07-27 15:30:00,IGP-M Projeção,Índice de Preços,-1.00,%
2026-07-27,2026-06-01,2026-07-27 15:30:00,IPCA Número Índice,Índice de Preços,7652.37,índice
2026-07-27,2026-06-01,2026-07-27 15:30:00,IPCA Var % mês,Índice de Preços,0.16,%
2026-07-27,2026-07-01,2026-07-27 15:30:00,IPCA Projeção,Índice de Preços,0.23,%
2026-07-27,2026-07-27,2026-07-27 15:30:00,Dólar Comercial Compra,Câmbio,5.0998,R$
2026-07-27,2026-07-27,2026-07-27 15:30:00,Dólar Comercial Venda,Câmbio,5.1005,R$
2026-07-27,2026-07-27,2026-07-27 15:30:00,Euro Compra,Câmbio,5.8005,R$
2026-07-27,2026-07-27,2026-07-27 15:30:00,Euro Venda,Câmbio,5.8023,R$
2026-07-27,2026-07-27,2026-07-27 15:30:00,TR,Taxa de Referência,0.1695,% mês
2026-07-27,2026-07-27,2026-07-27 15:30:00,TBF,Taxa de Referência,1.0089,% mês
2026-07-27,2026-07-27,2026-07-27 15:30:00,FDS (registro 1),FDS,0.090171,R$ cota
2026-07-27,2026-07-24,2026-07-27 15:30:00,FDS (registro 2),FDS,0.090130,R$ cota
2026-07-28,2026-07-28,2026-07-28 18:13:00,Estimativa SELIC,Taxa de Juros,14.15,% a.a.
2026-07-28,2026-07-28,2026-07-28 18:13:00,Taxa SELIC (BC),Taxa de Juros,14.15,% a.a.
2026-07-28,2026-07-28,2026-07-28 18:13:00,DI-B3,Taxa de Juros,14.15,% a.a.
2026-07-28,2026-06-01,2026-07-28 18:13:00,IGP-M Número Índice,Índice de Preços,1223.761,índice
2026-07-28,2026-06-01,2026-07-28 18:13:00,IGP-M Var % mês,Índice de Preços,-0.50,%
2026-07-28,2026-07-01,2026-07-28 18:13:00,IGP-M Projeção,Índice de Preços,-1.00,%
2026-07-28,2026-06-01,2026-07-28 18:13:00,IPCA Número Índice,Índice de Preços,7652.37,índice
2026-07-28,2026-06-01,2026-07-28 18:13:00,IPCA Var % mês,Índice de Preços,0.16,%
2026-07-28,2026-07-01,2026-07-28 18:13:00,IPCA Projeção,Índice de Preços,0.05,%
2026-07-28,2026-07-28,2026-07-28 18:13:00,Dólar Comercial Compra,Câmbio,5.1171,R$
2026-07-28,2026-07-28,2026-07-28 18:13:00,Dólar Comercial Venda,Câmbio,5.1177,R$
2026-07-28,2026-07-28,2026-07-28 18:13:00,Euro Compra,Câmbio,5.8335,R$
2026-07-28,2026-07-28,2026-07-28 18:13:00,Euro Venda,Câmbio,5.8347,R$
2026-07-28,2026-07-28,2026-07-28 18:13:00,TR,Taxa de Referência,0.1695,% mês
2026-07-28,2026-07-28,2026-07-28 18:13:00,TBF,Taxa de Referência,1.0104,% mês
2026-07-28,2026-07-28,2026-07-28 18:13:00,FDS (registro 1),FDS,0.090212,R$ cota
2026-07-28,2026-07-27,2026-07-28 18:13:00,FDS (registro 2),FDS,0.090171,R$ cota
2026-07-29,2026-07-29,2026-07-29 14:29:00,Estimativa SELIC,Taxa de Juros,14.15,% a.a.
2026-07-29,2026-07-29,2026-07-29 14:29:00,Taxa SELIC (BC),Taxa de Juros,14.15,% a.a.
2026-07-29,2026-07-29,2026-07-29 14:29:00,DI-B3,Taxa de Juros,14.15,% a.a.
2026-07-29,2026-06-01,2026-07-29 14:29:00,IGP-M Número Índice,Índice de Preços,1223.761,índice
2026-07-29,2026-06-01,2026-07-29 14:29:00,IGP-M Var % mês,Índice de Preços,-0.50,%
2026-07-29,2026-07-01,2026-07-29 14:29:00,IGP-M Projeção,Índice de Preços,-1.00,%
2026-07-29,2026-06-01,2026-07-29 14:29:00,IPCA Número Índice,Índice de Preços,7652.37,índice
2026-07-29,2026-06-01,2026-07-29 14:29:00,IPCA Var % mês,Índice de Preços,0.16,%
2026-07-29,2026-07-01,2026-07-29 14:29:00,IPCA Projeção,Índice de Preços,0.05,%
2026-07-29,2026-07-29,2026-07-29 14:29:00,Dólar Comercial Compra,Câmbio,5.1211,R$
2026-07-29,2026-07-29,2026-07-29 14:29:00,Dólar Comercial Venda,Câmbio,5.1217,R$
2026-07-29,2026-07-29,2026-07-29 14:29:00,Euro Compra,Câmbio,5.8293,R$
2026-07-29,2026-07-29,2026-07-29 14:29:00,Euro Venda,Câmbio,5.8305,R$
2026-07-29,2026-07-29,2026-07-29 14:29:00,TR,Taxa de Referência,0.1730,% mês
2026-07-29,2026-07-29,2026-07-29 14:29:00,TBF,Taxa de Referência,1.1032,% mês
2026-07-29,2026-07-29,2026-07-29 14:29:00,FDS (registro 1),FDS,0.090253,R$ cota
2026-07-29,2026-07-28,2026-07-29 14:29:00,FDS (registro 2),FDS,0.090212,R$ cota
2026-07-30,2026-07-30,2026-07-30 17:09:00,Estimativa SELIC,Taxa de Juros,14.15,% a.a.
2026-07-30,2026-07-30,2026-07-30 17:09:00,Taxa SELIC (BC),Taxa de Juros,14.15,% a.a.
2026-07-30,2026-07-30,2026-07-30 17:09:00,DI-B3,Taxa de Juros,14.15,% a.a.
2026-07-30,2026-07-01,2026-07-30 17:09:00,IGP-M Número Índice,Índice de Preços,1209.617,índice
2026-07-30,2026-07-01,2026-07-30 17:09:00,IGP-M Var % mês,Índice de Preços,-1.16,%
2026-07-30,2026-07-01,2026-07-30 17:09:00,IGP-M Projeção,Índice de Preços,-1.00,%
2026-07-30,2026-06-01,2026-07-30 17:09:00,IPCA Número Índice,Índice de Preços,7652.37,índice
2026-07-30,2026-06-01,2026-07-30 17:09:00,IPCA Var % mês,Índice de Preços,0.16,%
2026-07-30,2026-07-01,2026-07-30 17:09:00,IPCA Projeção,Índice de Preços,0.05,%
2026-07-30,2026-07-30,2026-07-30 17:09:00,Dólar Comercial Compra,Câmbio,5.0733,R$
2026-07-30,2026-07-30,2026-07-30 17:09:00,Dólar Comercial Venda,Câmbio,5.0739,R$
2026-07-30,2026-07-30,2026-07-30 17:09:00,Euro Compra,Câmbio,5.8455,R$
2026-07-30,2026-07-30,2026-07-30 17:09:00,Euro Venda,Câmbio,5.8467,R$
2026-07-30,2026-07-30,2026-07-30 17:09:00,TR,Taxa de Referência,0.1729,% mês
2026-07-30,2026-07-30,2026-07-30 17:09:00,TBF,Taxa de Referência,1.1009,% mês
2026-07-30,2026-07-30,2026-07-30 17:09:00,FDS (registro 1),FDS,0.090294,R$ cota
2026-07-30,2026-07-29,2026-07-30 17:09:00,FDS (registro 2),FDS,0.090253,R$ cota
2026-07-31,2026-07-31,2026-07-31 17:10:00,Estimativa SELIC,Taxa de Juros,14.15,% a.a.
2026-07-31,2026-07-31,2026-07-31 17:10:00,Taxa SELIC (BC),Taxa de Juros,14.15,% a.a.
2026-07-31,2026-07-31,2026-07-31 17:10:00,DI-B3,Taxa de Juros,14.15,% a.a.
2026-07-31,2026-07-01,2026-07-31 17:10:00,IGP-M Número Índice,Índice de Preços,1209.617,índice
2026-07-31,2026-07-01,2026-07-31 17:10:00,IGP-M Var % mês,Índice de Preços,-1.16,%
2026-07-31,2026-08-01,2026-07-31 17:10:00,IGP-M Projeção,Índice de Preços,0.30,%
2026-07-31,2026-06-01,2026-07-31 17:10:00,IPCA Número Índice,Índice de Preços,7652.37,índice
2026-07-31,2026-06-01,2026-07-31 17:10:00,IPCA Var % mês,Índice de Preços,0.16,%
2026-07-31,2026-07-01,2026-07-31 17:10:00,IPCA Projeção,Índice de Preços,0.05,%
2026-07-31,2026-07-31,2026-07-31 17:10:00,Dólar Comercial Compra,Câmbio,5.0767,R$
2026-07-31,2026-07-31,2026-07-31 17:10:00,Dólar Comercial Venda,Câmbio,5.0773,R$
2026-07-31,2026-07-31,2026-07-31 17:10:00,Euro Compra,Câmbio,5.8473,R$
2026-07-31,2026-07-31,2026-07-31 17:10:00,Euro Venda,Câmbio,5.8490,R$
2026-07-31,2026-07-30,2026-07-31 17:10:00,TR,Taxa de Referência,0.1729,% mês
2026-07-31,2026-07-30,2026-07-31 17:10:00,TBF,Taxa de Referência,1.1009,% mês
2026-07-31,2026-07-31,2026-07-31 17:10:00,FDS (registro 1),FDS,0.090335,R$ cota
2026-07-31,2026-07-30,2026-07-31 17:10:00,FDS (registro 2),FDS,0.090294,R$ cota
2026-08-03,2026-08-03,2026-08-03 17:06:00,Estimativa SELIC,Taxa de Juros,14.15,% a.a.
2026-08-03,2026-08-03,2026-08-03 17:06:00,Taxa SELIC (BC),Taxa de Juros,14.15,% a.a.
2026-08-03,2026-08-03,2026-08-03 17:06:00,DI-B3,Taxa de Juros,14.15,% a.a.
2026-08-03,2026-07-01,2026-08-03 17:06:00,IGP-M Número Índice,Índice de Preços,1209.617,índice
2026-08-03,2026-07-01,2026-08-03 17:06:00,IGP-M Var % mês,Índice de Preços,-1.16,%
2026-08-03,2026-08-01,2026-08-03 17:06:00,IGP-M Projeção,Índice de Preços,0.30,%
2026-08-03,2026-06-01,2026-08-03 17:06:00,IPCA Número Índice,Índice de Preços,7652.37,índice
2026-08-03,2026-06-01,2026-08-03 17:06:00,IPCA Var % mês,Índice de Preços,0.16,%
2026-08-03,2026-07-01,2026-08-03 17:06:00,IPCA Projeção,Índice de Preços,0.05,%
2026-08-03,2026-08-03,2026-08-03 17:06:00,Dólar Comercial Compra,Câmbio,5.0717,R$
2026-08-03,2026-08-03,2026-08-03 17:06:00,Dólar Comercial Venda,Câmbio,5.0723,R$
2026-08-03,2026-08-03,2026-08-03 17:06:00,Euro Compra,Câmbio,5.8370,R$
2026-08-03,2026-08-03,2026-08-03 17:06:00,Euro Venda,Câmbio,5.8382,R$
2026-08-03,2026-08-03,2026-08-03 17:06:00,TR,Taxa de Referência,0.1694,% mês
2026-08-03,2026-08-03,2026-08-03 17:06:00,TBF,Taxa de Referência,1.0076,% mês
2026-08-03,2026-08-03,2026-08-03 17:06:00,FDS (registro 1),FDS,0.090376,R$ cota
2026-08-03,2026-07-31,2026-08-03 17:06:00,FDS (registro 2),FDS,0.090335,R$ cota
2026-08-04,2026-08-03,2026-08-03 17:06:00,Estimativa SELIC,Taxa de Juros,14.15,% a.a.
2026-08-04,2026-08-03,2026-08-03 17:06:00,Taxa SELIC (BC),Taxa de Juros,14.15,% a.a.
2026-08-04,2026-08-03,2026-08-03 17:06:00,DI-B3,Taxa de Juros,14.15,% a.a.
2026-08-04,2026-07-01,2026-08-03 17:06:00,IGP-M Número Índice,Índice de Preços,1209.617,índice
2026-08-04,2026-07-01,2026-08-03 17:06:00,IGP-M Var % mês,Índice de Preços,-1.16,%
2026-08-04,2026-08-01,2026-08-03 17:06:00,IGP-M Projeção,Índice de Preços,0.30,%
2026-08-04,2026-06-01,2026-08-03 17:06:00,IPCA Número Índice,Índice de Preços,7652.37,índice
2026-08-04,2026-06-01,2026-08-03 17:06:00,IPCA Var % mês,Índice de Preços,0.16,%
2026-08-04,2026-07-01,2026-08-03 17:06:00,IPCA Projeção,Índice de Preços,0.05,%
2026-08-04,2026-08-03,2026-08-03 17:06:00,Dólar Comercial Compra,Câmbio,5.0717,R$
2026-08-04,2026-08-03,2026-08-03 17:06:00,Dólar Comercial Venda,Câmbio,5.0723,R$
2026-08-04,2026-08-03,2026-08-03 17:06:00,Euro Compra,Câmbio,5.8370,R$
2026-08-04,2026-08-03,2026-08-03 17:06:00,Euro Venda,Câmbio,5.8382,R$
2026-08-04,2026-08-03,2026-08-03 17:06:00,TR,Taxa de Referência,0.1694,% mês
2026-08-04,2026-08-03,2026-08-03 17:06:00,TBF,Taxa de Referência,1.0076,% mês
2026-08-04,2026-08-03,2026-08-03 17:06:00,FDS (registro 1),FDS,0.090376,R$ cota
2026-08-04,2026-07-31,2026-08-03 17:06:00,FDS (registro 2),FDS,0.090335,R$ cota
