data_captura,indice,indice_nome,codigo_ativo,nome_ativo,tipo_ativo,quantidade_teorica,participacao_pct,reducao_capital,segmento
2026-06-03,IFNC,Índice Financeiro,ABCB4,ABC BRASIL,PN      N2,76369069,0.426,,
2026-06-03,IFNC,Índice Financeiro,B3SA3,B3,ON      NM,4997059816,18.544,,
2026-06-03,IFNC,Índice Financeiro,BRSR6,BANRISUL,PNB     N1,202536440,0.680,,
2026-06-03,IFNC,Índice Financeiro,BBSE3,BBSEGURIDADE,ON      NM,616248544,4.935,,
2026-06-03,IFNC,Índice Financeiro,BRBI11,BR PARTNERS,UNT     N2,47238057,0.169,,
2026-06-03,IFNC,Índice Financeiro,BBDC3,BRADESCO,ON  EJ  N1,1130938083,3.978,,
2026-06-03,IFNC,Índice Financeiro,BBDC4,BRADESCO,PN  EJ  N1,3939275399,15.938,,
2026-06-03,IFNC,Índice Financeiro,BBAS3,BRASIL,ON  EJ  NM,2842496541,12.887,,
2026-06-03,IFNC,Índice Financeiro,BPAC11,BTGP BANCO,UNT     N2,1194624560,14.501,,
2026-06-03,IFNC,Índice Financeiro,CXSE3,CAIXA SEGURI,ON      NM,600000000,2.429,,
2026-06-03,IFNC,Índice Financeiro,IRBR3,IRBBRASIL RE,ON  EJ  NM,81534304,0.960,,
2026-06-03,IFNC,Índice Financeiro,ITUB3,ITAUUNIBANCO,ON  EJ  N1,174982153,1.601,,
2026-06-03,IFNC,Índice Financeiro,ITUB4,ITAUUNIBANCO,PN  EJ  N1,2052266378,18.506,,
2026-06-03,IFNC,Índice Financeiro,PINE4,PINE,PN      N2,70606588,0.212,,
2026-06-03,IFNC,Índice Financeiro,PSSA3,PORTO SEGURO,ON      NM,178825403,1.987,,
2026-06-03,IFNC,Índice Financeiro,SANB11,SANTANDER BR,UNT,360347199,2.247,,
2026-06-04,IFNC,Índice Financeiro,ABCB4,ABC BRASIL,PN      N2,76369069,0.425,,
2026-06-04,IFNC,Índice Financeiro,B3SA3,B3,ON      NM,4997059816,18.190,,
2026-06-04,IFNC,Índice Financeiro,BRSR6,BANRISUL,PNB     N1,202536440,0.673,,
2026-06-04,IFNC,Índice Financeiro,BBSE3,BBSEGURIDADE,ON      NM,616248544,5.065,,
2026-06-04,IFNC,Índice Financeiro,BRBI11,BR PARTNERS,UNT     N2,47238057,0.169,,
2026-06-04,IFNC,Índice Financeiro,BBDC3,BRADESCO,ON  EJ  N1,1130938083,4.008,,
2026-06-04,IFNC,Índice Financeiro,BBDC4,BRADESCO,PN  EJ  N1,3939275399,16.049,,
2026-06-04,IFNC,Índice Financeiro,BBAS3,BRASIL,ON  EJ  NM,2842496541,13.021,,
2026-06-04,IFNC,Índice Financeiro,BPAC11,BTGP BANCO,UNT     N2,1194624560,14.208,,
2026-06-04,IFNC,Índice Financeiro,CXSE3,CAIXA SEGURI,ON      NM,600000000,2.456,,
2026-06-04,IFNC,Índice Financeiro,IRBR3,IRBBRASIL RE,ON  EJ  NM,81534304,0.973,,
2026-06-04,IFNC,Índice Financeiro,ITUB3,ITAUUNIBANCO,ON  EJ  N1,174982153,1.638,,
2026-06-04,IFNC,Índice Financeiro,ITUB4,ITAUUNIBANCO,PN  EJ  N1,2052266378,18.638,,
2026-06-04,IFNC,Índice Financeiro,PINE4,PINE,PN      N2,70606588,0.209,,
2026-06-04,IFNC,Índice Financeiro,PSSA3,PORTO SEGURO,ON      NM,178825403,2.020,,
2026-06-04,IFNC,Índice Financeiro,SANB11,SANTANDER BR,UNT,360347199,2.258,,
2026-06-05,IFNC,Índice Financeiro,ABCB4,ABC BRASIL,PN      N2,76369069,0.425,,
2026-06-05,IFNC,Índice Financeiro,B3SA3,B3,ON      NM,4997059816,18.190,,
2026-06-05,IFNC,Índice Financeiro,BRSR6,BANRISUL,PNB     N1,202536440,0.673,,
2026-06-05,IFNC,Índice Financeiro,BBSE3,BBSEGURIDADE,ON      NM,616248544,5.065,,
2026-06-05,IFNC,Índice Financeiro,BRBI11,BR PARTNERS,UNT     N2,47238057,0.169,,
2026-06-05,IFNC,Índice Financeiro,BBDC3,BRADESCO,ON  EJ  N1,1130938083,4.008,,
2026-06-05,IFNC,Índice Financeiro,BBDC4,BRADESCO,PN  EJ  N1,3939275399,16.049,,
2026-06-05,IFNC,Índice Financeiro,BBAS3,BRASIL,ON  EJ  NM,2842496541,13.021,,
2026-06-05,IFNC,Índice Financeiro,BPAC11,BTGP BANCO,UNT     N2,1194624560,14.208,,
2026-06-05,IFNC,Índice Financeiro,CXSE3,CAIXA SEGURI,ON      NM,600000000,2.456,,
2026-06-05,IFNC,Índice Financeiro,IRBR3,IRBBRASIL RE,ON  EJ  NM,81534304,0.973,,
2026-06-05,IFNC,Índice Financeiro,ITUB3,ITAUUNIBANCO,ON  EJ  N1,174982153,1.638,,
2026-06-05,IFNC,Índice Financeiro,ITUB4,ITAUUNIBANCO,PN  EJ  N1,2052266378,18.638,,
2026-06-05,IFNC,Índice Financeiro,PINE4,PINE,PN      N2,70606588,0.209,,
2026-06-05,IFNC,Índice Financeiro,PSSA3,PORTO SEGURO,ON      NM,178825403,2.020,,
2026-06-05,IFNC,Índice Financeiro,SANB11,SANTANDER BR,UNT,360347199,2.258,,
2026-06-06,IFNC,Índice Financeiro,ABCB4,ABC BRASIL,PN      N2,76369069,0.427,,
2026-06-06,IFNC,Índice Financeiro,B3SA3,B3,ON      NM,4997059816,18.088,,
2026-06-06,IFNC,Índice Financeiro,BRSR6,BANRISUL,PNB     N1,202536440,0.681,,
2026-06-06,IFNC,Índice Financeiro,BBSE3,BBSEGURIDADE,ON      NM,616248544,5.123,,
2026-06-06,IFNC,Índice Financeiro,BRBI11,BR PARTNERS,UNT     N2,47238057,0.169,,
2026-06-06,IFNC,Índice Financeiro,BBDC3,BRADESCO,ON  EJ  N1,1130938083,4.019,,
2026-06-06,IFNC,Índice Financeiro,BBDC4,BRADESCO,PN  EJ  N1,3939275399,16.166,,
2026-06-06,IFNC,Índice Financeiro,BBAS3,BRASIL,ON  EJ  NM,2842496541,12.800,,
2026-06-06,IFNC,Índice Financeiro,BPAC11,BTGP BANCO,UNT     N2,1194624560,14.213,,
2026-06-06,IFNC,Índice Financeiro,CXSE3,CAIXA SEGURI,ON      NM,600000000,2.476,,
2026-06-06,IFNC,Índice Financeiro,IRBR3,IRBBRASIL RE,ON  EJ  NM,81534304,0.974,,
2026-06-06,IFNC,Índice Financeiro,ITUB3,ITAUUNIBANCO,ON  EJ  N1,174982153,1.663,,
2026-06-06,IFNC,Índice Financeiro,ITUB4,ITAUUNIBANCO,PN  EJ  N1,2052266378,18.719,,
2026-06-06,IFNC,Índice Financeiro,PINE4,PINE,PN      N2,70606588,0.211,,
2026-06-06,IFNC,Índice Financeiro,PSSA3,PORTO SEGURO,ON      NM,178825403,2.008,,
2026-06-06,IFNC,Índice Financeiro,SANB11,SANTANDER BR,UNT,360347199,2.263,,
2026-06-08,IFNC,Índice Financeiro,ABCB4,ABC BRASIL,PN      N2,76369069,0.427,,
2026-06-08,IFNC,Índice Financeiro,B3SA3,B3,ON      NM,4997059816,18.088,,
2026-06-08,IFNC,Índice Financeiro,BRSR6,BANRISUL,PNB     N1,202536440,0.681,,
2026-06-08,IFNC,Índice Financeiro,BBSE3,BBSEGURIDADE,ON      NM,616248544,5.123,,
2026-06-08,IFNC,Índice Financeiro,BRBI11,BR PARTNERS,UNT     N2,47238057,0.169,,
2026-06-08,IFNC,Índice Financeiro,BBDC3,BRADESCO,ON  EJ  N1,1130938083,4.019,,
2026-06-08,IFNC,Índice Financeiro,BBDC4,BRADESCO,PN  EJ  N1,3939275399,16.166,,
2026-06-08,IFNC,Índice Financeiro,BBAS3,BRASIL,ON  EJ  NM,2842496541,12.800,,
2026-06-08,IFNC,Índice Financeiro,BPAC11,BTGP BANCO,UNT     N2,1194624560,14.213,,
2026-06-08,IFNC,Índice Financeiro,CXSE3,CAIXA SEGURI,ON      NM,600000000,2.476,,
2026-06-08,IFNC,Índice Financeiro,IRBR3,IRBBRASIL RE,ON  EJ  NM,81534304,0.974,,
2026-06-08,IFNC,Índice Financeiro,ITUB3,ITAUUNIBANCO,ON  EJ  N1,174982153,1.663,,
2026-06-08,IFNC,Índice Financeiro,ITUB4,ITAUUNIBANCO,PN  EJ  N1,2052266378,18.719,,
2026-06-08,IFNC,Índice Financeiro,PINE4,PINE,PN      N2,70606588,0.211,,
2026-06-08,IFNC,Índice Financeiro,PSSA3,PORTO SEGURO,ON      NM,178825403,2.008,,
2026-06-08,IFNC,Índice Financeiro,SANB11,SANTANDER BR,UNT,360347199,2.263,,
2026-06-09,IFNC,Índice Financeiro,ABCB4,ABC BRASIL,PN      N2,76369069,0.426,,
2026-06-09,IFNC,Índice Financeiro,B3SA3,B3,ON      NM,4997059816,17.989,,
2026-06-09,IFNC,Índice Financeiro,BRSR6,BANRISUL,PNB     N1,202536440,0.684,,
2026-06-09,IFNC,Índice Financeiro,BBSE3,BBSEGURIDADE,ON      NM,616248544,5.228,,
2026-06-09,IFNC,Índice Financeiro,BRBI11,BR PARTNERS,UNT     N2,47238057,0.167,,
2026-06-09,IFNC,Índice Financeiro,BBDC3,BRADESCO,ON  EJ  N1,1130938083,4.004,,
2026-06-09,IFNC,Índice Financeiro,BBDC4,BRADESCO,PN  EJ  N1,3939275399,16.026,,
2026-06-09,IFNC,Índice Financeiro,BBAS3,BRASIL,ON  EJ  NM,2842496541,12.841,,
2026-06-09,IFNC,Índice Financeiro,BPAC11,BTGP BANCO,UNT     N2,1194624560,14.269,,
2026-06-09,IFNC,Índice Financeiro,CXSE3,CAIXA SEGURI,ON      NM,600000000,2.510,,
2026-06-09,IFNC,Índice Financeiro,IRBR3,IRBBRASIL RE,ON  EJ  NM,81534304,0.983,,
2026-06-09,IFNC,Índice Financeiro,ITUB3,ITAUUNIBANCO,ON  EJ  N1,174982153,1.663,,
2026-06-09,IFNC,Índice Financeiro,ITUB4,ITAUUNIBANCO,PN  EJ  N1,2052266378,18.698,,
2026-06-09,IFNC,Índice Financeiro,PINE4,PINE,PN      N2,70606588,0.204,,
2026-06-09,IFNC,Índice Financeiro,PSSA3,PORTO SEGURO,ON      NM,178825403,2.025,,
2026-06-09,IFNC,Índice Financeiro,SANB11,SANTANDER BR,UNT,360347199,2.283,,
2026-06-10,IFNC,Índice Financeiro,ABCB4,ABC BRASIL,PN      N2,76369069,0.436,,
2026-06-10,IFNC,Índice Financeiro,B3SA3,B3,ON      NM,4997059816,17.982,,
2026-06-10,IFNC,Índice Financeiro,BRSR6,BANRISUL,PNB     N1,202536440,0.686,,
2026-06-10,IFNC,Índice Financeiro,BBSE3,BBSEGURIDADE,ON      NM,616248544,5.223,,
2026-06-10,IFNC,Índice Financeiro,BRBI11,BR PARTNERS,UNT     N2,47238057,0.167,,
2026-06-10,IFNC,Índice Financeiro,BBDC3,BRADESCO,ON  EJ  N1,1130938083,4.004,,
2026-06-10,IFNC,Índice Financeiro,BBDC4,BRADESCO,PN  EJ  N1,3939275399,16.055,,
2026-06-10,IFNC,Índice Financeiro,BBAS3,BRASIL,ON  EJ  NM,2842496541,12.701,,
2026-06-10,IFNC,Índice Financeiro,BPAC11,BTGP BANCO,UNT     N2,1194624560,14.204,,
2026-06-10,IFNC,Índice Financeiro,CXSE3,CAIXA SEGURI,ON      NM,600000000,2.520,,
2026-06-10,IFNC,Índice Financeiro,IRBR3,IRBBRASIL RE,ON  EJ  NM,81534304,0.977,,
2026-06-10,IFNC,Índice Financeiro,ITUB3,ITAUUNIBANCO,ON  EJ  N1,174982153,1.689,,
2026-06-10,IFNC,Índice Financeiro,ITUB4,ITAUUNIBANCO,PN  EJ  N1,2052266378,18.821,,
2026-06-10,IFNC,Índice Financeiro,PINE4,PINE,PN      N2,70606588,0.211,,
2026-06-10,IFNC,Índice Financeiro,PSSA3,PORTO SEGURO,ON      NM,178825403,2.035,,
2026-06-10,IFNC,Índice Financeiro,SANB11,SANTANDER BR,UNT,360347199,2.289,,
2026-06-11,IFNC,Índice Financeiro,ABCB4,ABC BRASIL,PN      N2,7636-90-69,0.434,,
2026-06-11,IFNC,Índice Financeiro,B3SA3,B3,ON      NM,4997059816,17.820,,
2026-06-11,IFNC,Índice Financeiro,BRSR6,BANRISUL,PNB     N1,202536440,0.689,,
2026-06-11,IFNC,Índice Financeiro,BBSE3,BBSEGURIDADE,ON      NM,616248544,5.324,,
2026-06-11,IFNC,Índice Financeiro,BRBI11,BR PARTNERS,UNT     N2,4723-80-57,0.168,,
2026-06-11,IFNC,Índice Financeiro,BBDC3,BRADESCO,ON  EJ  N1,1130938083,4.017,,
2026-06-11,IFNC,Índice Financeiro,BBDC4,BRADESCO,PN  EJ  N1,3939275399,16.036,,
2026-06-11,IFNC,Índice Financeiro,BBAS3,BRASIL,ON  EJ  NM,2842496541,12.738,,
2026-06-11,IFNC,Índice Financeiro,BPAC11,BTGP BANCO,UNT     N2,1194624560,13.862,,
2026-06-11,IFNC,Índice Financeiro,CXSE3,CAIXA SEGURI,ON      NM,600000000,2.597,,
2026-06-11,IFNC,Índice Financeiro,IRBR3,IRBBRASIL RE,ON  EJ  NM,8153-43-04,0.983,,
2026-06-11,IFNC,Índice Financeiro,ITUB3,ITAUUNIBANCO,ON  EJ  N1,174982153,1.732,,
2026-06-11,IFNC,Índice Financeiro,ITUB4,ITAUUNIBANCO,PN  EJ  N1,2052266378,19.052,,
2026-06-11,IFNC,Índice Financeiro,PINE4,PINE,PN      N2,7060-65-88,0.209,,
2026-06-11,IFNC,Índice Financeiro,PSSA3,PORTO SEGURO,ON      NM,178825403,2.045,,
2026-06-11,IFNC,Índice Financeiro,SANB11,SANTANDER BR,UNT,360347199,2.294,,
2026-06-12,IFNC,Índice Financeiro,ABCB4,ABC BRASIL,PN      N2,7636-90-69,0.433,,
2026-06-12,IFNC,Índice Financeiro,B3SA3,B3,ON      NM,4997059816,17.769,,
2026-06-12,IFNC,Índice Financeiro,BRSR6,BANRISUL,PNB     N1,202536440,0.701,,
2026-06-12,IFNC,Índice Financeiro,BBSE3,BBSEGURIDADE,ON      NM,616248544,5.365,,
2026-06-12,IFNC,Índice Financeiro,BRBI11,BR PARTNERS,UNT     N2,4723-80-57,0.165,,
2026-06-12,IFNC,Índice Financeiro,BBDC3,BRADESCO,ON  EJ  N1,1130938083,4.016,,
2026-06-12,IFNC,Índice Financeiro,BBDC4,BRADESCO,PN  EJ  N1,3939275399,16.040,,
2026-06-12,IFNC,Índice Financeiro,BBAS3,BRASIL,ON  EJ  NM,2842496541,12.707,,
2026-06-12,IFNC,Índice Financeiro,BPAC11,BTGP BANCO,UNT     N2,1194624560,13.889,,
2026-06-12,IFNC,Índice Financeiro,CXSE3,CAIXA SEGURI,ON      NM,600000000,2.576,,
2026-06-12,IFNC,Índice Financeiro,IRBR3,IRBBRASIL RE,ON      NM,8153-43-04,0.976,,
2026-06-12,IFNC,Índice Financeiro,ITUB3,ITAUUNIBANCO,ON      N1,174982153,1.716,,
2026-06-12,IFNC,Índice Financeiro,ITUB4,ITAUUNIBANCO,PN      N1,2052266378,19.142,,
2026-06-12,IFNC,Índice Financeiro,PINE4,PINE,PN      N2,7060-65-88,0.211,,
2026-06-12,IFNC,Índice Financeiro,PSSA3,PORTO SEGURO,ON      NM,178825403,2.039,,
2026-06-12,IFNC,Índice Financeiro,SANB11,SANTANDER BR,UNT,360347199,2.255,,
2026-06-13,IFNC,Índice Financeiro,ABCB4,ABC BRASIL,PN      N2,7636-90-69,0.438,,
2026-06-13,IFNC,Índice Financeiro,B3SA3,B3,ON      NM,4997059816,17.535,,
2026-06-13,IFNC,Índice Financeiro,BRSR6,BANRISUL,PNB EJ  N1,202536440,0.689,,
2026-06-13,IFNC,Índice Financeiro,BBSE3,BBSEGURIDADE,ON      NM,616248544,5.377,,
2026-06-13,IFNC,Índice Financeiro,BRBI11,BR PARTNERS,UNT     N2,4723-80-57,0.169,,
2026-06-13,IFNC,Índice Financeiro,BBDC3,BRADESCO,ON      N1,1130938083,4.039,,
2026-06-13,IFNC,Índice Financeiro,BBDC4,BRADESCO,PN      N1,3939275399,16.155,,
2026-06-13,IFNC,Índice Financeiro,BBAS3,BRASIL,ON      NM,2842496541,12.745,,
2026-06-13,IFNC,Índice Financeiro,BPAC11,BTGP BANCO,UNT     N2,1194624560,13.870,,
2026-06-13,IFNC,Índice Financeiro,CXSE3,CAIXA SEGURI,ON      NM,600000000,2.571,,
2026-06-13,IFNC,Índice Financeiro,IRBR3,IRBBRASIL RE,ON      NM,8153-43-04,0.978,,
2026-06-13,IFNC,Índice Financeiro,ITUB3,ITAUUNIBANCO,ON      N1,174982153,1.688,,
2026-06-13,IFNC,Índice Financeiro,ITUB4,ITAUUNIBANCO,PN      N1,2052266378,19.198,,
2026-06-13,IFNC,Índice Financeiro,PINE4,PINE,PN      N2,7060-65-88,0.216,,
2026-06-13,IFNC,Índice Financeiro,PSSA3,PORTO SEGURO,ON      NM,178825403,2.080,,
2026-06-13,IFNC,Índice Financeiro,SANB11,SANTANDER BR,UNT,360347199,2.252,,
2026-06-15,IFNC,Índice Financeiro,ABCB4,ABC BRASIL,PN      N2,7636-90-69,0.438,,
2026-06-15,IFNC,Índice Financeiro,B3SA3,B3,ON      NM,4997059816,17.535,,
2026-06-15,IFNC,Índice Financeiro,BRSR6,BANRISUL,PNB EJ  N1,202536440,0.689,,
2026-06-15,IFNC,Índice Financeiro,BBSE3,BBSEGURIDADE,ON      NM,616248544,5.377,,
2026-06-15,IFNC,Índice Financeiro,BRBI11,BR PARTNERS,UNT     N2,4723-80-57,0.169,,
2026-06-15,IFNC,Índice Financeiro,BBDC3,BRADESCO,ON      N1,1130938083,4.039,,
2026-06-15,IFNC,Índice Financeiro,BBDC4,BRADESCO,PN      N1,3939275399,16.155,,
2026-06-15,IFNC,Índice Financeiro,BBAS3,BRASIL,ON      NM,2842496541,12.745,,
2026-06-15,IFNC,Índice Financeiro,BPAC11,BTGP BANCO,UNT     N2,1194624560,13.870,,
2026-06-15,IFNC,Índice Financeiro,CXSE3,CAIXA SEGURI,ON      NM,600000000,2.571,,
2026-06-15,IFNC,Índice Financeiro,IRBR3,IRBBRASIL RE,ON      NM,8153-43-04,0.978,,
2026-06-15,IFNC,Índice Financeiro,ITUB3,ITAUUNIBANCO,ON      N1,174982153,1.688,,
2026-06-15,IFNC,Índice Financeiro,ITUB4,ITAUUNIBANCO,PN      N1,2052266378,19.198,,
2026-06-15,IFNC,Índice Financeiro,PINE4,PINE,PN      N2,7060-65-88,0.216,,
2026-06-15,IFNC,Índice Financeiro,PSSA3,PORTO SEGURO,ON      NM,178825403,2.080,,
2026-06-15,IFNC,Índice Financeiro,SANB11,SANTANDER BR,UNT,360347199,2.252,,
2026-06-16,IFNC,Índice Financeiro,ABCB4,ABC BRASIL,PN      N2,7636-90-69,0.437,,
2026-06-16,IFNC,Índice Financeiro,B3SA3,B3,ON      NM,4997059816,17.487,,
2026-06-16,IFNC,Índice Financeiro,BRSR6,BANRISUL,PNB EJ  N1,202536440,0.686,,
2026-06-16,IFNC,Índice Financeiro,BBSE3,BBSEGURIDADE,ON      NM,616248544,5.381,,
2026-06-16,IFNC,Índice Financeiro,BRBI11,BR PARTNERS,UNT     N2,4723-80-57,0.162,,
2026-06-16,IFNC,Índice Financeiro,BBDC3,BRADESCO,ON      N1,1130938083,4.028,,
2026-06-16,IFNC,Índice Financeiro,BBDC4,BRADESCO,PN      N1,3939275399,16.070,,
2026-06-16,IFNC,Índice Financeiro,BBAS3,BRASIL,ON      NM,2842496541,12.739,,
2026-06-16,IFNC,Índice Financeiro,BPAC11,BTGP BANCO,UNT     N2,1194624560,14.049,,
2026-06-16,IFNC,Índice Financeiro,CXSE3,CAIXA SEGURI,ON      NM,600000000,2.593,,
2026-06-16,IFNC,Índice Financeiro,IRBR3,IRBBRASIL RE,ON      NM,8153-43-04,0.979,,
2026-06-16,IFNC,Índice Financeiro,ITUB3,ITAUUNIBANCO,ON      N1,174982153,1.685,,
2026-06-16,IFNC,Índice Financeiro,ITUB4,ITAUUNIBANCO,PN      N1,2052266378,19.164,,
2026-06-16,IFNC,Índice Financeiro,PINE4,PINE,PN      N2,7060-65-88,0.219,,
2026-06-16,IFNC,Índice Financeiro,PSSA3,PORTO SEGURO,ON      NM,178825403,2.065,,
2026-06-16,IFNC,Índice Financeiro,SANB11,SANTANDER BR,UNT,360347199,2.256,,
2026-06-17,IFNC,Índice Financeiro,ABCB4,ABC BRASIL,PN      N2,7636-90-69,0.429,,
2026-06-17,IFNC,Índice Financeiro,B3SA3,B3,ON      NM,4997059816,17.385,,
2026-06-17,IFNC,Índice Financeiro,BRSR6,BANRISUL,PNB EJ  N1,202536440,0.674,,
2026-06-17,IFNC,Índice Financeiro,BBSE3,BBSEGURIDADE,ON      NM,616248544,5.444,,
2026-06-17,IFNC,Índice Financeiro,BRBI11,BR PARTNERS,UNT     N2,4723-80-57,0.163,,
2026-06-17,IFNC,Índice Financeiro,BBDC3,BRADESCO,ON      N1,1130938083,4.003,,
2026-06-17,IFNC,Índice Financeiro,BBDC4,BRADESCO,PN      N1,3939275399,16.092,,
2026-06-17,IFNC,Índice Financeiro,BBAS3,BRASIL,ON      NM,2842496541,12.756,,
2026-06-17,IFNC,Índice Financeiro,BPAC11,BTGP BANCO,UNT     N2,1194624560,14.010,,
2026-06-17,IFNC,Índice Financeiro,CXSE3,CAIXA SEGURI,ON      NM,600000000,2.600,,
2026-06-17,IFNC,Índice Financeiro,IRBR3,IRBBRASIL RE,ON      NM,8153-43-04,0.975,,
2026-06-17,IFNC,Índice Financeiro,ITUB3,ITAUUNIBANCO,ON      N1,174982153,1.698,,
2026-06-17,IFNC,Índice Financeiro,ITUB4,ITAUUNIBANCO,PN      N1,2052266378,19.203,,
2026-06-17,IFNC,Índice Financeiro,PINE4,PINE,PN      N2,7060-65-88,0.219,,
2026-06-17,IFNC,Índice Financeiro,PSSA3,PORTO SEGURO,ON      NM,178825403,2.091,,
2026-06-17,IFNC,Índice Financeiro,SANB11,SANTANDER BR,UNT,360347199,2.258,,
2026-06-18,IFNC,Índice Financeiro,ABCB4,ABC BRASIL,PN      N2,7636-90-69,0.428,,
2026-06-18,IFNC,Índice Financeiro,B3SA3,B3,ON      NM,4997059816,16.929,,
2026-06-18,IFNC,Índice Financeiro,BRSR6,BANRISUL,PNB EJ  N1,202536440,0.677,,
2026-06-18,IFNC,Índice Financeiro,BBSE3,BBSEGURIDADE,ON      NM,616248544,5.616,,
2026-06-18,IFNC,Índice Financeiro,BRBI11,BR PARTNERS,UNT     N2,4723-80-57,0.161,,
2026-06-18,IFNC,Índice Financeiro,BBDC3,BRADESCO,ON      N1,1130938083,4.015,,
2026-06-18,IFNC,Índice Financeiro,BBDC4,BRADESCO,PN      N1,3939275399,16.031,,
2026-06-18,IFNC,Índice Financeiro,BBAS3,BRASIL,ON      NM,2842496541,12.794,,
2026-06-18,IFNC,Índice Financeiro,BPAC11,BTGP BANCO,UNT     N2,1194624560,13.959,,
2026-06-18,IFNC,Índice Financeiro,CXSE3,CAIXA SEGURI,ON      NM,600000000,2.645,,
2026-06-18,IFNC,Índice Financeiro,IRBR3,IRBBRASIL RE,ON      NM,8153-43-04,0.969,,
2026-06-18,IFNC,Índice Financeiro,ITUB3,ITAUUNIBANCO,ON      N1,174982153,1.744,,
2026-06-18,IFNC,Índice Financeiro,ITUB4,ITAUUNIBANCO,PN      N1,2052266378,19.416,,
2026-06-18,IFNC,Índice Financeiro,PINE4,PINE,PN      N2,7060-65-88,0.215,,
2026-06-18,IFNC,Índice Financeiro,PSSA3,PORTO SEGURO,ON      NM,178825403,2.138,,
2026-06-18,IFNC,Índice Financeiro,SANB11,SANTANDER BR,UNT,360347199,2.263,,
2026-06-19,IFNC,Índice Financeiro,ABCB4,ABC BRASIL,PN      N2,7636-90-69,0.430,,
2026-06-19,IFNC,Índice Financeiro,B3SA3,B3,ON      NM,4997059816,16.677,,
2026-06-19,IFNC,Índice Financeiro,BRSR6,BANRISUL,PNB EJ  N1,202536440,0.678,,
2026-06-19,IFNC,Índice Financeiro,BBSE3,BBSEGURIDADE,ON      NM,616248544,5.660,,
2026-06-19,IFNC,Índice Financeiro,BRBI11,BR PARTNERS,UNT     N2,4723-80-57,0.165,,
2026-06-19,IFNC,Índice Financeiro,BBDC3,BRADESCO,ON      N1,1130938083,4.022,,
2026-06-19,IFNC,Índice Financeiro,BBDC4,BRADESCO,PN      N1,3939275399,16.027,,
2026-06-19,IFNC,Índice Financeiro,BBAS3,BRASIL,ON      NM,2842496541,12.929,,
2026-06-19,IFNC,Índice Financeiro,BPAC11,BTGP BANCO,UNT     N2,1194624560,14.147,,
2026-06-19,IFNC,Índice Financeiro,CXSE3,CAIXA SEGURI,ON      NM,600000000,2.701,,
2026-06-19,IFNC,Índice Financeiro,IRBR3,IRBBRASIL RE,ON      NM,8153-43-04,0.981,,
2026-06-19,IFNC,Índice Financeiro,ITUB3,ITAUUNIBANCO,ON  EJ  N1,174982153,1.721,,
2026-06-19,IFNC,Índice Financeiro,ITUB4,ITAUUNIBANCO,PN  EJ  N1,2052266378,19.210,,
2026-06-19,IFNC,Índice Financeiro,PINE4,PINE,PN      N2,7060-65-88,0.223,,
2026-06-19,IFNC,Índice Financeiro,PSSA3,PORTO SEGURO,ON      NM,178825403,2.186,,
2026-06-19,IFNC,Índice Financeiro,SANB11,SANTANDER BR,UNT,360347199,2.243,,
2026-06-20,IFNC,Índice Financeiro,ABCB4,ABC BRASIL,PN      N2,7636-90-69,0.432,,
2026-06-20,IFNC,Índice Financeiro,B3SA3,B3,ON      NM,4997059816,16.818,,
2026-06-20,IFNC,Índice Financeiro,BRSR6,BANRISUL,PNB EJ  N1,202536440,0.649,,
2026-06-20,IFNC,Índice Financeiro,BBSE3,BBSEGURIDADE,ON      NM,616248544,5.599,,
2026-06-20,IFNC,Índice Financeiro,BRBI11,BR PARTNERS,UNT     N2,4723-80-57,0.160,,
2026-06-20,IFNC,Índice Financeiro,BBDC3,BRADESCO,ON      N1,1130938083,4.004,,
2026-06-20,IFNC,Índice Financeiro,BBDC4,BRADESCO,PN      N1,3939275399,16.073,,
2026-06-20,IFNC,Índice Financeiro,BBAS3,BRASIL,ON      NM,2842496541,12.893,,
2026-06-20,IFNC,Índice Financeiro,BPAC11,BTGP BANCO,UNT     N2,1194624560,14.129,,
2026-06-20,IFNC,Índice Financeiro,CXSE3,CAIXA SEGURI,ON      NM,600000000,2.752,,
2026-06-20,IFNC,Índice Financeiro,IRBR3,IRBBRASIL RE,ON      NM,8153-43-04,0.992,,
2026-06-20,IFNC,Índice Financeiro,ITUB3,ITAUUNIBANCO,ON  EJ  N1,174982153,1.714,,
2026-06-20,IFNC,Índice Financeiro,ITUB4,ITAUUNIBANCO,PN  EJ  N1,2052266378,19.111,,
2026-06-20,IFNC,Índice Financeiro,PINE4,PINE,PN      N2,7060-65-88,0.219,,
2026-06-20,IFNC,Índice Financeiro,PSSA3,PORTO SEGURO,ON      NM,178825403,2.193,,
2026-06-20,IFNC,Índice Financeiro,SANB11,SANTANDER BR,UNT,360347199,2.262,,
2026-06-22,IFNC,Índice Financeiro,ABCB4,ABC BRASIL,PN      N2,7636-90-69,0.432,,
2026-06-22,IFNC,Índice Financeiro,B3SA3,B3,ON      NM,4997059816,16.818,,
2026-06-22,IFNC,Índice Financeiro,BRSR6,BANRISUL,PNB EJ  N1,202536440,0.649,,
2026-06-22,IFNC,Índice Financeiro,BBSE3,BBSEGURIDADE,ON      NM,616248544,5.599,,
2026-06-22,IFNC,Índice Financeiro,BRBI11,BR PARTNERS,UNT     N2,4723-80-57,0.160,,
2026-06-22,IFNC,Índice Financeiro,BBDC3,BRADESCO,ON      N1,1130938083,4.004,,
2026-06-22,IFNC,Índice Financeiro,BBDC4,BRADESCO,PN      N1,3939275399,16.073,,
2026-06-22,IFNC,Índice Financeiro,BBAS3,BRASIL,ON      NM,2842496541,12.893,,
2026-06-22,IFNC,Índice Financeiro,BPAC11,BTGP BANCO,UNT     N2,1194624560,14.129,,
2026-06-22,IFNC,Índice Financeiro,CXSE3,CAIXA SEGURI,ON      NM,600000000,2.752,,
2026-06-22,IFNC,Índice Financeiro,IRBR3,IRBBRASIL RE,ON      NM,8153-43-04,0.992,,
2026-06-22,IFNC,Índice Financeiro,ITUB3,ITAUUNIBANCO,ON  EJ  N1,174982153,1.714,,
2026-06-22,IFNC,Índice Financeiro,ITUB4,ITAUUNIBANCO,PN  EJ  N1,2052266378,19.111,,
2026-06-22,IFNC,Índice Financeiro,PINE4,PINE,PN      N2,7060-65-88,0.219,,
2026-06-22,IFNC,Índice Financeiro,PSSA3,PORTO SEGURO,ON      NM,178825403,2.193,,
2026-06-22,IFNC,Índice Financeiro,SANB11,SANTANDER BR,UNT,360347199,2.262,,
2026-06-23,IFNC,Índice Financeiro,ABCB4,ABC BRASIL,PN      N2,7636-90-69,0.423,,
2026-06-23,IFNC,Índice Financeiro,B3SA3,B3,ON      NM,4997059816,16.874,,
2026-06-23,IFNC,Índice Financeiro,BRSR6,BANRISUL,PNB EJ  N1,202536440,0.645,,
2026-06-23,IFNC,Índice Financeiro,BBSE3,BBSEGURIDADE,ON      NM,616248544,5.469,,
2026-06-23,IFNC,Índice Financeiro,BRBI11,BR PARTNERS,UNT     N2,4723-80-57,0.157,,
2026-06-23,IFNC,Índice Financeiro,BBDC3,BRADESCO,ON      N1,1130938083,4.009,,
2026-06-23,IFNC,Índice Financeiro,BBDC4,BRADESCO,PN      N1,3939275399,15.999,,
2026-06-23,IFNC,Índice Financeiro,BBAS3,BRASIL,ON      NM,2842496541,12.785,,
2026-06-23,IFNC,Índice Financeiro,BPAC11,BTGP BANCO,UNT     N2,1194624560,14.328,,
2026-06-23,IFNC,Índice Financeiro,CXSE3,CAIXA SEGURI,ON      NM,600000000,2.679,,
2026-06-23,IFNC,Índice Financeiro,IRBR3,IRBBRASIL RE,ON      NM,8153-43-04,0.993,,
2026-06-23,IFNC,Índice Financeiro,ITUB3,ITAUUNIBANCO,ON  EJ  N1,174982153,1.726,,
2026-06-23,IFNC,Índice Financeiro,ITUB4,ITAUUNIBANCO,PN  EJ  N1,2052266378,19.301,,
2026-06-23,IFNC,Índice Financeiro,PINE4,PINE,PN      N2,7060-65-88,0.211,,
2026-06-23,IFNC,Índice Financeiro,PSSA3,PORTO SEGURO,ON  EJ  NM,178825403,2.170,,
2026-06-23,IFNC,Índice Financeiro,SANB11,SANTANDER BR,UNT,360347199,2.231,,
2026-06-24,IFNC,Índice Financeiro,ABCB4,ABC BRASIL,PN      N2,7636-90-69,0.419,,
2026-06-24,IFNC,Índice Financeiro,B3SA3,B3,ON      NM,4997059816,16.810,,
2026-06-24,IFNC,Índice Financeiro,BRSR6,BANRISUL,PNB EJ  N1,202536440,0.627,,
2026-06-24,IFNC,Índice Financeiro,BBSE3,BBSEGURIDADE,ON      NM,616248544,5.390,,
2026-06-24,IFNC,Índice Financeiro,BRBI11,BR PARTNERS,UNT     N2,4723-80-57,0.158,,
2026-06-24,IFNC,Índice Financeiro,BBDC3,BRADESCO,ON      N1,1130938083,4.016,,
2026-06-24,IFNC,Índice Financeiro,BBDC4,BRADESCO,PN      N1,3939275399,16.061,,
2026-06-24,IFNC,Índice Financeiro,BBAS3,BRASIL,ON      NM,2842496541,12.901,,
2026-06-24,IFNC,Índice Financeiro,BPAC11,BTGP BANCO,UNT     N2,1194624560,14.415,,
2026-06-24,IFNC,Índice Financeiro,CXSE3,CAIXA SEGURI,ON      NM,600000000,2.664,,
2026-06-24,IFNC,Índice Financeiro,IRBR3,IRBBRASIL RE,ON      NM,8153-43-04,1.011,,
2026-06-24,IFNC,Índice Financeiro,ITUB3,ITAUUNIBANCO,ON  EJ  N1,174982153,1.728,,
2026-06-24,IFNC,Índice Financeiro,ITUB4,ITAUUNIBANCO,PN  EJ  N1,2052266378,19.253,,
2026-06-24,IFNC,Índice Financeiro,PINE4,PINE,PN      N2,7060-65-88,0.211,,
2026-06-24,IFNC,Índice Financeiro,PSSA3,PORTO SEGURO,ON  EJ  NM,178825403,2.133,,
2026-06-24,IFNC,Índice Financeiro,SANB11,SANTANDER BR,UNT,360347199,2.203,,
2026-06-25,IFNC,Índice Financeiro,ABCB4,ABC BRASIL,PN      N2,7636-90-69,0.419,,
2026-06-25,IFNC,Índice Financeiro,B3SA3,B3,ON  EJ  NM,4997059816,16.888,,
2026-06-25,IFNC,Índice Financeiro,BRSR6,BANRISUL,PNB     N1,202536440,0.616,,
2026-06-25,IFNC,Índice Financeiro,BBSE3,BBSEGURIDADE,ON      NM,616248544,5.448,,
2026-06-25,IFNC,Índice Financeiro,BRBI11,BR PARTNERS,UNT     N2,4723-80-57,0.153,,
2026-06-25,IFNC,Índice Financeiro,BBDC3,BRADESCO,ON      N1,1130938083,3.975,,
2026-06-25,IFNC,Índice Financeiro,BBDC4,BRADESCO,PN      N1,3939275399,15.890,,
2026-06-25,IFNC,Índice Financeiro,BBAS3,BRASIL,ON      NM,2842496541,12.817,,
2026-06-25,IFNC,Índice Financeiro,BPAC11,BTGP BANCO,UNT     N2,1194624560,14.650,,
2026-06-25,IFNC,Índice Financeiro,CXSE3,CAIXA SEGURI,ON      NM,600000000,2.662,,
2026-06-25,IFNC,Índice Financeiro,IRBR3,IRBBRASIL RE,ON      NM,8153-43-04,1.015,,
2026-06-25,IFNC,Índice Financeiro,ITUB3,ITAUUNIBANCO,ON  EJ  N1,174982153,1.732,,
2026-06-25,IFNC,Índice Financeiro,ITUB4,ITAUUNIBANCO,PN  EJ  N1,2052266378,19.215,,
2026-06-25,IFNC,Índice Financeiro,PINE4,PINE,PN      N2,7060-65-88,0.207,,
2026-06-25,IFNC,Índice Financeiro,PSSA3,PORTO SEGURO,ON  EJ  NM,178825403,2.141,,
2026-06-25,IFNC,Índice Financeiro,SANB11,SANTANDER BR,UNT,360347199,2.172,,
2026-06-26,IFNC,Índice Financeiro,ABCB4,ABC BRASIL,PN      N2,7636-90-69,0.435,,
2026-06-26,IFNC,Índice Financeiro,B3SA3,B3,ON  EJ  NM,4997059816,16.594,,
2026-06-26,IFNC,Índice Financeiro,BRSR6,BANRISUL,PNB     N1,202536440,0.612,,
2026-06-26,IFNC,Índice Financeiro,BBSE3,BBSEGURIDADE,ON      NM,616248544,5.444,,
2026-06-26,IFNC,Índice Financeiro,BRBI11,BR PARTNERS,UNT     N2,4723-80-57,0.151,,
2026-06-26,IFNC,Índice Financeiro,BBDC3,BRADESCO,ON      N1,1130938083,3.948,,
2026-06-26,IFNC,Índice Financeiro,BBDC4,BRADESCO,PN      N1,3939275399,15.776,,
2026-06-26,IFNC,Índice Financeiro,BBAS3,BRASIL,ON      NM,2842496541,12.954,,
2026-06-26,IFNC,Índice Financeiro,BPAC11,BTGP BANCO,UNT     N2,1194624560,14.744,,
2026-06-26,IFNC,Índice Financeiro,CXSE3,CAIXA SEGURI,ON      NM,600000000,2.643,,
2026-06-26,IFNC,Índice Financeiro,IRBR3,IRBBRASIL RE,ON      NM,8153-43-04,1.014,,
2026-06-26,IFNC,Índice Financeiro,ITUB3,ITAUUNIBANCO,ON  EJ  N1,174982153,1.753,,
2026-06-26,IFNC,Índice Financeiro,ITUB4,ITAUUNIBANCO,PN  EJ  N1,2052266378,19.451,,
2026-06-26,IFNC,Índice Financeiro,PINE4,PINE,PN      N2,7060-65-88,0.197,,
2026-06-26,IFNC,Índice Financeiro,PSSA3,PORTO SEGURO,ON  EJ  NM,178825403,2.138,,
2026-06-26,IFNC,Índice Financeiro,SANB11,SANTANDER BR,UNT,360347199,2.146,,
2026-06-27,IFNC,Índice Financeiro,ABCB4,ABC BRASIL,PN      N2,7636-90-69,0.431,,
2026-06-27,IFNC,Índice Financeiro,B3SA3,B3,ON  EJ  NM,4997059816,16.713,,
2026-06-27,IFNC,Índice Financeiro,BRSR6,BANRISUL,PNB     N1,202536440,0.627,,
2026-06-27,IFNC,Índice Financeiro,BBSE3,BBSEGURIDADE,ON      NM,616248544,5.411,,
2026-06-27,IFNC,Índice Financeiro,BRBI11,BR PARTNERS,UNT     N2,4723-80-57,0.152,,
2026-06-27,IFNC,Índice Financeiro,BBDC3,BRADESCO,ON      N1,1130938083,3.965,,
2026-06-27,IFNC,Índice Financeiro,BBDC4,BRADESCO,PN      N1,3939275399,15.824,,
2026-06-27,IFNC,Índice Financeiro,BBAS3,BRASIL,ON      NM,2842496541,12.961,,
2026-06-27,IFNC,Índice Financeiro,BPAC11,BTGP BANCO,UNT     N2,1194624560,14.638,,
2026-06-27,IFNC,Índice Financeiro,CXSE3,CAIXA SEGURI,ON      NM,600000000,2.639,,
2026-06-27,IFNC,Índice Financeiro,IRBR3,IRBBRASIL RE,ON      NM,8153-43-04,1.011,,
2026-06-27,IFNC,Índice Financeiro,ITUB3,ITAUUNIBANCO,ON  EJ  N1,174982153,1.741,,
2026-06-27,IFNC,Índice Financeiro,ITUB4,ITAUUNIBANCO,PN  EJ  N1,2052266378,19.433,,
2026-06-27,IFNC,Índice Financeiro,PINE4,PINE,PN      N2,7060-65-88,0.190,,
2026-06-27,IFNC,Índice Financeiro,PSSA3,PORTO SEGURO,ON  EJ  NM,178825403,2.135,,
2026-06-27,IFNC,Índice Financeiro,SANB11,SANTANDER BR,UNT,360347199,2.129,,
2026-06-28,IFNC,Índice Financeiro,ABCB4,ABC BRASIL,PN      N2,7636-90-69,0.431,,
2026-06-28,IFNC,Índice Financeiro,B3SA3,B3,ON  EJ  NM,4997059816,16.713,,
2026-06-28,IFNC,Índice Financeiro,BRSR6,BANRISUL,PNB     N1,202536440,0.627,,
2026-06-28,IFNC,Índice Financeiro,BBSE3,BBSEGURIDADE,ON      NM,616248544,5.411,,
2026-06-28,IFNC,Índice Financeiro,BRBI11,BR PARTNERS,UNT     N2,4723-80-57,0.152,,
2026-06-28,IFNC,Índice Financeiro,BBDC3,BRADESCO,ON      N1,1130938083,3.965,,
2026-06-28,IFNC,Índice Financeiro,BBDC4,BRADESCO,PN      N1,3939275399,15.824,,
2026-06-28,IFNC,Índice Financeiro,BBAS3,BRASIL,ON      NM,2842496541,12.961,,
2026-06-28,IFNC,Índice Financeiro,BPAC11,BTGP BANCO,UNT     N2,1194624560,14.638,,
2026-06-28,IFNC,Índice Financeiro,CXSE3,CAIXA SEGURI,ON      NM,600000000,2.639,,
2026-06-28,IFNC,Índice Financeiro,IRBR3,IRBBRASIL RE,ON      NM,8153-43-04,1.011,,
2026-06-28,IFNC,Índice Financeiro,ITUB3,ITAUUNIBANCO,ON  EJ  N1,174982153,1.741,,
2026-06-28,IFNC,Índice Financeiro,ITUB4,ITAUUNIBANCO,PN  EJ  N1,2052266378,19.433,,
2026-06-28,IFNC,Índice Financeiro,PINE4,PINE,PN      N2,7060-65-88,0.190,,
2026-06-28,IFNC,Índice Financeiro,PSSA3,PORTO SEGURO,ON  EJ  NM,178825403,2.135,,
2026-06-28,IFNC,Índice Financeiro,SANB11,SANTANDER BR,UNT,360347199,2.129,,
2026-06-29,IFNC,Índice Financeiro,ABCB4,ABC BRASIL,PN      N2,7636-90-69,0.431,,
2026-06-29,IFNC,Índice Financeiro,B3SA3,B3,ON  EJ  NM,4997059816,16.713,,
2026-06-29,IFNC,Índice Financeiro,BRSR6,BANRISUL,PNB     N1,202536440,0.627,,
2026-06-29,IFNC,Índice Financeiro,BBSE3,BBSEGURIDADE,ON      NM,616248544,5.411,,
2026-06-29,IFNC,Índice Financeiro,BRBI11,BR PARTNERS,UNT     N2,4723-80-57,0.152,,
2026-06-29,IFNC,Índice Financeiro,BBDC3,BRADESCO,ON      N1,1130938083,3.965,,
2026-06-29,IFNC,Índice Financeiro,BBDC4,BRADESCO,PN      N1,3939275399,15.824,,
2026-06-29,IFNC,Índice Financeiro,BBAS3,BRASIL,ON      NM,2842496541,12.961,,
2026-06-29,IFNC,Índice Financeiro,BPAC11,BTGP BANCO,UNT     N2,1194624560,14.638,,
2026-06-29,IFNC,Índice Financeiro,CXSE3,CAIXA SEGURI,ON      NM,600000000,2.639,,
2026-06-29,IFNC,Índice Financeiro,IRBR3,IRBBRASIL RE,ON      NM,8153-43-04,1.011,,
2026-06-29,IFNC,Índice Financeiro,ITUB3,ITAUUNIBANCO,ON  EJ  N1,174982153,1.741,,
2026-06-29,IFNC,Índice Financeiro,ITUB4,ITAUUNIBANCO,PN  EJ  N1,2052266378,19.433,,
2026-06-29,IFNC,Índice Financeiro,PINE4,PINE,PN      N2,7060-65-88,0.190,,
2026-06-29,IFNC,Índice Financeiro,PSSA3,PORTO SEGURO,ON  EJ  NM,178825403,2.135,,
2026-06-29,IFNC,Índice Financeiro,SANB11,SANTANDER BR,UNT,360347199,2.129,,
2026-06-30,IFNC,Índice Financeiro,ABCB4,ABC BRASIL,PN  EJS N2,7893-65-56,0.428,,
2026-06-30,IFNC,Índice Financeiro,B3SA3,B3,ON  EJ  NM,4997059816,16.466,,
2026-06-30,IFNC,Índice Financeiro,BRSR6,BANRISUL,PNB     N1,202536440,0.632,,
2026-06-30,IFNC,Índice Financeiro,BBSE3,BBSEGURIDADE,ON      NM,616248544,5.429,,
2026-06-30,IFNC,Índice Financeiro,BRBI11,BR PARTNERS,UNT     N2,4723-80-57,0.153,,
2026-06-30,IFNC,Índice Financeiro,BBDC3,BRADESCO,ON      N1,1130938083,4.005,,
2026-06-30,IFNC,Índice Financeiro,BBDC4,BRADESCO,PN      N1,3939275399,16.033,,
2026-06-30,IFNC,Índice Financeiro,BBAS3,BRASIL,ON      NM,2842496541,12.900,,
2026-06-30,IFNC,Índice Financeiro,BPAC11,BTGP BANCO,UNT     N2,1194624560,14.587,,
2026-06-30,IFNC,Índice Financeiro,CXSE3,CAIXA SEGURI,ON      NM,600000000,2.649,,
2026-06-30,IFNC,Índice Financeiro,IRBR3,IRBBRASIL RE,ON      NM,8153-43-04,0.994,,
2026-06-30,IFNC,Índice Financeiro,ITUB3,ITAUUNIBANCO,ON  EJ  N1,174982153,1.739,,
2026-06-30,IFNC,Índice Financeiro,ITUB4,ITAUUNIBANCO,PN  EJ  N1,2052266378,19.497,,
2026-06-30,IFNC,Índice Financeiro,PINE4,PINE,PN      N2,7060-65-88,0.188,,
2026-06-30,IFNC,Índice Financeiro,PSSA3,PORTO SEGURO,ON  EJ  NM,178825403,2.135,,
2026-06-30,IFNC,Índice Financeiro,SANB11,SANTANDER BR,UNT,360347199,2.165,,
2026-07-01,IFNC,Índice Financeiro,ABCB4,ABC BRASIL,PN  EJS N2,7893-65-56,0.424,,
2026-07-01,IFNC,Índice Financeiro,B3SA3,B3,ON  EJ  NM,4997059816,16.389,,
2026-07-01,IFNC,Índice Financeiro,BRSR6,BANRISUL,PNB     N1,202536440,0.635,,
2026-07-01,IFNC,Índice Financeiro,BBSE3,BBSEGURIDADE,ON      NM,616248544,5.449,,
2026-07-01,IFNC,Índice Financeiro,BRBI11,BR PARTNERS,UNT     N2,4723-80-57,0.157,,
2026-07-01,IFNC,Índice Financeiro,BBDC3,BRADESCO,ON      N1,1130938083,4.026,,
2026-07-01,IFNC,Índice Financeiro,BBDC4,BRADESCO,PN      N1,3939275399,16.094,,
2026-07-01,IFNC,Índice Financeiro,BBAS3,BRASIL,ON      NM,2842496541,12.774,,
2026-07-01,IFNC,Índice Financeiro,BPAC11,BTGP BANCO,UNT     N2,1194624560,14.585,,
2026-07-01,IFNC,Índice Financeiro,CXSE3,CAIXA SEGURI,ON      NM,600000000,2.669,,
2026-07-01,IFNC,Índice Financeiro,IRBR3,IRBBRASIL RE,ON  EJ  NM,8153-43-04,1.009,,
2026-07-01,IFNC,Índice Financeiro,ITUB3,ITAUUNIBANCO,ON  EJ  N1,174982153,1.748,,
2026-07-01,IFNC,Índice Financeiro,ITUB4,ITAUUNIBANCO,PN  EJ  N1,2052266378,19.532,,
2026-07-01,IFNC,Índice Financeiro,PINE4,PINE,PN      N2,7060-65-88,0.193,,
2026-07-01,IFNC,Índice Financeiro,PSSA3,PORTO SEGURO,ON  EJ  NM,178825403,2.136,,
2026-07-01,IFNC,Índice Financeiro,SANB11,SANTANDER BR,UNT,360347199,2.180,,
2026-07-02,IFNC,Índice Financeiro,ABCB4,ABC BRASIL,PN  EJS N2,7893-65-56,0.425,,
2026-07-02,IFNC,Índice Financeiro,B3SA3,B3,ON  EJ  NM,4997059816,16.290,,
2026-07-02,IFNC,Índice Financeiro,BRSR6,BANRISUL,PNB     N1,202536440,0.640,,
2026-07-02,IFNC,Índice Financeiro,BBSE3,BBSEGURIDADE,ON      NM,616248544,5.320,,
2026-07-02,IFNC,Índice Financeiro,BRBI11,BR PARTNERS,UNT     N2,4723-80-57,0.157,,
2026-07-02,IFNC,Índice Financeiro,BBDC3,BRADESCO,ON  EJ  N1,1130938083,4.026,,
2026-07-02,IFNC,Índice Financeiro,BBDC4,BRADESCO,PN  EJ  N1,3939275399,16.145,,
2026-07-02,IFNC,Índice Financeiro,BBAS3,BRASIL,ON      NM,2842496541,12.696,,
2026-07-02,IFNC,Índice Financeiro,BPAC11,BTGP BANCO,UNT     N2,1194624560,14.605,,
2026-07-02,IFNC,Índice Financeiro,CXSE3,CAIXA SEGURI,ON      NM,600000000,2.698,,
2026-07-02,IFNC,Índice Financeiro,IRBR3,IRBBRASIL RE,ON  EJ  NM,8153-43-04,1.006,,
2026-07-02,IFNC,Índice Financeiro,ITUB3,ITAUUNIBANCO,ON  EJ  N1,174982153,1.764,,
2026-07-02,IFNC,Índice Financeiro,ITUB4,ITAUUNIBANCO,PN  EJ  N1,2052266378,19.718,,
2026-07-02,IFNC,Índice Financeiro,PINE4,PINE,PN      N2,7060-65-88,0.191,,
2026-07-02,IFNC,Índice Financeiro,PSSA3,PORTO SEGURO,ON  EJ  NM,178825403,2.144,,
2026-07-02,IFNC,Índice Financeiro,SANB11,SANTANDER BR,UNT,360347199,2.175,,
2026-07-03,IFNC,Índice Financeiro,ABCB4,ABC BRASIL,PN  EJS N2,7893-65-56,0.421,,
2026-07-03,IFNC,Índice Financeiro,B3SA3,B3,ON  EJ  NM,4997059816,16.397,,
2026-07-03,IFNC,Índice Financeiro,BRSR6,BANRISUL,PNB     N1,202536440,0.636,,
2026-07-03,IFNC,Índice Financeiro,BBSE3,BBSEGURIDADE,ON      NM,616248544,5.352,,
2026-07-03,IFNC,Índice Financeiro,BRBI11,BR PARTNERS,UNT     N2,4723-80-57,0.156,,
2026-07-03,IFNC,Índice Financeiro,BBDC3,BRADESCO,ON  EJ  N1,1130938083,4.026,,
2026-07-03,IFNC,Índice Financeiro,BBDC4,BRADESCO,PN  EJ  N1,3939275399,16.067,,
2026-07-03,IFNC,Índice Financeiro,BBAS3,BRASIL,ON      NM,2842496541,12.768,,
2026-07-03,IFNC,Índice Financeiro,BPAC11,BTGP BANCO,UNT     N2,1194624560,14.633,,
2026-07-03,IFNC,Índice Financeiro,CXSE3,CAIXA SEGURI,ON      NM,600000000,2.717,,
2026-07-03,IFNC,Índice Financeiro,IRBR3,IRBBRASIL RE,ON  EJ  NM,8153-43-04,0.999,,
2026-07-03,IFNC,Índice Financeiro,ITUB3,ITAUUNIBANCO,ON  EJ  N1,174982153,1.750,,
2026-07-03,IFNC,Índice Financeiro,ITUB4,ITAUUNIBANCO,PN  EJ  N1,2052266378,19.576,,
2026-07-03,IFNC,Índice Financeiro,PINE4,PINE,PN      N2,7060-65-88,0.189,,
2026-07-03,IFNC,Índice Financeiro,PSSA3,PORTO SEGURO,ON      NM,178825403,2.147,,
2026-07-03,IFNC,Índice Financeiro,SANB11,SANTANDER BR,UNT,360347199,2.166,,
2026-07-04,IFNC,Índice Financeiro,ABCB4,ABC BRASIL,PN  EJS N2,7893-65-56,0.420,,
2026-07-04,IFNC,Índice Financeiro,B3SA3,B3,ON  EJ  NM,4997059816,16.483,,
2026-07-04,IFNC,Índice Financeiro,BRSR6,BANRISUL,PNB     N1,202536440,0.629,,
2026-07-04,IFNC,Índice Financeiro,BBSE3,BBSEGURIDADE,ON      NM,616248544,5.323,,
2026-07-04,IFNC,Índice Financeiro,BRBI11,BR PARTNERS,UNT     N2,4723-80-57,0.153,,
2026-07-04,IFNC,Índice Financeiro,BBDC3,BRADESCO,ON  EJ  N1,1130938083,3.948,,
2026-07-04,IFNC,Índice Financeiro,BBDC4,BRADESCO,PN  EJ  N1,3939275399,15.823,,
2026-07-04,IFNC,Índice Financeiro,BBAS3,BRASIL,ON      NM,2842496541,12.692,,
2026-07-04,IFNC,Índice Financeiro,BPAC11,BTGP BANCO,UNT     N2,1194624560,14.907,,
2026-07-04,IFNC,Índice Financeiro,CXSE3,CAIXA SEGURI,ON      NM,600000000,2.753,,
2026-07-04,IFNC,Índice Financeiro,IRBR3,IRBBRASIL RE,ON  EJ  NM,8153-43-04,0.998,,
2026-07-04,IFNC,Índice Financeiro,ITUB3,ITAUUNIBANCO,ON  EJ  N1,174982153,1.740,,
2026-07-04,IFNC,Índice Financeiro,ITUB4,ITAUUNIBANCO,PN  EJ  N1,2052266378,19.602,,
2026-07-04,IFNC,Índice Financeiro,PINE4,PINE,PN      N2,7060-65-88,0.193,,
2026-07-04,IFNC,Índice Financeiro,PSSA3,PORTO SEGURO,ON      NM,178825403,2.166,,
2026-07-04,IFNC,Índice Financeiro,SANB11,SANTANDER BR,UNT,360347199,2.170,,
2026-07-06,IFNC,Índice Financeiro,ABCB4,ABC BRASIL,PN  EJS N2,7893-65-56,0.420,,
2026-07-06,IFNC,Índice Financeiro,B3SA3,B3,ON  EJ  NM,4997059816,16.483,,
2026-07-06,IFNC,Índice Financeiro,BRSR6,BANRISUL,PNB     N1,202536440,0.629,,
2026-07-06,IFNC,Índice Financeiro,BBSE3,BBSEGURIDADE,ON      NM,616248544,5.323,,
2026-07-06,IFNC,Índice Financeiro,BRBI11,BR PARTNERS,UNT     N2,4723-80-57,0.153,,
2026-07-06,IFNC,Índice Financeiro,BBDC3,BRADESCO,ON  EJ  N1,1130938083,3.948,,
2026-07-06,IFNC,Índice Financeiro,BBDC4,BRADESCO,PN  EJ  N1,3939275399,15.823,,
2026-07-06,IFNC,Índice Financeiro,BBAS3,BRASIL,ON      NM,2842496541,12.692,,
2026-07-06,IFNC,Índice Financeiro,BPAC11,BTGP BANCO,UNT     N2,1194624560,14.907,,
2026-07-06,IFNC,Índice Financeiro,CXSE3,CAIXA SEGURI,ON      NM,600000000,2.753,,
2026-07-06,IFNC,Índice Financeiro,IRBR3,IRBBRASIL RE,ON  EJ  NM,8153-43-04,0.998,,
2026-07-06,IFNC,Índice Financeiro,ITUB3,ITAUUNIBANCO,ON  EJ  N1,174982153,1.740,,
2026-07-06,IFNC,Índice Financeiro,ITUB4,ITAUUNIBANCO,PN  EJ  N1,2052266378,19.602,,
2026-07-06,IFNC,Índice Financeiro,PINE4,PINE,PN      N2,7060-65-88,0.193,,
2026-07-06,IFNC,Índice Financeiro,PSSA3,PORTO SEGURO,ON      NM,178825403,2.166,,
2026-07-06,IFNC,Índice Financeiro,SANB11,SANTANDER BR,UNT,360347199,2.170,,
2026-07-07,IFNC,Índice Financeiro,ABCB4,ABC BRASIL,PN  EJS N2,7893-65-56,0.423,,
2026-07-07,IFNC,Índice Financeiro,B3SA3,B3,ON      NM,4997059816,16.386,,
2026-07-07,IFNC,Índice Financeiro,BRSR6,BANRISUL,PNB     N1,202536440,0.640,,
2026-07-07,IFNC,Índice Financeiro,BBSE3,BBSEGURIDADE,ON      NM,616248544,5.365,,
2026-07-07,IFNC,Índice Financeiro,BRBI11,BR PARTNERS,UNT     N2,4723-80-57,0.154,,
2026-07-07,IFNC,Índice Financeiro,BBDC3,BRADESCO,ON  EJ  N1,1130938083,3.955,,
2026-07-07,IFNC,Índice Financeiro,BBDC4,BRADESCO,PN  EJ  N1,3939275399,15.876,,
2026-07-07,IFNC,Índice Financeiro,BBAS3,BRASIL,ON      NM,2842496541,12.638,,
2026-07-07,IFNC,Índice Financeiro,BPAC11,BTGP BANCO,UNT     N2,1194624560,14.879,,
2026-07-07,IFNC,Índice Financeiro,CXSE3,CAIXA SEGURI,ON      NM,600000000,2.777,,
2026-07-07,IFNC,Índice Financeiro,IRBR3,IRBBRASIL RE,ON  EJ  NM,8153-43-04,1.006,,
2026-07-07,IFNC,Índice Financeiro,ITUB3,ITAUUNIBANCO,ON  EJ  N1,174982153,1.752,,
2026-07-07,IFNC,Índice Financeiro,ITUB4,ITAUUNIBANCO,PN  EJ  N1,2052266378,19.644,,
2026-07-07,IFNC,Índice Financeiro,PINE4,PINE,PN      N2,7060-65-88,0.193,,
2026-07-07,IFNC,Índice Financeiro,PSSA3,PORTO SEGURO,ON      NM,178825403,2.148,,
2026-07-07,IFNC,Índice Financeiro,SANB11,SANTANDER BR,UNT,360347199,2.164,,
2026-07-08,IFNC,Índice Financeiro,ABCB4,ABC BRASIL,PN  EJS N2,7893-65-56,0.428,,
2026-07-08,IFNC,Índice Financeiro,B3SA3,B3,ON      NM,4997059816,16.419,,
2026-07-08,IFNC,Índice Financeiro,BRSR6,BANRISUL,PNB     N1,202536440,0.642,,
2026-07-08,IFNC,Índice Financeiro,BBSE3,BBSEGURIDADE,ON      NM,616248544,5.372,,
2026-07-08,IFNC,Índice Financeiro,BRBI11,BR PARTNERS,UNT     N2,4723-80-57,0.154,,
2026-07-08,IFNC,Índice Financeiro,BBDC3,BRADESCO,ON  EJ  N1,1130938083,3.979,,
2026-07-08,IFNC,Índice Financeiro,BBDC4,BRADESCO,PN  EJ  N1,3939275399,15.875,,
2026-07-08,IFNC,Índice Financeiro,BBAS3,BRASIL,ON      NM,2842496541,12.683,,
2026-07-08,IFNC,Índice Financeiro,BPAC11,BTGP BANCO,UNT     N2,1194624560,14.737,,
2026-07-08,IFNC,Índice Financeiro,CXSE3,CAIXA SEGURI,ON      NM,600000000,2.834,,
2026-07-08,IFNC,Índice Financeiro,IRBR3,IRBBRASIL RE,ON  EJ  NM,8153-43-04,1.010,,
2026-07-08,IFNC,Índice Financeiro,ITUB3,ITAUUNIBANCO,ON  EJ  N1,174982153,1.771,,
2026-07-08,IFNC,Índice Financeiro,ITUB4,ITAUUNIBANCO,PN  EJ  N1,2052266378,19.692,,
2026-07-08,IFNC,Índice Financeiro,PINE4,PINE,PN      N2,7060-65-88,0.201,,
2026-07-08,IFNC,Índice Financeiro,PSSA3,PORTO SEGURO,ON      NM,178825403,2.083,,
2026-07-08,IFNC,Índice Financeiro,SANB11,SANTANDER BR,UNT,360347199,2.120,,
2026-07-09,IFNC,Índice Financeiro,ABCB4,ABC BRASIL,PN  EJS N2,7893-65-56,0.433,,
2026-07-09,IFNC,Índice Financeiro,B3SA3,B3,ON      NM,4997059816,16.248,,
2026-07-09,IFNC,Índice Financeiro,BRSR6,BANRISUL,PNB     N1,202536440,0.643,,
2026-07-09,IFNC,Índice Financeiro,BBSE3,BBSEGURIDADE,ON      NM,616248544,5.453,,
2026-07-09,IFNC,Índice Financeiro,BRBI11,BR PARTNERS,UNT     N2,4723-80-57,0.155,,
2026-07-09,IFNC,Índice Financeiro,BBDC3,BRADESCO,ON  EJ  N1,1130938083,4.003,,
2026-07-09,IFNC,Índice Financeiro,BBDC4,BRADESCO,PN  EJ  N1,3939275399,15.911,,
2026-07-09,IFNC,Índice Financeiro,BBAS3,BRASIL,ON      NM,2842496541,12.676,,
2026-07-09,IFNC,Índice Financeiro,BPAC11,BTGP BANCO,UNT     N2,1194624560,14.716,,
2026-07-09,IFNC,Índice Financeiro,CXSE3,CAIXA SEGURI,ON      NM,600000000,2.892,,
2026-07-09,IFNC,Índice Financeiro,IRBR3,IRBBRASIL RE,ON  EJ  NM,8153-43-04,1.021,,
2026-07-09,IFNC,Índice Financeiro,ITUB3,ITAUUNIBANCO,ON  EJ  N1,174982153,1.771,,
2026-07-09,IFNC,Índice Financeiro,ITUB4,ITAUUNIBANCO,PN  EJ  N1,2052266378,19.630,,
2026-07-09,IFNC,Índice Financeiro,PINE4,PINE,PN      N2,7060-65-88,0.198,,
2026-07-09,IFNC,Índice Financeiro,PSSA3,PORTO SEGURO,ON      NM,178825403,2.144,,
2026-07-09,IFNC,Índice Financeiro,SANB11,SANTANDER BR,UNT,360347199,2.106,,
2026-07-10,IFNC,Índice Financeiro,ABCB4,ABC BRASIL,PN      N2,7893-65-56,0.433,,
2026-07-10,IFNC,Índice Financeiro,B3SA3,B3,ON      NM,4997059816,16.488,,
2026-07-10,IFNC,Índice Financeiro,BRSR6,BANRISUL,PNB     N1,202536440,0.641,,
2026-07-10,IFNC,Índice Financeiro,BBSE3,BBSEGURIDADE,ON      NM,616248544,5.400,,
2026-07-10,IFNC,Índice Financeiro,BRBI11,BR PARTNERS,UNT     N2,4723-80-57,0.158,,
2026-07-10,IFNC,Índice Financeiro,BBDC3,BRADESCO,ON  EJ  N1,1130938083,3.961,,
2026-07-10,IFNC,Índice Financeiro,BBDC4,BRADESCO,PN  EJ  N1,3939275399,15.819,,
2026-07-10,IFNC,Índice Financeiro,BBAS3,BRASIL,ON      NM,2842496541,12.683,,
2026-07-10,IFNC,Índice Financeiro,BPAC11,BTGP BANCO,UNT     N2,1194624560,14.839,,
2026-07-10,IFNC,Índice Financeiro,CXSE3,CAIXA SEGURI,ON      NM,600000000,2.890,,
2026-07-10,IFNC,Índice Financeiro,IRBR3,IRBBRASIL RE,ON  EJ  NM,8153-43-04,1.005,,
2026-07-10,IFNC,Índice Financeiro,ITUB3,ITAUUNIBANCO,ON  EJ  N1,174982153,1.751,,
2026-07-10,IFNC,Índice Financeiro,ITUB4,ITAUUNIBANCO,PN  EJ  N1,2052266378,19.499,,
2026-07-10,IFNC,Índice Financeiro,PINE4,PINE,PN      N2,7060-65-88,0.194,,
2026-07-10,IFNC,Índice Financeiro,PSSA3,PORTO SEGURO,ON      NM,178825403,2.128,,
2026-07-10,IFNC,Índice Financeiro,SANB11,SANTANDER BR,UNT,360347199,2.111,,
2026-07-13,IFNC,Índice Financeiro,ABCB4,ABC BRASIL,PN      N2,7893-65-56,0.422,,
2026-07-13,IFNC,Índice Financeiro,B3SA3,B3,ON      NM,4997059816,16.510,,
2026-07-13,IFNC,Índice Financeiro,BRSR6,BANRISUL,PNB     N1,202536440,0.629,,
2026-07-13,IFNC,Índice Financeiro,BBSE3,BBSEGURIDADE,ON      NM,616248544,5.328,,
2026-07-13,IFNC,Índice Financeiro,BRBI11,BR PARTNERS,UNT     N2,4723-80-57,0.155,,
2026-07-13,IFNC,Índice Financeiro,BBDC3,BRADESCO,ON  EJ  N1,1130938083,3.988,,
2026-07-13,IFNC,Índice Financeiro,BBDC4,BRADESCO,PN  EJ  N1,3939275399,15.918,,
2026-07-13,IFNC,Índice Financeiro,BBAS3,BRASIL,ON      NM,2842496541,12.534,,
2026-07-13,IFNC,Índice Financeiro,BPAC11,BTGP BANCO,UNT     N2,1194624560,15.032,,
2026-07-13,IFNC,Índice Financeiro,CXSE3,CAIXA SEGURI,ON      NM,600000000,2.835,,
2026-07-13,IFNC,Índice Financeiro,IRBR3,IRBBRASIL RE,ON      NM,8153-43-04,1.001,,
2026-07-13,IFNC,Índice Financeiro,ITUB3,ITAUUNIBANCO,ON      N1,174982153,1.742,,
2026-07-13,IFNC,Índice Financeiro,ITUB4,ITAUUNIBANCO,PN      N1,2052266378,19.479,,
2026-07-13,IFNC,Índice Financeiro,PINE4,PINE,PN      N2,7060-65-88,0.189,,
2026-07-13,IFNC,Índice Financeiro,PSSA3,PORTO SEGURO,ON      NM,178825403,2.106,,
2026-07-13,IFNC,Índice Financeiro,SANB11,SANTANDER BR,UNT,360347199,2.132,,
2026-07-14,IFNC,Índice Financeiro,ABCB4,ABC BRASIL,PN      N2,7893-65-56,0.408,,
2026-07-14,IFNC,Índice Financeiro,B3SA3,B3,ON      NM,4997059816,16.429,,
2026-07-14,IFNC,Índice Financeiro,BRSR6,BANRISUL,PNB     N1,202536440,0.635,,
2026-07-14,IFNC,Índice Financeiro,BBSE3,BBSEGURIDADE,ON      NM,616248544,5.398,,
2026-07-14,IFNC,Índice Financeiro,BRBI11,BR PARTNERS,UNT     N2,4723-80-57,0.153,,
2026-07-14,IFNC,Índice Financeiro,BBDC3,BRADESCO,ON  EJ  N1,1130938083,4.016,,
2026-07-14,IFNC,Índice Financeiro,BBDC4,BRADESCO,PN  EJ  N1,3939275399,16.078,,
2026-07-14,IFNC,Índice Financeiro,BBAS3,BRASIL,ON      NM,2842496541,12.510,,
2026-07-14,IFNC,Índice Financeiro,BPAC11,BTGP BANCO,UNT ATZ N2,1194624560,14.942,,
2026-07-14,IFNC,Índice Financeiro,CXSE3,CAIXA SEGURI,ON      NM,600000000,2.840,,
2026-07-14,IFNC,Índice Financeiro,IRBR3,IRBBRASIL RE,ON      NM,8153-43-04,0.997,,
2026-07-14,IFNC,Índice Financeiro,ITUB3,ITAUUNIBANCO,ON      N1,174982153,1.740,,
2026-07-14,IFNC,Índice Financeiro,ITUB4,ITAUUNIBANCO,PN      N1,2052266378,19.421,,
2026-07-14,IFNC,Índice Financeiro,PINE4,PINE,PN      N2,7060-65-88,0.187,,
2026-07-14,IFNC,Índice Financeiro,PSSA3,PORTO SEGURO,ON      NM,178825403,2.101,,
2026-07-14,IFNC,Índice Financeiro,SANB11,SANTANDER BR,UNT,360347199,2.145,,
2026-07-15,IFNC,Índice Financeiro,ABCB4,ABC BRASIL,PN      N2,7893-65-56,0.411,,
2026-07-15,IFNC,Índice Financeiro,B3SA3,B3,ON      NM,4997059816,16.567,,
2026-07-15,IFNC,Índice Financeiro,BRSR6,BANRISUL,PNB     N1,202536440,0.634,,
2026-07-15,IFNC,Índice Financeiro,BBSE3,BBSEGURIDADE,ON      NM,616248544,5.382,,
2026-07-15,IFNC,Índice Financeiro,BRBI11,BR PARTNERS,UNT     N2,4723-80-57,0.154,,
2026-07-15,IFNC,Índice Financeiro,BBDC3,BRADESCO,ON  EJ  N1,1130938083,3.979,,
2026-07-15,IFNC,Índice Financeiro,BBDC4,BRADESCO,PN  EJ  N1,3939275399,15.871,,
2026-07-15,IFNC,Índice Financeiro,BBAS3,BRASIL,ON      NM,2842496541,12.657,,
2026-07-15,IFNC,Índice Financeiro,BPAC11,BTGP BANCO,UNT ATZ N2,1194624560,14.971,,
2026-07-15,IFNC,Índice Financeiro,CXSE3,CAIXA SEGURI,ON      NM,600000000,2.869,,
2026-07-15,IFNC,Índice Financeiro,IRBR3,IRBBRASIL RE,ON      NM,8153-43-04,0.994,,
2026-07-15,IFNC,Índice Financeiro,ITUB3,ITAUUNIBANCO,ON      N1,174982153,1.731,,
2026-07-15,IFNC,Índice Financeiro,ITUB4,ITAUUNIBANCO,PN      N1,2052266378,19.364,,
2026-07-15,IFNC,Índice Financeiro,PINE4,PINE,PN  EJ  N2,7060-65-88,0.186,,
2026-07-15,IFNC,Índice Financeiro,PSSA3,PORTO SEGURO,ON      NM,178825403,2.100,,
2026-07-15,IFNC,Índice Financeiro,SANB11,SANTANDER BR,UNT,360347199,2.130,,
2026-07-16,IFNC,Índice Financeiro,ABCB4,ABC BRASIL,PN      N2,7893-65-56,0.407,,
2026-07-16,IFNC,Índice Financeiro,B3SA3,B3,ON      NM,4997059816,16.966,,
2026-07-16,IFNC,Índice Financeiro,BRSR6,BANRISUL,PNB     N1,202536440,0.629,,
2026-07-16,IFNC,Índice Financeiro,BBSE3,BBSEGURIDADE,ON      NM,616248544,5.429,,
2026-07-16,IFNC,Índice Financeiro,BRBI11,BR PARTNERS,UNT     N2,4723-80-57,0.154,,
2026-07-16,IFNC,Índice Financeiro,BBDC3,BRADESCO,ON      N1,1130938083,3.994,,
2026-07-16,IFNC,Índice Financeiro,BBDC4,BRADESCO,PN      N1,3939275399,15.855,,
2026-07-16,IFNC,Índice Financeiro,BBAS3,BRASIL,ON      NM,2842496541,12.640,,
2026-07-16,IFNC,Índice Financeiro,BPAC11,BTGP BANCO,UNT ATZ N2,1194624560,14.746,,
2026-07-16,IFNC,Índice Financeiro,CXSE3,CAIXA SEGURI,ON      NM,600000000,2.877,,
2026-07-16,IFNC,Índice Financeiro,IRBR3,IRBBRASIL RE,ON      NM,8153-43-04,1.000,,
2026-07-16,IFNC,Índice Financeiro,ITUB3,ITAUUNIBANCO,ON      N1,174982153,1.722,,
2026-07-16,IFNC,Índice Financeiro,ITUB4,ITAUUNIBANCO,PN      N1,2052266378,19.159,,
2026-07-16,IFNC,Índice Financeiro,PINE4,PINE,PN  EJ  N2,7060-65-88,0.180,,
2026-07-16,IFNC,Índice Financeiro,PSSA3,PORTO SEGURO,ON      NM,178825403,2.137,,
2026-07-16,IFNC,Índice Financeiro,SANB11,SANTANDER BR,UNT,360347199,2.105,,
2026-07-17,IFNC,Índice Financeiro,ABCB4,ABC BRASIL,PN      N2,7893-65-56,0.409,,
2026-07-17,IFNC,Índice Financeiro,B3SA3,B3,ON      NM,4997059816,16.771,,
2026-07-17,IFNC,Índice Financeiro,BRSR6,BANRISUL,PNB     N1,202536440,0.617,,
2026-07-17,IFNC,Índice Financeiro,BBSE3,BBSEGURIDADE,ON      NM,616248544,5.534,,
2026-07-17,IFNC,Índice Financeiro,BRBI11,BR PARTNERS,UNT     N2,4723-80-57,0.152,,
2026-07-17,IFNC,Índice Financeiro,BBDC3,BRADESCO,ON      N1,1130938083,3.944,,
2026-07-17,IFNC,Índice Financeiro,BBDC4,BRADESCO,PN      N1,3939275399,15.815,,
2026-07-17,IFNC,Índice Financeiro,BBAS3,BRASIL,ON      NM,2842496541,12.869,,
2026-07-17,IFNC,Índice Financeiro,BPAC11,BTGP BANCO,UNT ATZ N2,1194624560,14.743,,
2026-07-17,IFNC,Índice Financeiro,CXSE3,CAIXA SEGURI,ON      NM,600000000,2.918,,
2026-07-17,IFNC,Índice Financeiro,IRBR3,IRBBRASIL RE,ON      NM,8153-43-04,1.022,,
2026-07-17,IFNC,Índice Financeiro,ITUB3,ITAUUNIBANCO,ON      N1,174982153,1.728,,
2026-07-17,IFNC,Índice Financeiro,ITUB4,ITAUUNIBANCO,PN      N1,2052266378,19.043,,
2026-07-17,IFNC,Índice Financeiro,PINE4,PINE,PN  EJ  N2,7060-65-88,0.173,,
2026-07-17,IFNC,Índice Financeiro,PSSA3,PORTO SEGURO,ON      NM,178825403,2.153,,
2026-07-17,IFNC,Índice Financeiro,SANB11,SANTANDER BR,UNT,360347199,2.109,,
2026-07-20,IFNC,Índice Financeiro,ABCB4,ABC BRASIL,PN      N2,7893-65-56,0.409,,
2026-07-20,IFNC,Índice Financeiro,B3SA3,B3,ON      NM,4997059816,16.724,,
2026-07-20,IFNC,Índice Financeiro,BRSR6,BANRISUL,PNB     N1,202536440,0.616,,
2026-07-20,IFNC,Índice Financeiro,BBSE3,BBSEGURIDADE,ON      NM,616248544,5.579,,
2026-07-20,IFNC,Índice Financeiro,BRBI11,BR PARTNERS,UNT     N2,4723-80-57,0.153,,
2026-07-20,IFNC,Índice Financeiro,BBDC3,BRADESCO,ON      N1,1130938083,3.969,,
2026-07-20,IFNC,Índice Financeiro,BBDC4,BRADESCO,PN      N1,3939275399,15.864,,
2026-07-20,IFNC,Índice Financeiro,BBAS3,BRASIL,ON      NM,2842496541,12.824,,
2026-07-20,IFNC,Índice Financeiro,BPAC11,BTGP BANCO,UNT ATZ N2,1194624560,14.777,,
2026-07-20,IFNC,Índice Financeiro,CXSE3,CAIXA SEGURI,ON      NM,600000000,2.914,,
2026-07-20,IFNC,Índice Financeiro,IRBR3,IRBBRASIL RE,ON      NM,8153-43-04,1.023,,
2026-07-20,IFNC,Índice Financeiro,ITUB3,ITAUUNIBANCO,ON      N1,174982153,1.725,,
2026-07-20,IFNC,Índice Financeiro,ITUB4,ITAUUNIBANCO,PN      N1,2052266378,18.960,,
2026-07-20,IFNC,Índice Financeiro,PINE4,PINE,PN  EJ  N2,7060-65-88,0.177,,
2026-07-20,IFNC,Índice Financeiro,PSSA3,PORTO SEGURO,ON      NM,178825403,2.171,,
2026-07-20,IFNC,Índice Financeiro,SANB11,SANTANDER BR,UNT,360347199,2.115,,
2026-07-21,IFNC,Índice Financeiro,ABCB4,ABC BRASIL,PN      N2,7893-65-56,0.409,,
2026-07-21,IFNC,Índice Financeiro,B3SA3,B3,ON      NM,4997059816,16.774,,
2026-07-21,IFNC,Índice Financeiro,BRSR6,BANRISUL,PNB     N1,202536440,0.625,,
2026-07-21,IFNC,Índice Financeiro,BBSE3,BBSEGURIDADE,ON      NM,616248544,5.565,,
2026-07-21,IFNC,Índice Financeiro,BRBI11,BR PARTNERS,UNT     N2,4723-80-57,0.151,,
2026-07-21,IFNC,Índice Financeiro,BBDC3,BRADESCO,ON      N1,1130938083,3.993,,
2026-07-21,IFNC,Índice Financeiro,BBDC4,BRADESCO,PN      N1,3939275399,15.953,,
2026-07-21,IFNC,Índice Financeiro,BBAS3,BRASIL,ON      NM,2842496541,12.612,,
2026-07-21,IFNC,Índice Financeiro,BPAC11,BTGP BANCO,UNT ATZ N2,1194624560,14.674,,
2026-07-21,IFNC,Índice Financeiro,CXSE3,CAIXA SEGURI,ON      NM,600000000,2.941,,
2026-07-21,IFNC,Índice Financeiro,IRBR3,IRBBRASIL RE,ON      NM,8153-43-04,1.018,,
2026-07-21,IFNC,Índice Financeiro,ITUB3,ITAUUNIBANCO,ON      N1,174982153,1.734,,
2026-07-21,IFNC,Índice Financeiro,ITUB4,ITAUUNIBANCO,PN      N1,2052266378,19.096,,
2026-07-21,IFNC,Índice Financeiro,PINE4,PINE,PN  EJ  N2,7060-65-88,0.182,,
2026-07-21,IFNC,Índice Financeiro,PSSA3,PORTO SEGURO,ON      NM,178825403,2.132,,
2026-07-21,IFNC,Índice Financeiro,SANB11,SANTANDER BR,UNT,360347199,2.141,,
2026-07-22,IFNC,Índice Financeiro,ABCB4,ABC BRASIL,PN      N2,7893-65-56,0.407,,
2026-07-22,IFNC,Índice Financeiro,B3SA3,B3,ON      NM,4997059816,16.594,,
2026-07-22,IFNC,Índice Financeiro,BRSR6,BANRISUL,PNB     N1,202536440,0.632,,
2026-07-22,IFNC,Índice Financeiro,BBSE3,BBSEGURIDADE,ON      NM,616248544,5.605,,
2026-07-22,IFNC,Índice Financeiro,BRBI11,BR PARTNERS,UNT     N2,4723-80-57,0.150,,
2026-07-22,IFNC,Índice Financeiro,BBDC3,BRADESCO,ON      N1,1130938083,3.998,,
2026-07-22,IFNC,Índice Financeiro,BBDC4,BRADESCO,PN      N1,3939275399,15.996,,
2026-07-22,IFNC,Índice Financeiro,BBAS3,BRASIL,ON      NM,2842496541,12.992,,
2026-07-22,IFNC,Índice Financeiro,BPAC11,BTGP BANCO,UNT ATZ N2,1194624560,14.479,,
2026-07-22,IFNC,Índice Financeiro,CXSE3,CAIXA SEGURI,ON      NM,600000000,2.933,,
2026-07-22,IFNC,Índice Financeiro,IRBR3,IRBBRASIL RE,ON      NM,8153-43-04,0.996,,
2026-07-22,IFNC,Índice Financeiro,ITUB3,ITAUUNIBANCO,ON      N1,174982153,1.728,,
2026-07-22,IFNC,Índice Financeiro,ITUB4,ITAUUNIBANCO,PN      N1,2052266378,19.106,,
2026-07-22,IFNC,Índice Financeiro,PINE4,PINE,PN  EJ  N2,7060-65-88,0.179,,
2026-07-22,IFNC,Índice Financeiro,PSSA3,PORTO SEGURO,ON      NM,178825403,2.093,,
2026-07-22,IFNC,Índice Financeiro,SANB11,SANTANDER BR,UNT EJ,360347199,2.112,,
2026-07-23,IFNC,Índice Financeiro,ABCB4,ABC BRASIL,PN      N2,7893-65-56,0.407,,
2026-07-23,IFNC,Índice Financeiro,B3SA3,B3,ON      NM,4997059816,17.004,,
2026-07-23,IFNC,Índice Financeiro,BRSR6,BANRISUL,PNB     N1,202536440,0.626,,
2026-07-23,IFNC,Índice Financeiro,BBSE3,BBSEGURIDADE,ON      NM,616248544,5.616,,
2026-07-23,IFNC,Índice Financeiro,BRBI11,BR PARTNERS,UNT     N2,4723-80-57,0.149,,
2026-07-23,IFNC,Índice Financeiro,BBDC3,BRADESCO,ON      N1,1130938083,3.998,,
2026-07-23,IFNC,Índice Financeiro,BBDC4,BRADESCO,PN      N1,3939275399,15.993,,
2026-07-23,IFNC,Índice Financeiro,BBAS3,BRASIL,ON      NM,2842496541,12.830,,
2026-07-23,IFNC,Índice Financeiro,BPAC11,BTGP BANCO,UNT ATZ N2,1194624560,14.578,,
2026-07-23,IFNC,Índice Financeiro,CXSE3,CAIXA SEGURI,ON      NM,600000000,2.879,,
2026-07-23,IFNC,Índice Financeiro,IRBR3,IRBBRASIL RE,ON      NM,8153-43-04,0.985,,
2026-07-23,IFNC,Índice Financeiro,ITUB3,ITAUUNIBANCO,ON      N1,174982153,1.704,,
2026-07-23,IFNC,Índice Financeiro,ITUB4,ITAUUNIBANCO,PN      N1,2052266378,18.842,,
2026-07-23,IFNC,Índice Financeiro,PINE4,PINE,PN  EJ  N2,7060-65-88,0.188,,
2026-07-23,IFNC,Índice Financeiro,PSSA3,PORTO SEGURO,ON      NM,178825403,2.122,,
2026-07-23,IFNC,Índice Financeiro,SANB11,SANTANDER BR,UNT EJ,360347199,2.079,,
2026-07-24,IFNC,Índice Financeiro,ABCB4,ABC BRASIL,PN      N2,7893-65-56,0.406,,
2026-07-24,IFNC,Índice Financeiro,B3SA3,B3,ON      NM,4997059816,16.919,,
2026-07-24,IFNC,Índice Financeiro,BRSR6,BANRISUL,PNB     N1,202536440,0.621,,
2026-07-24,IFNC,Índice Financeiro,BBSE3,BBSEGURIDADE,ON      NM,616248544,5.653,,
2026-07-24,IFNC,Índice Financeiro,BRBI11,BR PARTNERS,UNT     N2,4723-80-57,0.149,,
2026-07-24,IFNC,Índice Financeiro,BBDC3,BRADESCO,ON      N1,1130938083,3.995,,
2026-07-24,IFNC,Índice Financeiro,BBDC4,BRADESCO,PN      N1,3939275399,15.954,,
2026-07-24,IFNC,Índice Financeiro,BBAS3,BRASIL,ON      NM,2842496541,12.871,,
2026-07-24,IFNC,Índice Financeiro,BPAC11,BTGP BANCO,UNT     N2,1194624560,14.550,,
2026-07-24,IFNC,Índice Financeiro,CXSE3,CAIXA SEGURI,ON      NM,600000000,2.913,,
2026-07-24,IFNC,Índice Financeiro,IRBR3,IRBBRASIL RE,ON      NM,8153-43-04,0.954,,
2026-07-24,IFNC,Índice Financeiro,ITUB3,ITAUUNIBANCO,ON      N1,174982153,1.708,,
2026-07-24,IFNC,Índice Financeiro,ITUB4,ITAUUNIBANCO,PN      N1,2052266378,18.896,,
2026-07-24,IFNC,Índice Financeiro,PINE4,PINE,PN  EJ  N2,7060-65-88,0.200,,
2026-07-24,IFNC,Índice Financeiro,PSSA3,PORTO SEGURO,ON      NM,178825403,2.135,,
2026-07-24,IFNC,Índice Financeiro,SANB11,SANTANDER BR,UNT EJ,360347199,2.076,,
2026-07-27,IFNC,Índice Financeiro,ABCB4,ABC BRASIL,PN      N2,7893-65-56,0.413,,
2026-07-27,IFNC,Índice Financeiro,B3SA3,B3,ON      NM,4997059816,17.000,,
2026-07-27,IFNC,Índice Financeiro,BRSR6,BANRISUL,PNB     N1,202536440,0.626,,
2026-07-27,IFNC,Índice Financeiro,BBSE3,BBSEGURIDADE,ON      NM,616248544,5.633,,
2026-07-27,IFNC,Índice Financeiro,BRBI11,BR PARTNERS,UNT     N2,4723-80-57,0.151,,
2026-07-27,IFNC,Índice Financeiro,BBDC3,BRADESCO,ON      N1,1130938083,4.009,,
2026-07-27,IFNC,Índice Financeiro,BBDC4,BRADESCO,PN      N1,3939275399,16.040,,
2026-07-27,IFNC,Índice Financeiro,BBAS3,BRASIL,ON      NM,2842496541,12.745,,
2026-07-27,IFNC,Índice Financeiro,BPAC11,BTGP BANCO,UNT     N2,1194624560,14.390,,
2026-07-27,IFNC,Índice Financeiro,CXSE3,CAIXA SEGURI,ON      NM,600000000,2.812,,
2026-07-27,IFNC,Índice Financeiro,IRBR3,IRBBRASIL RE,ON      NM,8153-43-04,0.967,,
2026-07-27,IFNC,Índice Financeiro,ITUB3,ITAUUNIBANCO,ON      N1,174982153,1.723,,
2026-07-27,IFNC,Índice Financeiro,ITUB4,ITAUUNIBANCO,PN      N1,2052266378,19.037,,
2026-07-27,IFNC,Índice Financeiro,PINE4,PINE,PN      N2,7060-65-88,0.204,,
2026-07-27,IFNC,Índice Financeiro,PSSA3,PORTO SEGURO,ON      NM,178825403,2.158,,
2026-07-27,IFNC,Índice Financeiro,SANB11,SANTANDER BR,UNT EJ,360347199,2.092,,
2026-07-28,IFNC,Índice Financeiro,ABCB4,ABC BRASIL,PN      N2,7893-65-56,0.411,,
2026-07-28,IFNC,Índice Financeiro,B3SA3,B3,ON      NM,4997059816,17.129,,
2026-07-28,IFNC,Índice Financeiro,BRSR6,BANRISUL,PNB     N1,202536440,0.622,,
2026-07-28,IFNC,Índice Financeiro,BBSE3,BBSEGURIDADE,ON      NM,616248544,5.447,,
2026-07-28,IFNC,Índice Financeiro,BRBI11,BR PARTNERS,UNT     N2,4723-80-57,0.150,,
2026-07-28,IFNC,Índice Financeiro,BBDC3,BRADESCO,ON      N1,1130938083,4.015,,
2026-07-28,IFNC,Índice Financeiro,BBDC4,BRADESCO,PN      N1,3939275399,16.071,,
2026-07-28,IFNC,Índice Financeiro,BBAS3,BRASIL,ON      NM,2842496541,12.706,,
2026-07-28,IFNC,Índice Financeiro,BPAC11,BTGP BANCO,UNT     N2,1194624560,14.470,,
2026-07-28,IFNC,Índice Financeiro,CXSE3,CAIXA SEGURI,ON      NM,600000000,2.711,,
2026-07-28,IFNC,Índice Financeiro,IRBR3,IRBBRASIL RE,ON      NM,8153-43-04,0.960,,
2026-07-28,IFNC,Índice Financeiro,ITUB3,ITAUUNIBANCO,ON      N1,174982153,1.727,,
2026-07-28,IFNC,Índice Financeiro,ITUB4,ITAUUNIBANCO,PN      N1,2052266378,19.104,,
2026-07-28,IFNC,Índice Financeiro,PINE4,PINE,PN      N2,7060-65-88,0.210,,
2026-07-28,IFNC,Índice Financeiro,PSSA3,PORTO SEGURO,ON      NM,178825403,2.117,,
2026-07-28,IFNC,Índice Financeiro,SANB11,SANTANDER BR,UNT EJ,360347199,2.150,,
2026-07-29,IFNC,Índice Financeiro,ABCB4,ABC BRASIL,PN      N2,7893-65-56,0.408,,
2026-07-29,IFNC,Índice Financeiro,B3SA3,B3,ON      NM,4997059816,17.286,,
2026-07-29,IFNC,Índice Financeiro,BRSR6,BANRISUL,PNB     N1,202536440,0.620,,
2026-07-29,IFNC,Índice Financeiro,BBSE3,BBSEGURIDADE,ON      NM,616248544,5.491,,
2026-07-29,IFNC,Índice Financeiro,BRBI11,BR PARTNERS,UNT     N2,4723-80-57,0.146,,
2026-07-29,IFNC,Índice Financeiro,BBDC3,BRADESCO,ON      N1,1130938083,4.012,,
2026-07-29,IFNC,Índice Financeiro,BBDC4,BRADESCO,PN      N1,3939275399,15.986,,
2026-07-29,IFNC,Índice Financeiro,BBAS3,BRASIL,ON      NM,2842496541,12.801,,
2026-07-29,IFNC,Índice Financeiro,BPAC11,BTGP BANCO,UNT     N2,1194624560,14.423,,
2026-07-29,IFNC,Índice Financeiro,CXSE3,CAIXA SEGURI,ON      NM,600000000,2.659,,
2026-07-29,IFNC,Índice Financeiro,IRBR3,IRBBRASIL RE,ON      NM,8153-43-04,0.946,,
2026-07-29,IFNC,Índice Financeiro,ITUB3,ITAUUNIBANCO,ON      N1,174982153,1.719,,
2026-07-29,IFNC,Índice Financeiro,ITUB4,ITAUUNIBANCO,PN      N1,2052266378,19.017,,
2026-07-29,IFNC,Índice Financeiro,PINE4,PINE,PN      N2,7060-65-88,0.207,,
2026-07-29,IFNC,Índice Financeiro,PSSA3,PORTO SEGURO,ON      NM,178825403,2.123,,
2026-07-29,IFNC,Índice Financeiro,SANB11,SANTANDER BR,UNT EJ,360347199,2.156,,
2026-07-30,IFNC,Índice Financeiro,ABCB4,ABC BRASIL,PN      N2,7893-65-56,0.414,,
2026-07-30,IFNC,Índice Financeiro,B3SA3,B3,ON      NM,4997059816,16.945,,
2026-07-30,IFNC,Índice Financeiro,BRSR6,BANRISUL,PNB     N1,202536440,0.624,,
2026-07-30,IFNC,Índice Financeiro,BBSE3,BBSEGURIDADE,ON      NM,616248544,5.582,,
2026-07-30,IFNC,Índice Financeiro,BRBI11,BR PARTNERS,UNT     N2,4723-80-57,0.147,,
2026-07-30,IFNC,Índice Financeiro,BBDC3,BRADESCO,ON      N1,1130938083,4.015,,
2026-07-30,IFNC,Índice Financeiro,BBDC4,BRADESCO,PN      N1,3939275399,16.000,,
2026-07-30,IFNC,Índice Financeiro,BBAS3,BRASIL,ON      NM,2842496541,13.074,,
2026-07-30,IFNC,Índice Financeiro,BPAC11,BTGP BANCO,UNT     N2,1194624560,14.454,,
2026-07-30,IFNC,Índice Financeiro,CXSE3,CAIXA SEGURI,ON      NM,600000000,2.700,,
2026-07-30,IFNC,Índice Financeiro,IRBR3,IRBBRASIL RE,ON      NM,8153-43-04,0.962,,
2026-07-30,IFNC,Índice Financeiro,ITUB3,ITAUUNIBANCO,ON      N1,174982153,1.714,,
2026-07-30,IFNC,Índice Financeiro,ITUB4,ITAUUNIBANCO,PN      N1,2052266378,18.997,,
2026-07-30,IFNC,Índice Financeiro,PINE4,PINE,PN      N2,7060-65-88,0.197,,
2026-07-30,IFNC,Índice Financeiro,PSSA3,PORTO SEGURO,ON      NM,178825403,2.130,,
2026-07-30,IFNC,Índice Financeiro,SANB11,SANTANDER BR,UNT EJ,360347199,2.045,,
2026-07-31,IFNC,Índice Financeiro,ABCB4,ABC BRASIL,PN      N2,7893-65-56,0.414,,
2026-07-31,IFNC,Índice Financeiro,B3SA3,B3,ON      NM,4997059816,17.017,,
2026-07-31,IFNC,Índice Financeiro,BRSR6,BANRISUL,PNB     N1,202536440,0.622,,
2026-07-31,IFNC,Índice Financeiro,BBSE3,BBSEGURIDADE,ON      NM,616248544,5.486,,
2026-07-31,IFNC,Índice Financeiro,BRBI11,BR PARTNERS,UNT     N2,4723-80-57,0.150,,
2026-07-31,IFNC,Índice Financeiro,BBDC3,BRADESCO,ON      N1,1130938083,3.940,,
2026-07-31,IFNC,Índice Financeiro,BBDC4,BRADESCO,PN      N1,3939275399,15.783,,
2026-07-31,IFNC,Índice Financeiro,BBAS3,BRASIL,ON      NM,2842496541,13.123,,
2026-07-31,IFNC,Índice Financeiro,BPAC11,BTGP BANCO,UNT     N2,1194624560,14.737,,
2026-07-31,IFNC,Índice Financeiro,CXSE3,CAIXA SEGURI,ON      NM,600000000,2.629,,
2026-07-31,IFNC,Índice Financeiro,IRBR3,IRBBRASIL RE,ON      NM,8153-43-04,0.965,,
2026-07-31,IFNC,Índice Financeiro,ITUB3,ITAUUNIBANCO,ON      N1,174982153,1.728,,
2026-07-31,IFNC,Índice Financeiro,ITUB4,ITAUUNIBANCO,PN      N1,2052266378,19.110,,
2026-07-31,IFNC,Índice Financeiro,PINE4,PINE,PN      N2,7060-65-88,0.196,,
2026-07-31,IFNC,Índice Financeiro,PSSA3,PORTO SEGURO,ON      NM,178825403,2.118,,
2026-07-31,IFNC,Índice Financeiro,SANB11,SANTANDER BR,UNT EJ,360347199,1.982,,
2026-08-03,IFNC,Índice Financeiro,ABCB4,ABC BRASIL,PN      N2,7893-65-56,0.410,,
2026-08-03,IFNC,Índice Financeiro,B3SA3,B3,ON      NM,4997059816,16.999,,
2026-08-03,IFNC,Índice Financeiro,BRSR6,BANRISUL,PNB     N1,202536440,0.616,,
2026-08-03,IFNC,Índice Financeiro,BBSE3,BBSEGURIDADE,ON      NM,616248544,5.499,,
2026-08-03,IFNC,Índice Financeiro,BRBI11,BR PARTNERS,UNT     N2,4723-80-57,0.147,,
2026-08-03,IFNC,Índice Financeiro,BBDC3,BRADESCO,ON      N1,1130938083,3.911,,
2026-08-03,IFNC,Índice Financeiro,BBDC4,BRADESCO,PN      N1,3939275399,15.701,,
2026-08-03,IFNC,Índice Financeiro,BBAS3,BRASIL,ON      NM,2842496541,13.125,,
2026-08-03,IFNC,Índice Financeiro,BPAC11,BTGP BANCO,UNT     N2,1194624560,14.675,,
2026-08-03,IFNC,Índice Financeiro,CXSE3,CAIXA SEGURI,ON      NM,600000000,2.627,,
2026-08-03,IFNC,Índice Financeiro,IRBR3,IRBBRASIL RE,ON      NM,8153-43-04,0.989,,
2026-08-03,IFNC,Índice Financeiro,ITUB3,ITAUUNIBANCO,ON  EJ  N1,174982153,1.727,,
2026-08-03,IFNC,Índice Financeiro,ITUB4,ITAUUNIBANCO,PN  EJ  N1,2052266378,19.029,,
2026-08-03,IFNC,Índice Financeiro,PINE4,PINE,PN      N2,7060-65-88,0.200,,
2026-08-03,IFNC,Índice Financeiro,PSSA3,PORTO SEGURO,ON      NM,178825403,2.115,,
2026-08-03,IFNC,Índice Financeiro,SANB11,SANTANDER BR,UNT,360347199,2.230,,
2026-08-04,IFNC,Índice Financeiro,ABCB4,ABC BRASIL,PN      N2,7893-65-56,0.409,,
2026-08-04,IFNC,Índice Financeiro,B3SA3,B3,ON      NM,4997059816,16.867,,
2026-08-04,IFNC,Índice Financeiro,BRSR6,BANRISUL,PNB     N1,202536440,0.615,,
2026-08-04,IFNC,Índice Financeiro,BBSE3,BBSEGURIDADE,ON      NM,616248544,5.508,,
2026-08-04,IFNC,Índice Financeiro,BRBI11,BR PARTNERS,UNT     N2,4723-80-57,0.146,,
2026-08-04,IFNC,Índice Financeiro,BBDC3,BRADESCO,ON  EJ  N1,1130938083,3.951,,
2026-08-04,IFNC,Índice Financeiro,BBDC4,BRADESCO,PN  EJ  N1,3939275399,15.777,,
2026-08-04,IFNC,Índice Financeiro,BBAS3,BRASIL,ON      NM,2842496541,13.065,,
2026-08-04,IFNC,Índice Financeiro,BPAC11,BTGP BANCO,UNT     N2,1194624560,14.745,,
2026-08-04,IFNC,Índice Financeiro,CXSE3,CAIXA SEGURI,ON  ED  NM,600000000,2.528,,
2026-08-04,IFNC,Índice Financeiro,IRBR3,IRBBRASIL RE,ON      NM,8153-43-04,0.974,,
2026-08-04,IFNC,Índice Financeiro,ITUB3,ITAUUNIBANCO,ON  EJ  N1,174982153,1.725,,
2026-08-04,IFNC,Índice Financeiro,ITUB4,ITAUUNIBANCO,PN  EJ  N1,2052266378,19.145,,
2026-08-04,IFNC,Índice Financeiro,PINE4,PINE,PN      N2,7060-65-88,0.205,,
2026-08-04,IFNC,Índice Financeiro,PSSA3,PORTO SEGURO,ON      NM,178825403,2.087,,
2026-08-04,IFNC,Índice Financeiro,SANB11,SANTANDER BR,UNT,360347199,2.253,,
2026-08-05,IFNC,Índice Financeiro,ABCB4,ABC BRASIL,PN      N2,7893-65-56,0.408,,
2026-08-05,IFNC,Índice Financeiro,B3SA3,B3,ON      NM,4997059816,16.918,,
2026-08-05,IFNC,Índice Financeiro,BRSR6,BANRISUL,PNB     N1,202536440,0.618,,
2026-08-05,IFNC,Índice Financeiro,BBSE3,BBSEGURIDADE,ON      NM,616248544,5.591,,
2026-08-05,IFNC,Índice Financeiro,BRBI11,BR PARTNERS,UNT     N2,4723-80-57,0.146,,
2026-08-05,IFNC,Índice Financeiro,BBDC3,BRADESCO,ON  EJS N1,1195649996,4.105,,
2026-08-05,IFNC,Índice Financeiro,BBDC4,BRADESCO,PN  EJS N1,4164679474,16.336,,
2026-08-05,IFNC,Índice Financeiro,BBAS3,BRASIL,ON      NM,2842496541,12.866,,
2026-08-05,IFNC,Índice Financeiro,BPAC11,BTGP BANCO,UNT     N2,1194624560,14.620,,
2026-08-05,IFNC,Índice Financeiro,CXSE3,CAIXA SEGURI,ON  ED  NM,600000000,2.555,,
2026-08-05,IFNC,Índice Financeiro,IRBR3,IRBBRASIL RE,ON      NM,8153-43-04,0.956,,
2026-08-05,IFNC,Índice Financeiro,ITUB3,ITAUUNIBANCO,ON  EJ  N1,174982153,1.689,,
2026-08-05,IFNC,Índice Financeiro,ITUB4,ITAUUNIBANCO,PN  EJ  N1,2052266378,18.632,,
2026-08-05,IFNC,Índice Financeiro,PINE4,PINE,PN      N2,7060-65-88,0.206,,
2026-08-05,IFNC,Índice Financeiro,PSSA3,PORTO SEGURO,ON      NM,178825403,2.092,,
2026-08-05,IFNC,Índice Financeiro,SANB11,SANTANDER BR,UNT,360347199,2.262,,
2026-08-06,IFNC,Índice Financeiro,ABCB4,ABC BRASIL,PN      N2,7893-65-56,0.412,,
2026-08-06,IFNC,Índice Financeiro,B3SA3,B3,ON      NM,4997059816,16.794,,
2026-08-06,IFNC,Índice Financeiro,BRSR6,BANRISUL,PNB     N1,202536440,0.629,,
2026-08-06,IFNC,Índice Financeiro,BBSE3,BBSEGURIDADE,ON      NM,616248544,5.550,,
2026-08-06,IFNC,Índice Financeiro,BRBI11,BR PARTNERS,UNT     N2,4723-80-57,0.147,,
2026-08-06,IFNC,Índice Financeiro,BBDC3,BRADESCO,ON  EJS N1,1195649996,4.070,,
2026-08-06,IFNC,Índice Financeiro,BBDC4,BRADESCO,PN  EJS N1,4164679474,16.247,,
2026-08-06,IFNC,Índice Financeiro,BBAS3,BRASIL,ON      NM,2842496541,12.932,,
2026-08-06,IFNC,Índice Financeiro,BPAC11,BTGP BANCO,UNT     N2,1194624560,14.668,,
2026-08-06,IFNC,Índice Financeiro,CXSE3,CAIXA SEGURI,ON  ED  NM,600000000,2.522,,
2026-08-06,IFNC,Índice Financeiro,IRBR3,IRBBRASIL RE,ON      NM,8153-43-04,0.955,,
2026-08-06,IFNC,Índice Financeiro,ITUB3,ITAUUNIBANCO,ON  EJ  N1,174982153,1.710,,
2026-08-06,IFNC,Índice Financeiro,ITUB4,ITAUUNIBANCO,PN  EJ  N1,2052266378,18.798,,
2026-08-06,IFNC,Índice Financeiro,PINE4,PINE,PN      N2,7060-65-88,0.203,,
2026-08-06,IFNC,Índice Financeiro,PSSA3,PORTO SEGURO,ON      NM,178825403,2.067,,
2026-08-06,IFNC,Índice Financeiro,SANB11,SANTANDER BR,UNT,360347199,2.296,,
2026-08-07,IFNC,Índice Financeiro,ABCB4,ABC BRASIL,PN      N2,7893-65-56,0.411,,
2026-08-07,IFNC,Índice Financeiro,B3SA3,B3,ON      NM,4997059816,16.916,,
2026-08-07,IFNC,Índice Financeiro,BRSR6,BANRISUL,PNB     N1,202536440,0.625,,
2026-08-07,IFNC,Índice Financeiro,BBSE3,BBSEGURIDADE,ON  ED  NM,616248544,5.294,,
2026-08-07,IFNC,Índice Financeiro,BRBI11,BR PARTNERS,UNT     N2,4723-80-57,0.147,,
2026-08-07,IFNC,Índice Financeiro,BBDC3,BRADESCO,ON  EJS N1,1195649996,4.071,,
2026-08-07,IFNC,Índice Financeiro,BBDC4,BRADESCO,PN  EJS N1,4164679474,16.246,,
2026-08-07,IFNC,Índice Financeiro,BBAS3,BRASIL,ON      NM,2842496541,12.705,,
2026-08-07,IFNC,Índice Financeiro,BPAC11,BTGP BANCO,UNT     N2,1194624560,14.797,,
2026-08-07,IFNC,Índice Financeiro,CXSE3,CAIXA SEGURI,ON  ED  NM,600000000,2.594,,
2026-08-07,IFNC,Índice Financeiro,IRBR3,IRBBRASIL RE,ON      NM,8153-43-04,0.948,,
2026-08-07,IFNC,Índice Financeiro,ITUB3,ITAUUNIBANCO,ON  EJ  N1,174982153,1.730,,
2026-08-07,IFNC,Índice Financeiro,ITUB4,ITAUUNIBANCO,PN  EJ  N1,2052266378,18.920,,
2026-08-07,IFNC,Índice Financeiro,PINE4,PINE,PN      N2,7060-65-88,0.196,,
2026-08-07,IFNC,Índice Financeiro,PSSA3,PORTO SEGURO,ON      NM,178825403,2.075,,
2026-08-07,IFNC,Índice Financeiro,SANB11,SANTANDER BR,UNT,360347199,2.325,,
2026-08-08,IFNC,Índice Financeiro,ABCB4,ABC BRASIL,PN      N2,7893-65-56,0.420,,
2026-08-08,IFNC,Índice Financeiro,B3SA3,B3,ON      NM,4997059816,16.873,,
2026-08-08,IFNC,Índice Financeiro,BRSR6,BANRISUL,PNB     N1,202536440,0.629,,
2026-08-08,IFNC,Índice Financeiro,BBSE3,BBSEGURIDADE,ON  ED  NM,616248544,5.342,,
2026-08-08,IFNC,Índice Financeiro,BRBI11,BR PARTNERS,UNT     N2,4723-80-57,0.138,,
2026-08-08,IFNC,Índice Financeiro,BBDC3,BRADESCO,ON  EJS N1,1195649996,4.091,,
2026-08-08,IFNC,Índice Financeiro,BBDC4,BRADESCO,PN  EJS N1,4164679474,16.282,,
2026-08-08,IFNC,Índice Financeiro,BBAS3,BRASIL,ON      NM,2842496541,12.878,,
2026-08-08,IFNC,Índice Financeiro,BPAC11,BTGP BANCO,UNT     N2,1194624560,14.546,,
2026-08-08,IFNC,Índice Financeiro,CXSE3,CAIXA SEGURI,ON  ED  NM,600000000,2.618,,
2026-08-08,IFNC,Índice Financeiro,IRBR3,IRBBRASIL RE,ON      NM,8153-43-04,0.960,,
2026-08-08,IFNC,Índice Financeiro,ITUB3,ITAUUNIBANCO,ON  EJ  N1,174982153,1.725,,
2026-08-08,IFNC,Índice Financeiro,ITUB4,ITAUUNIBANCO,PN  EJ  N1,2052266378,18.889,,
2026-08-08,IFNC,Índice Financeiro,PINE4,PINE,PN      N2,7060-65-88,0.190,,
2026-08-08,IFNC,Índice Financeiro,PSSA3,PORTO SEGURO,ON      NM,178825403,2.036,,
2026-08-08,IFNC,Índice Financeiro,SANB11,SANTANDER BR,UNT,360347199,2.383,,
2026-08-10,IFNC,Índice Financeiro,ABCB4,ABC BRASIL,PN      N2,7893-65-56,0.420,,
2026-08-10,IFNC,Índice Financeiro,B3SA3,B3,ON      NM,4997059816,16.873,,
2026-08-10,IFNC,Índice Financeiro,BRSR6,BANRISUL,PNB     N1,202536440,0.629,,
2026-08-10,IFNC,Índice Financeiro,BBSE3,BBSEGURIDADE,ON  ED  NM,616248544,5.342,,
2026-08-10,IFNC,Índice Financeiro,BRBI11,BR PARTNERS,UNT     N2,4723-80-57,0.138,,
2026-08-10,IFNC,Índice Financeiro,BBDC3,BRADESCO,ON  EJS N1,1195649996,4.091,,
2026-08-10,IFNC,Índice Financeiro,BBDC4,BRADESCO,PN  EJS N1,4164679474,16.282,,
2026-08-10,IFNC,Índice Financeiro,BBAS3,BRASIL,ON      NM,2842496541,12.878,,
2026-08-10,IFNC,Índice Financeiro,BPAC11,BTGP BANCO,UNT     N2,1194624560,14.546,,
2026-08-10,IFNC,Índice Financeiro,CXSE3,CAIXA SEGURI,ON  ED  NM,600000000,2.618,,
2026-08-10,IFNC,Índice Financeiro,IRBR3,IRBBRASIL RE,ON      NM,8153-43-04,0.960,,
2026-08-10,IFNC,Índice Financeiro,ITUB3,ITAUUNIBANCO,ON  EJ  N1,174982153,1.725,,
2026-08-10,IFNC,Índice Financeiro,ITUB4,ITAUUNIBANCO,PN  EJ  N1,2052266378,18.889,,
2026-08-10,IFNC,Índice Financeiro,PINE4,PINE,PN      N2,7060-65-88,0.190,,
2026-08-10,IFNC,Índice Financeiro,PSSA3,PORTO SEGURO,ON      NM,178825403,2.036,,
2026-08-10,IFNC,Índice Financeiro,SANB11,SANTANDER BR,UNT,360347199,2.383,,
2026-08-11,IFNC,Índice Financeiro,ABCB4,ABC BRASIL,PN      N2,7893-65-56,0.424,,
2026-08-11,IFNC,Índice Financeiro,B3SA3,B3,ON      NM,4997059816,16.717,,
2026-08-11,IFNC,Índice Financeiro,BRSR6,BANRISUL,PNB     N1,202536440,0.631,,
2026-08-11,IFNC,Índice Financeiro,BBSE3,BBSEGURIDADE,ON  ED  NM,616248544,5.372,,
2026-08-11,IFNC,Índice Financeiro,BRBI11,BR PARTNERS,UNT     N2,4723-80-57,0.137,,
2026-08-11,IFNC,Índice Financeiro,BBDC3,BRADESCO,ON  EJS N1,1195649996,4.109,,
2026-08-11,IFNC,Índice Financeiro,BBDC4,BRADESCO,PN  EJS N1,4164679474,16.316,,
2026-08-11,IFNC,Índice Financeiro,BBAS3,BRASIL,ON      NM,2842496541,12.983,,
2026-08-11,IFNC,Índice Financeiro,BPAC11,BTGP BANCO,UNT EJ  N2,1194624560,14.498,,
2026-08-11,IFNC,Índice Financeiro,CXSE3,CAIXA SEGURI,ON  ED  NM,600000000,2.590,,
2026-08-11,IFNC,Índice Financeiro,IRBR3,IRBBRASIL RE,ON      NM,8153-43-04,0.950,,
2026-08-11,IFNC,Índice Financeiro,ITUB3,ITAUUNIBANCO,ON  EJ  N1,174982153,1.735,,
2026-08-11,IFNC,Índice Financeiro,ITUB4,ITAUUNIBANCO,PN  EJ  N1,2052266378,18.916,,
2026-08-11,IFNC,Índice Financeiro,PINE4,PINE,PN      N2,7060-65-88,0.191,,
2026-08-11,IFNC,Índice Financeiro,PSSA3,PORTO SEGURO,ON      NM,178825403,2.027,,
2026-08-11,IFNC,Índice Financeiro,SANB11,SANTANDER BR,UNT,360347199,2.404,,
2026-08-12,IFNC,Índice Financeiro,ABCB4,ABC BRASIL,PN      N2,7893-65-56,0.422,,
2026-08-12,IFNC,Índice Financeiro,B3SA3,B3,ON      NM,4997059816,16.835,,
2026-08-12,IFNC,Índice Financeiro,BRSR6,BANRISUL,PNB     N1,202536440,0.627,,
2026-08-12,IFNC,Índice Financeiro,BBSE3,BBSEGURIDADE,ON  ED  NM,616248544,5.414,,
2026-08-12,IFNC,Índice Financeiro,BRBI11,BR PARTNERS,UNT     N2,4723-80-57,0.137,,
2026-08-12,IFNC,Índice Financeiro,BBDC3,BRADESCO,ON  EJS N1,1195649996,4.149,,
2026-08-12,IFNC,Índice Financeiro,BBDC4,BRADESCO,PN  EJS N1,4164679474,16.485,,
2026-08-12,IFNC,Índice Financeiro,BBAS3,BRASIL,ON      NM,2842496541,12.920,,
2026-08-12,IFNC,Índice Financeiro,BPAC11,BTGP BANCO,UNT EJ  N2,1194624560,14.119,,
2026-08-12,IFNC,Índice Financeiro,CXSE3,CAIXA SEGURI,ON  ED  NM,600000000,2.610,,
2026-08-12,IFNC,Índice Financeiro,IRBR3,IRBBRASIL RE,ON      NM,8153-43-04,0.943,,
2026-08-12,IFNC,Índice Financeiro,ITUB3,ITAUUNIBANCO,ON  EJ  N1,174982153,1.729,,
2026-08-12,IFNC,Índice Financeiro,ITUB4,ITAUUNIBANCO,PN  EJ  N1,2052266378,18.870,,
2026-08-12,IFNC,Índice Financeiro,PINE4,PINE,PN      N2,7060-65-88,0.192,,
2026-08-12,IFNC,Índice Financeiro,PSSA3,PORTO SEGURO,ON      NM,178825403,2.040,,
2026-08-12,IFNC,Índice Financeiro,SANB11,SANTANDER BR,UNT,360347199,2.508,,
