data_captura,tipo_fundo,codigo_fundo,nome_fundo,id_b3
2026-06-27,FII,ADSH,AD SHOPPING FUNDO DE INVESTIMENTO IMOBILIÁRIO RESPONSABILIDADE LIMITADA,23336
2026-06-27,FII,AFHI,AF INVEST CRI FUNDO DE INVESTIMENTO IMOBILIÁRIO RECEBÍVEIS IMOBILIÁRIOS RESPONSABILIDADE LIMITADA,3784
2026-06-27,FII,AFHF,AF INVEST REAL ESTATE MULTIESTRATÉGIA FUNDO DE INVESTIMENTO IMOBILIÁRIO - RESPONSABILIDADE LIMITADA,19003
2026-06-27,FII,ATWN,AIRPORT TOWN FUNDO DE INVESTIMENTO IMOBILIARIO - FII,853
2026-06-27,FII,AJFI,AJ MALLS FUNDO DE INVESTIMENTO IMOBILIÁRIO RESPONSABILIDADE LIMITADA,10318
2026-06-27,FII,ALZC,ALIANZA CRÉDITO IMOBILIÁRIO FUNDO DE INVESTIMENTO IMOBILIÁRIO RESPONSABILIDADE LIMITADA,6354
2026-06-27,FII,MTOF,ALIANZA MULTIOFFICES - FUNDO DE INVESTIMENTO IMOBILIÁRIO - RESPONSABILIDADE LIMITADA,3065
2026-06-27,FII,ALZR,ALIANZA TRUST RENDA IMOBILIÁRIA - FUNDO DE INVESTIMENTO IMOBILIÁRIO RESPONSABILIDADE LIMITADA,870
2026-06-27,FII,AURB,ALIANZA URBAN HUB RENDA FUNDO DE INVESTIMENTO IMOBILIÁRIO RESPONSABILIDADE LIMITADA,7293
2026-06-27,FII,APXM,APEX MALLS FUNDO DE INVESTIMENTO IMOBILIÁRIO RESPONSABILIDADE LIMITADA,8431
2026-06-27,FII,APXU,APEX URB FUNDO DE INVESTIMENTO IMOBILIÁRIO RESPONSABILIDADE LIMITADA,10903
2026-06-27,FII,AIEC,ARCH EDIFÍCIOS CORPORATIVOS FUNDO DE INVESTIMENTO IMOBILIÁRIO - RESPONSABILIDADE LIMITADA,3236
2026-06-27,FII,AVUR,ARCH VANGUARDA UNIDADES RESIDENCIAIS FUNDO DE INVESTIMENTO IMOBILIÁRIO RESPONSABILIDADE LIMITADA,13160
2026-06-27,FII,AROA,AROEIRA 333 RENDA LOGÍSTICA FUNDO DE INVESTIMENTO IMOBILIÁRIO RESPONSABILIDADE LIMITADA,7856
2026-06-27,FII,EIRA,AROEIRA FUNDO DE INVESTIMENTO IMOBILIÁRIO - RESPONSABILIDADE LIMITADA,17500
2026-06-27,FII,ARTE,ÁRTEMIS FUNDO DE INVESTIMENTO IMOBILIÁRIO RESPONSABILIDADE LIMITADA,11329
2026-06-27,FII,ARXD,ARX DOVER RECEBÍVEIS FUNDO DE INVESTIMENTO IMOBILIÁRIO DE RESPONSABILIDADE LIMITADA,8100
2026-06-27,FII,AZPE,AZ QUEST PANORAMA CRÉDITO ESTRUTURADO FUNDO DE INVESTIMENTO IMOBILIÁRIO DE RESPONSABILIDADE LIMITADA,12822
2026-06-27,FII,AZPL,AZ QUEST PANORAMA LOGÍSTICA FUNDO DE INVESTIMENTO IMOBILIÁRIO - RESPONSABILIDADE LIMITADA,10540
2026-06-27,FII,AZSG,AZ SOLARGRID RENDA  SOLAR FUNDO DE INVESTIMENTO IMOBILIÁRIO RESPONSABILIDADE  LIMITADA,25437
2026-06-27,FII,CEBB,BALTIMORE FUNDO DE INVESTIMENTO IMOBILIÁRIO DE RESPONSABILIDADE LIMITADA,12935
2026-06-27,FII,BCRI,BANESTES RECEBÍVEIS  IMOBILIÁRIOS FUNDO DE INVESTIMENTO IMOBILIÁRIO - FII - RESPONSABILIDADE LIMITAD,176
2026-06-27,FII,BNFS,BANRISUL NOVAS FRONTEIRAS FUNDO DE INVESTIMENTO IMOBILIARIO - RESPONSABILIDADE LIMITADA,221
2026-06-27,FII,BTML,BARRA MALLS FUNDO DE INVESTIMENTO IMOBILIÁRIO,6634
2026-06-27,FII,BZEL,BARZEL CD1 FUNDO DE INVESTIMENTO IMOBILIARIO RESPONSABILIDADE LIMITADA,3417
2026-06-27,FII,BPDR,BASÍLICA PARTNERS GDR FUNDO DE INVESTIMENTO IMOBILIÁRIO FII RESPONSABILIDADE LIMITADA,12823
2026-06-27,FII,BPLC,BASÍLICA PARTNERS LED CORPORATE FUNDO DE INVESTIMENTO IMOBILIÁRIO FII,825
2026-06-27,FII,BPMW,BASÍLICA PARTNERS MEDWELL FUNDO DE INVESTIMENTO IMOBILIÁRIO FII RESPONSABILIDADE LIMITADA,8055
2026-06-27,FII,BBFO,BB FUNDO DE FUNDOS - FUNDO DE INVESTIMENTO IMOBILIÁRIO RESPONSABILIDADE LIMITADA,3792
2026-06-27,FII,BBIG,BB PREMIUM MALLS FUNDO DE INVESTIMENTO IMOBILIÁRIO DE RESPONSABILIDADE LIMITADA,11952
2026-06-27,FII,BBRC,BB RENDA CORPORATIVA FUNDO DE INVESTIMENTO IMOBILIÁRIO RESPONSABILIDADE LIMITADA,82
2026-06-27,FII,BINR,BE IN RIO FUNDO DE INVESTIMENTO IMOBILIÁRIO - RESPONSABILIDADE LIMITADA,3022
2026-06-27,FII,BFCC,BFC FUNDO DE INVESTIMENTO IMOBILIÁRIO,1099
2026-06-27,FII,BGRB,BGR B32 FUNDO DE INVESTIMENTO IMOBILIÁRIO,13193
2026-06-27,FII,BGRJ,BGR CIDADE JARDIM FUNDO DE INVESTIMENTO IMOBILIÁRIO - RESPONSABILIDADE LIMITADA,24061
2026-06-27,FII,BLOG,BLUECAP LOG FUNDO DE INVESTIMENTO IMOBILIÁRIO,9607
2026-06-27,FII,BLMG,BLUEMACAW FUNDO DE INVESTIMENTO IMOBILIÁRIO RESPONSABILIDADE LIMITADA,3043
2026-06-27,FII,BMLC,BM BRASCAN LAJES CORPORATIVAS FUNDO DE INVESTIMENTO IMOBILIÁRIO RESPONSABILIDADE LIMITADA,277
2026-06-27,FII,BRSE,BR7 SENADO FUNDO DE INVESTIMENTO IMOBILIÁRIO,6567
2026-06-27,FII,BCIA,BRADESCO CARTEIRA IMOBILIÁRIA ATIVA - FUNDO DE FUNDOS DE INVESTIMENTO IMOBILIÁRIO - FII,294
2026-06-27,FII,BVAR,BRASIL VAREJO FUNDO DE INVESTIMENTO IMOBILIÁRIO RESPONSABILIDADE LIMITADA,362
2026-06-27,FII,CARE,BRAZILIAN GRAVEYARD AND DEATH CARE SERVICES FUNDO DE INVESTIMENTO IMOBILIÁRIO - FII RESP LIMITADA,214
2026-06-27,FII,FATN,BRC RENDA CORPORATIVA FUNDO DE INVESTIMENTO IMOBILIÁRIO - RESPONSABILIDADE LIMITADA,974
2026-06-27,FII,RTEL,BRC-II FUNDO DE INVESTIMENTO IMOBILIÁRIO - RESPONSABILIDADE LIMITADA,7010
2026-06-27,FII,BRCT,BRC-III DESENVOLVIMENTO FUNDO DE INVESTIMENTO IMOBILIÁRIO - RESPONSABILIDADE LIMITADA,7885
2026-06-27,FII,BRCD,BRESCO DESENVOLVIMENTO FUNDO DE INVESTIMENTO IMOBILIÁRIO RESPONSABILIDADE LIMITADA,13258
2026-06-27,FII,BRCO,BRESCO LOGÍSTICA FUNDO DE INVESTIMENTO IMOBILIÁRIO RESPONSABILIDADE LIMITADA,640
2026-06-27,FII,BICE,BRIO CRÉDITO ESTRUTURADO - FUNDO DE INVESTIMENTO IMOBILIÁRIO - RESPONSABILIDADE LIMITADA,3776
2026-06-27,FII,BIME,BRIO MULTIESTRATÉGIA - FUNDO DE INVESTIMENTO IMOBILIÁRIO RESPONSABILIDADE LIMITADA,6359
2026-06-27,FII,BRIM,BRIO REAL ESTATE II - FUNDO DE INVESTIMENTO IMOBILIÁRIO - RESPONSABILIDADE LIMITADA,709
2026-06-27,FII,BRIP,BRIO REAL ESTATE III - FUNDO DE INVESTIMENTO IMOBILIÁRIO - RESPONSABILIDADE LIMITADA,3550
2026-06-27,FII,BIPD,BRIO REAL ESTATE IV - FUNDO DE INVESTIMENTO IMOBILIÁRIO - RESPONSABILIDADE LIMITADA,7545
2026-06-27,FII,BIPE,BRIO REAL ESTATE V - FUNDO DE INVESTIMENTO IMOBILIÁRIO - RESPONSABILIDADE LIMITADA,10516
2026-06-27,FII,MCMV,BRM MINHA CASA MINHA VIDA III FUNDO DE INVESTIMENTO IMOBILIÁRIO RESPONSABILIDADE LIMITADA,22662
2026-06-27,FII,BROF,BRPR CORPORATE OFFICES FUNDO DE INVESTIMENTO IMOBILIÁRIO RESPONSABILIDADE LIMITADA,9379
2026-06-27,FII,BETW,BRPR E-TOWER FUNDO DE INVESTIMENTO IMOBILIÁRIO,10438
2026-06-27,FII,LLAO,BS2 ALLINVESTMENTS FUNDO DE INVESTIMENTO IMOBILIÁRIO,6527
2026-06-27,FII,BTHR,BTG HOSPITALIDADE RETORNO TOTAL FUNDO DE INVESTIMENTO IMOBILIÁRIO  RESPONSABILIDADE LIMITADA,19300
2026-06-27,FII,BTHI,BTG HOTÉIS FUNDO DE INVESTIMENTO IMOBILIÁRIO RESPONSABILIDADE LIMITADA,573
2026-06-27,FII,BRCR,BTG PACTUAL CORPORATE OFFICE FUND - FUNDO DE INVESTIMENTO IMOBILIÁRIO RESPONSABILIDADE LIMITADA,256
2026-06-27,FII,BTCI,BTG PACTUAL CRÉDITO IMOBILIÁRIO - FUNDO DE CRI - FI IMOBILIÁRIO RESPONSABILIDADE LIMITADA,259
2026-06-27,FII,BTLG,BTG PACTUAL LOGÍSTICA FUNDO DE INVESTIMENTO IMOBILIÁRIO RESPONSABILIDADE LIMITADA,212
2026-06-27,FII,BTHF,BTG PACTUAL REAL ESTATE HEDGE FUND FII - FUNDO DE INVESTIMENTO IMOBILIÁRIO RESPONSABILIDADE LIMITADA,9129
2026-06-27,FII,HSRE,BTG PACTUAL RENDA URBANA FUNDO DE INVESTIMENTO IMOBILIÁRIO RESPONSABILIDADE LIMITADA,253
2026-06-27,FII,BPML,BTG PACTUAL SHOPPINGS FUNDO DE INVESTIMENTO IMOBILIÁRIO RESPONSABILIDADE LIMITADA,2346
2026-06-27,FII,BTYU,BTG PACTUAL YOU INC. DESENVOLVIMENTO IMOBILIÁRIO - FUNDO DE INVESTIMENTO IMOBILIÁRIO RESPONSABILIDAD,12136
2026-06-27,FII,BTWR,BTOWERS FUNDO DE INVESTIMENTO IMOBILIÁRIO RESPONSABILIDADE LIMITADA,180
2026-06-27,FII,BTSI,BTSP II FUNDO DE INVESTIMENTO IMOBILIÁRIO FII RESPONSABILIDADE LIMITADA,6037
2026-06-27,FII,CXCO,CAIXA IMÓVEIS CORPORATIVOS FUNDO DE INVESTIMENTO IMOBILIÁRIO - RESPONSABILIDADE LIMITADA,5543
2026-06-27,FII,CRFF,CAIXA RIO BRAVO FUNDO DE FUNDOS DE INVESTIMENTO IMOBILIÁRIO II RESPONSABILIDADE LIMITADA,1128
2026-06-27,FII,CXRI,CAIXA RIO BRAVO FUNDO DE FUNDOS DE INVESTIMENTO IMOBILIARIO RESPONSABILIDADE LIMITADA,33
2026-06-27,FII,CCME,CANUMA CAPITAL MULTIESTRATÉGIA FUNDO DE INVESTIMENTO IMOBILIÁRIO RESPONSABILIDADE LIMITADA,7668
2026-06-27,FII,CCVA,CANUMA CAPITAL RENDA VAREJO FUNDO DE INVESTIMENTO IMOBILIÁRIO RESPONSABILIDADE LIMITADA,10987
2026-06-27,FII,KONG,CAPITANIA ARTON JARDIM PAULISTANO FUNDO DE INVESTIMENTO IMOBILIÁRIO RESPONSABILIDADE LIMITADA,26112
2026-06-27,FII,CPUR,CAPITÂNIA HBC RENDA URBANA FUNDO DE INVESTIMENTO IMOBILIÁRIO RESPONSABILIDADE  LIMITADA,2507
2026-06-27,FII,CPLG,CAPITÂNIA LOGÍSTICA FUNDO DE INVESTIMENTO IMOBILIÁRIO - RESPONSABILIDADE LIMITADA,10849
2026-06-27,FII,CPOF,CAPITÂNIA OFFICE FII - FUNDO DE INVESTIMENTO IMOBILIÁRIO,9291
2026-06-27,FII,CPTS,CAPITÂNIA SECURITIES II FUNDO DE INVESTIMENTO IMOBILIÁRIO RESPONSABILIDADE LIMITADA,64
2026-06-27,FII,CPSH,CAPITÂNIA SHOPPINGS FUNDO DE INVESTIMENTO IMOBILIÁRIO - RESPONSABILIDADE LIMITADA,9238
2026-06-27,FII,CACR,CARTESIA RECEBÍVEIS IMOBILIÁRIOS - FUNDO DE INVESTIMENTO IMOBILIÁRIO DE RESPONSABILIDADE LIMITADA,2387
2026-06-27,FII,CBOP,CASTELLO BRANCO OFFICE PARK - FUNDO DE INVESTIMENTO IMOBILIÁRIO - RESPONSABILIDADE LIMITADA,309
2026-06-27,FII,BLCA,CATUAÍ VBI TRIPLE A FUNDO DE INVESTIMENTO IMOBILIÁRIO - RESPONSABILIDADE LIMITADA,6566
2026-06-27,FII,CVFL,CATUAÍ VISTA FL FUNDO DE INVESTIMENTO IMOBILIÁRIO DE RESPONSABILIDADE LIMITADA,19622
2026-06-27,FII,CNES,CENESP FUNDO DE INVESTIMENTO IMOBILIÁRIO RESPONSABILIDADE LIMITADA,275
2026-06-27,FII,CDHY,CENTRAL REAL ESTATE HIGH YIELD DEBT FUNDO DE INVESTIMENTO IMOBILIÁRIO RESPONSABILIDADE LIMITADA,19874
2026-06-27,FII,CTXT,CENTRO TÊXTIL INTERNACIONAL FUNDO DE INVESTIMENTO IMOBILIÁRIO DE RESPONSABILIDADE LIMITADA,331
2026-06-27,FII,CENU,CENU - FUNDO DE INVESTIMENTO IMOBILIÁRIO RESPONSABILIDADE LIMITADA,3782
2026-06-27,FII,CFII,CF3  FUNDO DE INVESTIMENTO IMOBILIÁRIO,8125
2026-06-27,FII,CFHF,CF4 FUNDO DE INVESTIMENTO IMOBILIÁRIO DE RESPONSABILIDADE LIMITADA,25454
2026-06-27,FII,CJCT,CIDADE JARDIM CONTINENTAL TOWER FUNDO DE INVESTIMENTO IMOBILIÁRIO DE RESPONSABILIDADE LIMITADA,80
2026-06-27,FII,CLSM,CITLOG SUL DE MINAS FUNDO DE INVESTIMENTO IMOBILIÁRIO DE RESPONSABILIDADE LIMITADA,23853
2026-06-27,FII,CIXM,CIX MUIRAQUITAN FUNDO DE INVESTIMENTO IMOBILIÁRIO RESPONSABILIDADE LIMITADA,9245
2026-06-27,FII,CIXF,CIX RETROFIT FUNDO DE INVESTIMENTO IMOBILIÁRIO RESPONSABILIDADE LIMITADA,18394
2026-06-27,FII,PDBM,CLASSE A DE COTAS DO SINAL RJDI - BRASIL MALLS FUNDO DE INVESTIMENTO IMOBILIÁRIO RESP LIMITADA,13066
2026-06-27,FII,CLIN,CLAVE ÍNDICES DE PREÇOS FUNDO DE INVESTIMENTO IMOBILIÁRIO RESPONSABILIDADE LIMITADA,9423
2026-06-27,FII,CSMC,COSMIC FUNDO DE INVESTIMENTO IMOBILIÁRIO DE RESPONSABILIDADE LIMITADA,6729
2026-06-27,FII,RENV,CPV ENERGIA FUNDO DE INVESTIMENTO IMOBILIÁRIO RESPONSABILIDADE LIMITADA,11934
2026-06-27,FII,IBCR,CRI INTEGRAL BREI FUNDO DE INVESTIMENTO IMOBILIÁRIO RESPONSABILIDADE LIMITADA,5871
2026-06-27,FII,CVPR,CVPAR FUNDO DE INVESTIMENTO IMOBILIÁRIO DE CRI RESPONSABILIDADE LIMITADA,6294
2026-06-27,FII,CYCR,CYRELA CRÉDITO - FUNDO DE INVESTIMENTO IMOBILIÁRIO - RESPONSABILIDADE LIMITADA,6023
2026-06-27,FII,CYLD,CYRELA DESENVOLVIMENTO LOGÍSTICO FUNDO DE INVESTIMENTO IMOBILIÁRIO RESPONSABILIDADE LIMITADA,7685
2026-06-27,FII,DAMA,DAMA FUNDO DE INVESTIMENTO IMOBILIÁRIO RESPONSABILIDADE LIMITADA,11763
2026-06-27,FII,DAYM,DAYCOVAL REAL ESTATE MULTIESTRATÉGIA FUNDO DE INVESTIMENTO IMOBILIÁRIO DE RESPONSABILIDADE LIMITADA,5501
2026-06-27,FII,ASRF,DAYCOVAL RETROFITS I FUNDO DE INVESTIMENTO IMOBILIÁRIO RESPONSABILIDADE LIMITADA,8668
2026-06-27,FII,DLMT,DEL MONTE AJAX FUNDO DE INVESTIMENTO IMOBILIÁRIO - FII DE RESPONSABILIDADE LIMITADA,823
2026-06-27,FII,DPRO,DEVANT PROPERTIES FUNDO DE INVESTIMENTO IMOBILIÁRIO DE RESPONSABILIDADE LIMITADA,7665
2026-06-27,FII,DEVA,DEVANT RECEBÍVEIS IMOBILIÁRIOS FUNDO DE INVESTIMENTO IMOBILIÁRIO RESPONSABILIDADE LIMITADA,3539
2026-06-27,FII,DAMT,DIAMANTE FUNDO DE INVESTIMENTO IMOBILIÁRIO RESPONSABILIDADE LIMITADA,712
2026-06-27,FII,DOVL,DOVEL FUNDO DE INVESTIMENTO IMOBILIÁRIO - RESPONSABILIDADE LIMITADA,59
2026-06-27,FII,EDGE,EDGE FUNDO DE INVESTIMENTO IMOBILIÁRIO DE RESPONSABILIDADE LIMITADA,12053
2026-06-27,FII,EMET,EMET MULTIESTRATÉGIA FUNDO DE INVESTIMENTO I MOBILIÁRIO RESPONSABILIDADE LIMITADA,11622
2026-06-27,FII,EGYR,ENERGY RESORT FUNDO DE INVESTIMENTO IMOBILIÁRIO,3710
2026-06-27,FII,EQIR,EQI RECEBÍVEIS IMOBILIÁRIOS FUNDO DE INVESTIMENTO IMOBILIÁRIO RESPONSABILIDADE LIMITADA,6528
2026-06-27,FII,ERCR,ESTOQUE RESIDENCIAL E COMERCIAL RIO DE JANEIRO FUNDO DE INVESTIMENTO IMOBILIÁRIO - RESP LIMITADA,3726
2026-06-27,FII,ERPA,EUROPA 105  FUNDO DE INVESTIMENTO IMOBILIÁRIO - RESPONSABILIDADE LIMITADA,1194
2026-06-27,FII,KEVE,EVEN II KINEA FUNDO DE INVESTIMENTO IMOBILIÁRIO RESPONSABILIDADE LIMITADA,3273
2026-06-27,FII,EXES,EXES FUNDO DE INVESTIMENTO IMOBILIÁRIO RESPONSABILIDADE LIMITADA,6595
2026-06-27,FII,FLCR,FARIA LIMA CAPITAL RECEBÍVEIS IMOBILIÁRIOS I - FUNDO DE INVESTIMENTO IMOBILIÁRIO RESPONSABILIDADE LI,2386
2026-06-27,FII,FTRR,FATOR RECEBÍVEIS IMOBILIÁRIOS FUNDO DE INVESTIMENTO IMOBILIÁRIO DE RESPONSABILIDADE LIMITADA,25938
2026-06-27,FII,VRTA,FATOR VERITA FUNDO DE INVESTIMENTO IMOBILIARIO,174
2026-06-27,FII,VRTM,FATOR VERITÀ MULTIESTRATÉGIA FUNDO DE INVESTIMENTO IMOBILIÁRIO,10532
2026-06-27,FII,FTRE,FIGTREE RENDA EDUCACIONAL FUNDO DE INVESTIMENTO IMOBILIÁRIO,11136
2026-06-27,FII,FLMA,FII CONTINENTAL SQUARE FARIA LIMA - RESPONSABILIDADE LIMITADA,235
2026-06-27,FII,EGDB,FII DE DESENVOLVIMENTO DE ESCRITÓRIOS BOUTIQUE RESPONSABILIDADE LIMITADA,11761
2026-06-27,FII,ELDO,FII ELDORADO FUNDO DE INVESTIMENTO IMOBILIÁRIO - RESPONSABILIDADE LIMITADA,274
2026-06-27,FII,EURO,FII EUROPAR RESPONSABILIDADE LIMITADA,20
2026-06-27,FII,HYPI,FII HIRE PROPERTIES I - FUNDO DE INVESTIMENTO IMOBILIÁRIO,880
2026-06-27,FII,HRES,FII HIRE RESIDENCIAL I - FUNDO DE INVESTIMENTO IMOBILIÁRIO,6814
2026-06-27,FII,FIIB,FII INDUSTRIAL DO BRASIL RESPONSABILIDADE LIMITADA,21
2026-06-27,FII,FMOF,FII MEMORIAL OFFICE RESPONSABILIDADE LIMITADA,297
2026-06-27,FII,OPTM,FII PATRIMONIAL IV,148
2026-06-27,FII,FRBC,FII RBC II FUNDO DE FUNDOS - RESPONSABILIDADE LIMITADA,22815
2026-06-27,FII,ALMI,FII TORRE ALMIRANTE,248
2026-06-27,FII,FLNR,FLORIANO FUNDO DE INVESTIMENTO IMOBILIÁRIO,7481
2026-06-27,FII,HLMB,FRAM CAPITAL HELMER MULTIATIVOS RENDA PREFERENCIAL FUNDO DE INVESTIMENTO IMOBILIÁRIO,6476
2026-06-27,FII,KFOF,FUNDO DE FUNDOS DE INVESTIMENTO IMOBILIÁRIO KINEA FII RESPONSABILIDADE LIMITADA,963
2026-06-27,FII,DVFF,FUNDO DE INVESTIMENTO IMOBILIÁRIO - DEVANT FUNDO DE FUNDOS IMOBILIÁRIOS DE RESPONSABILIDADE LIMITADA,6038
2026-06-27,FII,ANCR,FUNDO DE INVESTIMENTO IMOBILIÁRIO - FII ANCAR IC - RESPONSABILIDADE LIMITADA,251
2026-06-27,FII,FAED,FUNDO DE INVESTIMENTO IMOBILIÁRIO - FII ANHANGUERA EDUCACIONAL RESPONSABILIDADE LIMITADA,265
2026-06-27,FII,FCFL,FUNDO DE INVESTIMENTO IMOBILIÁRIO - FII CAMPUS FARIA LIMA RESPONSABILIDADE LIMITADA,267
2026-06-27,FII,CEOC,FUNDO DE INVESTIMENTO IMOBILIÁRIO - FII CEO CYRELA COMMERCIAL PROPERTIES RESPONSABILIDADE LIMITADA,283
2026-06-27,FII,FAMB,FUNDO DE INVESTIMENTO IMOBILIÁRIO - FII EDIFÍCIO ALMIRANTE BARROSO RESPONSABILIDADE LIMITADA,247
2026-06-27,FII,EDGA,FUNDO DE INVESTIMENTO IMOBILIÁRIO - FII EDIFÍCIO GALERIA RESPONSABILIADADE LIMITADA,282
2026-06-27,FII,FYTO,FUNDO DE INVESTIMENTO IMOBILIÁRIO - FII FYTO RECEBÍVEIS IMOBILIÁRIOS RESPONSABILIDADE LIMITADA,287
2026-06-27,FII,HCRI,FUNDO DE INVESTIMENTO IMOBILIÁRIO - FII HOSPITAL DA CRIANÇA RESPONSABILIDADE LIMITADA,245
2026-06-27,FII,NSLU,FUNDO DE INVESTIMENTO IMOBILIÁRIO - FII HOSPITAL NOSSA SENHORA DE LOURDES RESPONSABILIDADE LIMITADA,252
2026-06-27,FII,MAXR,FUNDO DE INVESTIMENTO IMOBILIÁRIO - FII MAX RETAIL RESPONSABILIDADE LIMITADA,266
2026-06-27,FII,PQDP,FUNDO DE INVESTIMENTO IMOBILIÁRIO - FII PARQUE DOM PEDRO SHOPPING CENTER RESPONSABILIDADE LIMITADA,262
2026-06-27,FII,RBRI,FUNDO DE INVESTIMENTO IMOBILIÁRIO - FII RBR DESENVOLVIMENTO III RESPONSABILIDADE LIMITADA,1181
2026-06-27,FII,RDIV,FUNDO DE INVESTIMENTO IMOBILIÁRIO - FII RBR DESENVOLVIMENTO IV RESPONSABILIDADE LIMITADA,3742
2026-06-27,FII,RBRR,FUNDO DE INVESTIMENTO IMOBILIARIO - FII RBR RENDIMENTO HIGH GRADE RESPONSABILIDADE LIMITADA,916
2026-06-27,FII,RECR,FUNDO DE INVESTIMENTO IMOBILIÁRIO - FII REC RECEBÍVEIS IMOBILIÁRIOS - RESPONSABILIDADE LIMITADA,817
2026-06-27,FII,RECT,FUNDO DE INVESTIMENTO IMOBILIÁRIO - FII REC RENDA IMOBILIÁRIA - RESPONSABILIDADE LIMITADA,1174
2026-06-27,FII,SHDP,FUNDO DE INVESTIMENTO IMOBILIÁRIO - FII SHOPPING PARQUE D. PEDRO RESPONSABILIDADE LIMITADA,249
2026-06-27,FII,TRNT,FUNDO DE INVESTIMENTO IMOBILIÁRIO - FII TORRE NORTE,246
2026-06-27,FII,APXR,FUNDO DE INVESTIMENTO IMOBILIÁRIO APEX REALTY - FII,10878
2026-06-27,FII,BRHT,FUNDO DE INVESTIMENTO IMOBILIÁRIO BR HOTÉIS,61
2026-06-27,FII,BRCQ,FUNDO DE INVESTIMENTO IMOBILIÁRIO BRC-IV DESENVOLVIMENTO RESPONSABILIDADE LIMITADA,13492
2026-06-27,FII,CXAG,FUNDO DE INVESTIMENTO IMOBILIÁRIO CAIXA AGÊNCIAS - RESPONSABILIDADE LIMITADA,6285
2026-06-27,FII,CXCI,FUNDO DE INVESTIMENTO IMOBILIÁRIO CAIXA CARTEIRA IMOBILIÁRIA RESPONSABILIDADE LIMITADA,6683
2026-06-27,FII,CXCE,FUNDO DE INVESTIMENTO IMOBILIÁRIO CAIXA CEDAE RESPONSABILIDADE LIMITADA,25
2026-06-27,FII,CXTL,FUNDO DE INVESTIMENTO IMOBILIARIO CAIXA SEQ LOGISTICA RENDA RESPONSABILIDADE LIMITADA,26
2026-06-27,FII,IDUA,FUNDO DE INVESTIMENTO IMOBILIÁRIO DE UNIDADES AUTÔNOMAS IV,10785
2026-06-27,FII,LKDV,FUNDO DE INVESTIMENTO IMOBILIÁRIO DEVELOPMENT V1 RESPONSABILIDADE LIMITADA,5799
2026-06-27,FII,EDFO,FUNDO DE INVESTIMENTO IMOBILIÁRIO EDIFÍCIO OURINVEST - RESPONSABILIDADE LIMITADA,207
2026-06-27,FII,NVHO,FUNDO DE INVESTIMENTO IMOBILIÁRIO FII NOVO HORIZONTE - RESPONSABILIDADE LIMITADA,159
2026-06-27,FII,GTWR,FUNDO DE INVESTIMENTO IMOBILIÁRIO GREEN TOWERS RESPONSABILIDADE LIMITADA,706
2026-06-27,FII,HBCR,FUNDO DE INVESTIMENTO IMOBILIÁRIO HBC RENDA URBANA,3779
2026-06-27,FII,HUCG,FUNDO DE INVESTIMENTO IMOBILIÁRIO HOSPITAL UNIMED CAMPINA GRANDE RESPONSABILIDADE LIMITADA,3756
2026-06-27,FII,HUSC,FUNDO DE INVESTIMENTO IMOBILIARIO HOSPITAL UNIMED SUL CAPIXABA,886
2026-06-27,FII,HOSI,FUNDO DE INVESTIMENTO IMOBILIÁRIO HOUSI RESPONSABILIDADE LIMITADA,2405
2026-06-27,FII,FINF,FUNDO DE INVESTIMENTO IMOBILIÁRIO INFRA REAL ESTATE - FII RESPONSABILIDADE LIMITADA,47
2026-06-27,FII,BLUE,FUNDO DE INVESTIMENTO IMOBILIÁRIO MACAM SHOPPING RESPONSABILIDADE LIMITADA,9604
2026-06-27,FII,MMPD,FUNDO DE INVESTIMENTO IMOBILIÁRIO MAUÁ CAPITAL MPD DESENVOLVIMENTO RESIDENCIAL RESP LIMITADA,6286
2026-06-27,FII,MCCI,FUNDO DE INVESTIMENTO IMOBILIÁRIO MAUÁ CAPITAL RECEBÍVEIS IMOBILIÁRIOS - FII RESPONSABILIDADE LIMITA,2371
2026-06-27,FII,WTSP,FUNDO DE INVESTIMENTO IMOBILIÁRIO OURINVEST RE I - RESPONSABILIDADE LIMITADA,866
2026-06-27,FII,PABY,FUNDO DE INVESTIMENTO IMOBILIÁRIO PANAMBY,197
2026-06-27,FII,RBRP,FUNDO DE INVESTIMENTO IMOBILIÁRIO PATRIA PROPERTIES - FII RESPONSABILIDADE LIMITADA,51
2026-06-27,FII,VTPA,FUNDO DE INVESTIMENTO IMOBILIÁRIO PATRIMONIAL V RESPONSABILIDADE LIMITADA,708
2026-06-27,FII,FPNG,FUNDO DE INVESTIMENTO IMOBILIÁRIO PEDRA NEGRA RENDA IMOBILIÁRIA - RESPONSABILIDADE LIMITADA,239
2026-06-27,FII,VTPL,FUNDO DE INVESTIMENTO IMOBILIÁRIO PLUS RESPONSABILIDADE LIMITADA,88
2026-06-27,FII,ESTQ,FUNDO DE INVESTIMENTO IMOBILIARIO POLO ESTOQUE II RESPONSABILIDADE LIMITADA,226
2026-06-27,FII,VPSI,FUNDO DE INVESTIMENTO IMOBILIÁRIO POLO SHOPPING INDAIATUBA - RESPONSABILIDADE LIMITADA,86
2026-06-27,FII,RBRY,FUNDO DE INVESTIMENTO IMOBILIÁRIO RBR CRÉDITO IMOBILIÁRIO ESTRUTURADO RESPONSABILIDADE LIMITADA,948
2026-06-27,FII,RELG,FUNDO DE INVESTIMENTO IMOBILIÁRIO REC LOGÍSTICA - RESPONSABILIDADE  LIMITADA,3461
2026-06-27,FII,RLGX,FUNDO DE INVESTIMENTO IMOBILIÁRIO REC LOGÍSTICA II - RESPONSABILIDADE LIMITADA,25748
2026-06-27,FII,RRES,FUNDO DE INVESTIMENTO IMOBILIÁRIO RIVIERA RESIDENCIAL - RESPONSABILIDADE LIMITADA,25400
2026-06-27,FII,RZRM,FUNDO DE INVESTIMENTO IMOBILIÁRIO RIZA MALLS RPPS - RESPONSABILIDADE LIMITADA,26386
2026-06-27,FII,RZTR,FUNDO DE INVESTIMENTO IMOBILIÁRIO RIZA TERRAX,3642
2026-06-27,FII,ROOF,FUNDO DE INVESTIMENTO IMOBILIÁRIO ROOFTOP I RESPONSABILIDADE LIMITADA,5373
2026-06-27,FII,HOMS,FUNDO DE INVESTIMENTO IMOBILIÁRIO ROOFTOP III RESPONSABILIDADE LIMITADA,12740
2026-06-27,FII,FISC,FUNDO DE INVESTIMENTO IMOBILIÁRIO SC 401 - RESPONSABILIDADE LIMITADA,377
2026-06-27,FII,SAIC,FUNDO DE INVESTIMENTO IMOBILIARIO SIA CORPORATE RESPONSABILIDADE LIMITADA,179
2026-06-27,FII,SMRE,FUNDO DE INVESTIMENTO IMOBILIÁRIO SMART REAL ESTATE - FII RESPONSABILIDADE LIMITADA,11703
2026-06-27,FII,SOFF,FUNDO DE INVESTIMENTO IMOBILIÁRIO SOFIA,13556
2026-06-27,FII,SPVJ,FUNDO DE INVESTIMENTO IMOBILIÁRIO SUCCESPAR VAREJO RESPONSABILIDADE LIMITADA,802
2026-06-27,FII,TGAR,FUNDO DE INVESTIMENTO IMOBILIÁRIO TG ATIVO REAL,651
2026-06-27,FII,TRCO,FUNDO DE INVESTIMENTO IMOBILIÁRIO TORRE RIO CLARO OFFICES - RESPONSABILIDADE LIMITADA,22058
2026-06-27,FII,TRUE,FUNDO DE INVESTIMENTO IMOBILIÁRIO TRUE MULTIESTRATÉGIA - RESPONSABILIDADE LIMITADA,114
2026-06-27,FII,LVBI,FUNDO DE INVESTIMENTO IMOBILIÁRIO VBI LOGÍSTICO - RESPONSABILIDADE LIMITADA,1036
2026-06-27,FII,PVBI,FUNDO DE INVESTIMENTO IMOBILIÁRIO VBI PRIME PROPERTIES - RESPONSABILIDADE LIMITADA,3338
2026-06-27,FII,VERE,FUNDO DE INVESTIMENTO IMOBILIÁRIO VEREDA - FII RESPONSABILIDADE LIMITADA,77
2026-06-27,FII,FIVN,FUNDO DE INVESTIMENTO IMOBILIÁRIO VIDA NOVA - FII - RESPONSABILIDADE LIMITADA,224
2026-06-27,FII,VSHO,FUNDO DE INVESTIMENTO IMOBILIÁRIO VOTORANTIM SHOPPING,1052
2026-06-27,FII,BMLT,FUNDO DE INVESTIMENTOS  IMOBILIÁRIOS DE PERMUTA FINANCEIRA LOTE5 MEZANINO RESPONSABILIDADE  LIMITADA,19490
2026-06-27,FII,FIIC,FUNDO DE INVESTIMENTOS IMOBILIÁRIO DO CAMPREV PARA SUSTENTABILIDADE PREVIDENCIÁRIA DO MUNICÍPIO,10010
2026-06-27,FII,BSLT,FUNDO DE INVESTIMENTOS IMOBILIÁRIOS DE PERMUTA FINANCEIRA LOTE5 (SENIOR) RESPONSABILIDADE LIMITADA,19374
2026-06-27,FII,TCIN,G5 CIDADE NOVA FUNDO DE INVESTIMENTO IMOBILIÁRIO,2946
2026-06-27,FII,GCDL,GALAPAGOS DESENVOLVIMENTO LOGÍSTICO FUNDO DE INVESTIMENTO IMOBILIÁRIO RESPONSABILIDADE LIMITADA,12880
2026-06-27,FII,GSRF,GALAPAGOS DESENVOLVIMENTO RESIDENCIAL FUNDO DE INVESTIMENTO IMOBILIÁRIO RESPONSABILIDADE LIMITADA,22817
2026-06-27,FII,GFDL,GALAPAGOS FEEDER DESENVOLVIMENTO LOGÍSTICO FUNDO DE INVESTIMENTO IMOBILIÁRIO RESPONSABILIDADE LIMITA,16535
2026-06-27,FII,GLPF,GALAPAGOS FEEDER LOGÍSTICO FUNDO DE INVESTIMENTO IMOBILIÁRIO RESPONSABILIDADE LIMITADA,16373
2026-06-27,FII,GLCR,GALAPAGOS HEDGE FUND FUNDO DE INVESTIMENTO IMOBILIÁRIO RESPONSABILIDADE LIMITADA,18605
2026-06-27,FII,GCRI,GALAPAGOS RECEBÍVEIS IMOBILIÁRIOS FUNDO DE INVESTIMENTO IMOBILIÁRIO RESPONSABILIDADE LIMITADA,5463
2026-06-27,FII,GCOI,GALAPAGOS SPECIAL OPORTUNITIES FUNDO DE INVESTIMENTO IMOBILIÁRIO,9090
2026-06-27,FII,GZIT,GAZIT MALLS FUNDO DE INVESTIMENTO IMOBILIÁRIO RESPONSABILIDADE LIMITADA,683
2026-06-27,FII,FIGS,GENERAL SHOPPING ATIVO E RENDA FUNDO DE INVESTIMENTO IMOBILIÁRIO DE RESPONSABILIDADE LIMITADA,315
2026-06-27,FII,GSFI,GENERAL SHOPPING E OUTLETS DO BRASIL FUNDO DE INVESTIMENTO IMOBILIÁRIO RESPONSABILIDADE LIMITADA,108
2026-06-27,FII,VXXV,GENESIS MULTIESTRATÉGIA FUNDO DE INVESTIMENTO IMOBILIÁRIO - FII -  RESPONSABILIDADE LIMITADA,1241
2026-06-27,FII,GLOG,GENIAL LOGÍSTICA - FUNDO DE INVESTIMENTO IMOBILIÁRIO - RESPONSABILIDADE LIMITADA,3681
2026-06-27,FII,ABCP,GRAND PLAZA SHOPPING FUNDO DE INVESTIMENTO IMOBILIÁRIO - RESPONSABILIDADE LIMITADA,336
2026-06-27,FII,GRAV,GRAVATAÍ SHOPPING FUNDO DE INVESTIMENTO IMOBILIÁRIO DE RESPONSABILIDADE LIMITADA,167
2026-06-27,FII,RCFA,GRUPO RCFA FUNDO DE INVESTIMENTO IMOBILIARIO,798
2026-06-27,FII,GAME,GUARDIAN MULTIESTRATÉGIA IMOBILIÁRIA I FII DE RESPONSABILIDADE LIMITADA,6590
2026-06-27,FII,GARE,GUARDIAN REAL ESTATE FUNDO DE INVESTIMENTO IMOBILIÁRIO DE RESPONSABILIDADE LIMITADA,3575
2026-06-27,FII,HABT,HABITAT RECEBÍVEIS PULVERIZADOS FUNDO DE INVESTIMENTO IMOBILIÁRIO RESPONSABILIDADE LIMITADA,1220
2026-06-27,FII,ATCR,HAZ FUNDO DE INVESTIMENTO IMOBILIÁRIO,194
2026-06-27,FII,HCTB,HCO CURITIBA I FUNDO DE INVESTIMENTO IMOBILIÁRIO DE RESPONSABILIDADE LIMITADA,22128
2026-06-27,FII,AERO,HCO OPPS AERO I FII DE RESPONSABILIDADE LIMITADA,15852
2026-06-27,FII,HCTR,HECTARE CE FUNDO DE INVESTIMENTO IMOBILIÁRIO RESPONSABILIDADE LIMITADA,1113
2026-06-27,FII,HCST,HECTARE DESENVOLVIMENTO STUDENT HOUSING - FUNDO DE INVESTIMENTO IMOBILIÁRIO RESPONSABILIDADE LIMITAD,3466
2026-06-27,FII,HCHG,HECTARE RECEBÍVEIS HIGH GRADE FUNDO DE INVESTIMENTO IMOBILIÁRIO - FII - RESP LIMITADA,5658
2026-06-27,FII,HAAA,HEDGE AAA FUNDO DE INVESTIMENTO IMOBILIÁRIO DE RESPONSABILIDADE LIMITADA,756
2026-06-27,FII,ATSA,HEDGE ATRIUM SHOPPING SANTO ANDRÉ FUNDO DE INVESTIMENTO IMOBILIÁRIO DE RESPONSABILIDADE LIMITADA,306
2026-06-27,FII,HGBL,HEDGE BRASIL LOGÍSTICO INDUSTRIAL FUNDO DE INVESTIMENTO IMOBILIÁRIO DE RESPONSABILIDADE LIMITADA,11602
2026-06-27,FII,HGBS,HEDGE BRASIL SHOPPING FUNDO DE INVESTIMENTO IMOBILIÁRIO DE RESPONSABILIDADE LIMITADA,301
2026-06-27,FII,HDEL,HEDGE DESENVOLVIMENTO LOGÍSTICO FUNDO DE INVESTIMENTO IMOBILIÁRIO DE RESPONSABILIDADE LIMITADA,7528
2026-06-27,FII,FLRP,HEDGE FLORIPA SHOPPING FUNDO DE INVESTIMENTO IMOBILIÁRIO DE RESPONSABILIDADE LIMITADA,260
2026-06-27,FII,HJCT,HEDGE JHSF CAPITAL PRIME OFFICES FUNDO DE INVESTIMENTO IMOBILIÁRIO DE RESPONSABILIDADE LIMITADA,21954
2026-06-27,FII,HLOG,HEDGE LOGÍSTICA FUNDO DE INVESTIMENTO IMOBILIÁRIO DE RESPONSABILIDADE LIMITADA,762
2026-06-27,FII,HOFC,HEDGE OFFICE INCOME FUNDO DE INVESTIMENTO IMOBILIÁRIO DE RESPONSABILIDADE LIMITADA,1239
2026-06-27,FII,HDOF,HEDGE PALADIN DESIGN OFFICES FUNDO DE INVESTIMENTO IMOBILIÁRIO DE RESPONSABILIDADE LIMITADA,3687
2026-06-27,FII,HRDF,HEDGE REALTY DEVELOPMENT FUNDO DE INVESTIMENTO IMOBILIÁRIO DE RESPONSABILIDADE LIMITADA,919
2026-06-27,FII,HREC,HEDGE RECEBÍVEIS IMOBILIÁRIOS FUNDO DE INVESTIMENTO IMOBILIÁRIO DE RESPONSABILIDADE LIMITADA,3070
2026-06-27,FII,SEED,HEDGE SEED FUNDO DE INVESTIMENTO IMOBILIARIO DE RESPONSABILIDADE LIMITADA,5593
2026-06-27,FII,HPDP,HEDGE SHOPPING PARQUE DOM PEDRO FUNDO DE INVESTIMENTO IMOBILIÁRIO DE RESPONSABILIDADE LIMITADA,3074
2026-06-27,FII,STRY,HEDGE STRATEGY FUNDO DE INVESTIMENTO IMOBILIÁRIO DE RESPONSABILIDADE LIMITADA,25578
2026-06-27,FII,HFOF,HEDGE TOP FOFII 3 FUNDO DE INVESTIMENTO IMOBILIÁRIO DE RESPONSABILIDADE LIMITADA,867
2026-06-27,FII,YEES,HEDGE YEES HABITAÇÕES ECONÔMICAS FUNDO DE INVESTIMENTO IMOBILIÁRIO DE RESPONSABILIDADE LIMITADA,10263
2026-06-27,FII,HGIC,HGI CRÉDITOS IMOBILIÁRIOS FUNDO DE INVESTIMENTO IMOBILIÁRIO RESPONSABILIDADE LIMITADA,5327
2026-06-27,FII,HIRE,HIRE FUNDO DE INVESTIMENTO IMOBILIÁRIO RESPONSABILIDADE LIMITADA,23851
2026-06-27,FII,HILG,HIRE LOG I - FUNDO DE INVESTIMENTO IMOBILIÁRIO,5281
2026-06-27,FII,HTMX,HOTEL MAXINVEST FUNDO DE INVESTIMENTO IMOBILIÁRIO RESPONSABILIDADE LIMITADA,255
2026-06-27,FII,HSAF,HSI ATIVOS FINANCEIROS FUNDO DE INVESTIMENTO IMOBILIÁRIO DE RESP LIMITADA,3500
2026-06-27,FII,HSLG,HSI LOGÍSTICA FUNDO DE INVESTIMENTO IMOBILIÁRIO DE RESP LIMITADA,3082
2026-06-27,FII,HSML,HSI MALLS FUNDO DE INVESTIMENTO IMOBILIÁRIO DE RESPONSABILIDADE LIMITADA,1197
2026-06-27,FII,HUSI,HUSI FUNDO DE INVESTIMENTO IMOBILIÁRIO,935
2026-06-27,FII,IVCI,ICATU VANGUARDA CRÉDITO IMOBILIÁRIO FUNDO DE INVESTIMENTO IMOBILIÁRIO - RESPONSABILIDADE LIMITADA,11462
2026-06-27,FII,GRUL,ICATU VANGUARDA GRU  LOGÍSTICO FUNDO DE INVESTIMENTO IMOBILIÁRIO - RESPONSABILIDADE LIMITADA,12056
2026-06-27,FII,ICNE,ÍCONE - FUNDO DE INVESTIMENTO IMOBILIÁRIO RESPONSABILIDADE LIMITADA,11278
2026-06-27,FII,IMMB,IMMOBINVEST FUNDO DE INVESTIMENTO IMOBILIÁRIO RESPONSABILIDADE LIMITADA,10007
2026-06-27,FII,INDE,INTER DESENVOLVIMENTO FUNDO DE INVESTIMENTO IMOBILIÁRIO RESPONSABILIDADE LIMITADA,10950
2026-06-27,FII,INLG,INTER LOGÍSTICO FUNDO DE INVESTIMENTO IMOBILIÁRIO FII RESPONSABILIDADE LIMITADA,2389
2026-06-27,FII,INRD,INTER RESIDENCE FUNDO DE INVESTIMENTO IMOBILIÁRIO FII RESPONSABILIDADE LIMITADA,2506
2026-06-27,FII,ITIP,INTER TEVA ÍNDICE DE PAPEL FUNDO DE INVESTIMENTO IMOBILIÁRIO FII RESPONSABILIDADE LIMITADA,3319
2026-06-27,FII,ITIT,INTER TEVA ÍNDICE DE TIJOLO FUNDO DE INVESTIMENTO IMOBILIÁRIO FII RESPONSABILIDADE LIMITADA,3322
2026-06-27,FII,IBBP,INVISTA BRAZILIAN BUSINESS PARK FUNDO DE INVESTIMENTO IMOBILIÁRIO,10917
2026-06-27,FII,XPIN,INVISTA INDUSTRIAL FUNDO DE INVESTIMENTO IMOBILIÁRIO,961
2026-06-27,FII,IRIM,IRIDIUM FUNDO DE INVESTIMENTO IMOBILIÁRIO RESPONSABILIDADE LIMITADA,6155
2026-06-27,FII,ICDI,ITAÚ CRÉDITO IMOBILIÁRIO CDI FUNDO DE INVESTIMENTO IMOBILIÁRIO RESPONSABILIDADE LIMITADA,24664
2026-06-27,FII,ICRI,ITAÚ CRÉDITO IMOBILIÁRIO IPCA FUNDO DE INVESTIMENTO IMOBILIÁRIO RESPONSABILIDADE LIMITADA,10233
2026-06-27,FII,ILOG,ITAÚ RBR DESENVOLVIMENTO LOGÍSTICO - FUNDO DE INVESTIMENTO IMOBILIÁRIO RESPONSABILIDADE LIMITADA,23150
2026-06-27,FII,TMPS,ITAÚ TEMPUS FUNDO DE INVESTIMENTO IMOBILIÁRIO RESPONSABILIDADE LIMITADA,8619
2026-06-27,FII,ITRI,ITAÚ TOTAL RETURN FUNDO DE INVESTIMENTO IMOBILIÁRIO RESPONSABILIDADE LIMITADA,10754
2026-06-27,FII,JCDB,JACARANDÁ 02 FUNDO DE INVESTIMENTO IMOBILIÁRIO RESPONSABILIDADE LIMITADA,3173
2026-06-27,FII,JCDA,JACARANDÁ I FUNDO DE INVESTIMENTO IMOBILIÁRIO - RESPONSABILIDADE LIMITADA,1129
2026-06-27,FII,JASC,JASC RENDA VAREJO ESSENCIAL FUNDO DE INVESTIMENTO IMOBILIÁRIO RESPONSABILIDADE LIMITADA,6475
2026-06-27,FII,VJFD,JFDCAM - FUNDO DE INVESTIMENTO IMOBILIÁRIO - FII - RESPONSABILIDADE LIMITADA,118
2026-06-27,FII,JFLL,JFL LIVING FUNDO DE INVESTIMENTO IMOBILIÁRIO RESPONSABILIDADE LIMITADA,3667
2026-06-27,FII,JFLR,JFL REAL ESTATE FUNDO DE INVESTIMENTO IMOBILIÁRIO,11601
2026-06-27,FII,JCCJ,JHSF CAPITAL MALLS - FUNDO DE INVESTIMENTO IMOBILIÁRIO RESPONSABILIDADE LIMITADA,10006
2026-06-27,FII,JCSC,JHSF CAPITAL SCJ FUNDO DE INVESTIMENTO IMOBILIÁRIO - RESPONSABILIDADE LIMITADA,26407
2026-06-27,FII,JPPA,JPP CAPITAL RECEBÍVEIS IMOBILIÁRIOS FUNDO DE INVESTIMENTO IMOBILIÁRIO DE  RESPONSABILIDADE LIMITADA,1162
2026-06-27,FII,JPRD,JPR DS FUNDO DE INVESTIMENTO IMOBILIÁRIO DE RESPONSABILIDADE LIMITADA,11220
2026-06-27,FII,JSAF,JS ATIVOS FINANCEIROS FUNDO DE INVESTIMENTO IMOBILIÁRIO - RESPONSABILIDADE LIMITADA,6277
2026-06-27,FII,JSRE,JS REAL ESTATE MULTIGESTÃO FUNDO DE INVESTIMENTO IMOBILIÁRIO - RESPONSABILIDADE LIMITADA,71
2026-06-27,FII,JSCR,JS RECEBÍVEIS IMOBILIÁRIOS FUNDO DE INVESTIMENTO IMOBILIÁRIO,12227
2026-06-27,FII,JTPR,JT PREV FUNDO DE INVESTIMENTO IMOBILIÁRIO D. HAB,641
2026-06-27,FII,BGS1,JUBARTE BGS LOGÍSTICA DE GRÃOS DESENVOLVIMENTO FII RESPONSABILIDADE LIMITADA,16268
2026-06-27,FII,KISU,KILIMA FUNDO DE INVESTIMENTO EM COTAS DE FUNDOS IMOBILIÁRIOS SUNO 30 RESPONSABILIDADE LIMITADA,3676
2026-06-27,FII,KIVO,KILIMA VOLKANO RECEBÍVEIS IMOBILIÁRIOS FUNDO DE INVESTIMENTO IMOBILIÁRIO - RESPONSABILIDADE LIMITADA,7127
2026-06-27,FII,KRES,KINEA AQUISIÇÕES RESIDENCIAIS FUNDO DE INVESTIMENTO IMOBILIÁRIO - RESPONSABILIDADE LIMITADA,11663
2026-06-27,FII,KCRE,KINEA CREDITAS FUNDO DE INVESTIMENTO IMOBILIÁRIO RESPONSABILIDADE LIMITADA,7024
2026-06-27,FII,KNGR,KINEA DESENVOLVIMENTO GUARARÁ FUNDO DE INVESTIMENTO IMOBILIÁRIO RESPONSABILIDADE LIMITADA,20448
2026-06-27,FII,KGUJ,KINEA DESENVOLVIMENTO GUARARÁ JARDINS FUNDO DE INVESTIMENTO IMOBILIÁRIO RESPONSABILIDADE LIMITADA,20446
2026-06-27,FII,KLOG,KINEA DESENVOLVIMENTO LOGÍSTICO FUNDO DE INVESTIMENTO IMOBILIÁRIO RESPONSABILIDADE LIMITADA,10490
2026-06-27,FII,KDLG,KINEA DESENVOLVIMENTO LOGÍSTICO II FUNDO DE INVESTIMENTO IMOBILIÁRIO RESPONSABILIDADE LIMITADA,18485
2026-06-27,FII,KFEN,KINEA FÊNIX FUNDO DE INVESTIMENTO IMOBILIÁRIO - RESPONSABILIDADE LIMITADA,12708
2026-06-27,FII,KNHF,KINEA HEDGE FUND FUNDO DE INVESTIMENTO IMOBILIÁRIO - RESPONSABILIDADE LIMITADA,8984
2026-06-27,FII,KNHY,KINEA HIGH YIELD CRI FUNDO DE INVESTIMENTO IMOBILIÁRIO  RESPONSABILIDADE LIMITADA,945
2026-06-27,FII,KNRE,KINEA II REAL ESTATE EQUITY FUNDO DE INVESTIMENTO IMOBILIÁRIO RESPONSABILIDADE LIMITADA,320
2026-06-27,FII,KNIP,KINEA ÍNDICES DE PREÇOS FUNDO DE INVESTIMENTO IMOBILIÁRIO RESPONSABILIDADE LIMITADA,604
2026-06-27,FII,KOIM,KINEA OPORTUNIDADES IMOBILIÁRIAS FUNDO DE INVESTIMENTO IMOBILIÁRIO RESPONSABILIDADE LIMITADA,23613
2026-06-27,FII,KORE,KINEA OPORTUNIDADES REAL ESTATE FUNDO DE INVESTIMENTO IMOBILIÁRIO - RESPONSABILIDADE LIMITADA,10721
2026-06-27,FII,KNPL,KINEA PLATAFORMA RESIDENCIAL FUNDO DE INVESTIMENTO IMOBILIÁRIO RESPONSABILIDADE LIMITADA,26186
2026-06-27,FII,KNPR,KINEA PREMIUM PROPERTIES FUNDO DE INVESTIMENTO IMOBILIÁRIO - RESPONSABILIDADE LIMITADA,8054
2026-06-27,FII,KPMR,KINEA PRIME RESIDENCIAL I FUNDO DE INVESTIMENTO IMOBILIÁRIO DE RESPONSABILIDADE LIMITADA,13443
2026-06-27,FII,KPRP,KINEA PRIME RESIDENCIAL I PVT FUNDO DE INVESTIMENTO IMOBILIÁRIO DE RESPONSABILIDADE LIMITADA,16180
2026-06-27,FII,KNRI,KINEA RENDA IMOBILIÁRIA FUNDO DE INVESTIMENTO IMOBILIÁRIO RESPONSABILIDADE LIMITADA,319
2026-06-27,FII,KNCR,KINEA RENDIMENTOS IMOBILIÁRIOS FUNDO DE INVESTIMENTO IMOBILIÁRIO RESPONSABILIDADE LIMITADA,321
2026-06-27,FII,KNSC,KINEA SECURITIES FUNDO DE INVESTIMENTO IMOBILIÁRIO RESPONSABILIDADE LIMITADA,3611
2026-06-27,FII,KNUQ,KINEA UNIQUE HY CDI FUNDO DE INVESTIMENTO IMOBILIÁRIO RESPONSABILIDADE LIMITADA,9230
2026-06-27,FII,LMAI,LABINA MULTI ATIVOS IMOBILIÁRIOS - FUNDO DE INVESTIMENTO IMOBILIÁRIO RESPONSABILIDADE LIMITADA,34
2026-06-27,FII,LPLP,LAGO DA PEDRA - FUNDO DE INVESTIMENTO IMOBILIÁRIO  RESPONSABILIDADE LIMITADA,6585
2026-06-27,FII,SLDZ,LAV SLDZ DESENVOLVIMENTO IMOBILIÁRIO FUNDO DE INVESTIMENTO IMOBILIÁRIO,9540
2026-06-27,FII,LRED,LCP REAL ESTATE DEVELOPMENT FUNDO DE INVESTIMENTO IMOBILIÁRIO RESPONSABILIDADE LIMITADA,12345
2026-06-27,FII,LSOI,LCP SPECIAL OPPORTUNITIES I FUNDO DE INVESTIMENTO IMOBILIÁRIO RESPONSABILIDADE LIMITADA,11238
2026-06-27,FII,LSII,LCP SPECIAL OPPORTUNITIES II FUNDO DE INVESTIMENTO IMOBILIÁRIO RESPONSABILIDADE LIMITADA,23243
2026-06-27,FII,LSOP,LCP SPECIAL OPPORTUNITIES III FUNDO DE INVESTIMENTO IMOBILIÁRIO RESPONSABILIDADE LIMITADA,23385
2026-06-27,FII,LRDI,LEBLON REALTY DESENVOLVIMENTO I FUNDO DE INVESTIMENTO IMOBILIÁRIO RESPONSABILIDADE LIMITADA,6763
2026-06-27,FII,LASC,LEGATUS FUNDO DE INVESTIMENTO IMOBILIÁRIO RESPONSABILIDADE LIMITADA,2355
2026-06-27,FII,LIFE,LIFE CAPITAL PARTNERS FUNDO DE INVESTIMENTOS IMOBILIÁRIOS,7580
2026-06-27,FII,LOFT,LOFT I FUNDO DE INVESTIMENTO IMOBILIÁRIO RESPONSABILIDADE LIMITADA,685
2026-06-27,FII,MAGM,MAG MULT FII RESPONSABILIDADE LIMITADA,19386
2026-06-27,FII,MAGM,MAG MULTIESTRATÉGIA CLASSE DE INVESTIMENTO IMOBILIÁRIO RESPONSABILIDADE LIMITADA,19335
2026-06-27,FII,MANA,MANATÍ CAPITAL HEDGE FUND FUNDO DE INVESTIMENTO IMOBILIÁRIO DE RESPONSABILIDADE LIMITADA,7951
2026-06-27,FII,MMVE,MARESIAS FUNDO DE INVESTIMENTO IMOBILIÁRIO,6599
2026-06-27,FII,MCLO,MAUÁ CAPITAL LOGÍSTICA FUNDO DE INVESTIMENTO IMOBILIÁRIO - RESPONSABILIDADE LIMITADA,13334
2026-06-27,FII,MCRE,MAUÁ CAPITAL REAL ESTATE FUNDO DE INVESTIMENTO IMOBILIÁRIO RESPONSABILIDADE LIMITADA,6355
2026-06-27,FII,MXRF,MAXI RENDA FUNDO DE INVESTIMENTO IMOBILIÁRIO - FII - RESPONSABILIDADE LIMITADA,68
2026-06-27,FII,MCEM,MÉRITO CEMITÉRIOS FII - FUNDO DE INVESTIMENTO IMOBILIÁRIO RESPONSABILIDADE LIMITADA,7898
2026-06-27,FII,MFII,MERITO DESENVOLVIMENTO IMOBILIARIO I FII - FUNDO DE INVESTIMENTO IMOBILIARIO,43
2026-06-27,FII,MIDW,MIDWAY MALL FUNDO DE INVESTIMENTO IMOBILIÁRIO RESPONSABILIDADE LIMITADA,24109
2026-06-27,FII,MGRI,MOGNO PROPERTIES FUNDO DE INVESTIMENTO IMOBILIÁRIO RESPONSABILIDADE LIMITADA,7605
2026-06-27,FII,MOSO,MOSO FUNDO DE INVESTIMENTO IMOBILIÁRIO RESPONSABILIDADE LIMITADA,13398
2026-06-27,FII,MOFF,MULTIOFFICES 2 - FUNDO DE INVESTIMENTO IMOBILIÁRIO - RESPONSABILIDADE LIMITADA,3066
2026-06-27,FII,NCRI,NAVI CRÉDITO IMOBILIÁRIO FUNDO DE INVESTIMENTO IMOBILIÁRIO - RESPONSABILIDADE LIMITADA,7955
2026-06-27,FII,NAVT,NAVI IMOBILIÁRIO TOTAL RETURN FUNDO DE INVESTIMENTO IMOBILIÁRIO RESPONSABILIDADE LIMITADA,3549
2026-06-27,FII,APTO,NAVI RESIDENCIAL FUNDO DE INVESTIMENTO IMOBILIÁRIO - RESPONSABILIDADE  LIMITADA,6629
2026-06-27,FII,EAGL,NEST EAGLE FUNDO DE INVESTIMENTO IMOBILIÁRIO DE RESPONSABILIDADE LIMITADA,12054
2026-06-27,FII,NEWL,NEWPORT LOGÍSTICA FUNDO DE INVESTIMENTO IMOBILIÁRIO RESPONSABILIDADE LIMITADA,1242
2026-06-27,FII,NEWU,NEWPORT RENDA URBANA FUNDO DE INVESTIMENTO IMOBILIÁRIO RESPONSABILIDADE LIMITADA,170
2026-06-27,FII,NMKS,NM KSM LOG FUNDO DE INVESTIMENTO IMOBILIÁRIO RESPONSABILIDADE LIMITADA,7384
2026-06-27,FII,NVIF,NOVA I - FUNDO DE INVESTIMENTO IMOBILIÁRIO - RESPONSABILIDADE LIMITADA,139
2026-06-27,FII,OCRE,OCTO FUNDO DE INVESTIMENTO IMOBILIÁRIO RESPONSABILIDADE LIMITADA,8845
2026-06-27,FII,ONDA,ONDA INVEST MULTIESTRATÉGIA FUNDO DE INVESTIMENTO IMOBILIÁRIO RESPONSABILIDADE LIMITADA,11128
2026-06-27,FII,ARRI,OPEN K ATIVOS E RECEBIVEIS IMOBILIARIOS - FUNDO DE INVESTIMENTO IMOBILIARIO,1243
2026-06-27,FII,OBAL,OPPORTUNITY BALASSIANO FUNDO DE INVESTIMENTO IMOBILIÁRIO -  RESPONSABILIDADE LIMITADA,6684
2026-06-27,FII,FTCE,OPPORTUNITY FUNDO DE INVESTIMENTO IMOBILIÁRIO -  RESPONSABILIDADE LIMITADA,58
2026-06-27,FII,OUJP,OURINVEST JPP FUNDO DE INVESTIMENTO IMOBILIÁRIO DE  RESPONSABILIDADE LIMITADA,689
2026-06-27,FII,OXRL,OXIGÊNIO 2 FUNDO DE INVESTIMENTO IMOBILIÁRIO - RESPONSABILIDADE LIMITADA,16686
2026-06-27,FII,PNDL,PANORAMA DESENVOLVIMENTO LOGÍSTICO - FUNDO DE INVESTIMENTO IMOBILIÁRIO - RESPONSABILIDADE LIMITADA,3601
2026-06-27,FII,PNLM,PANORAMA LAST MILE SBC - FUNDO DE INVESTIMENTO IMOBILIÁRIO RESPONSABILIDADE LIMITADA,6650
2026-06-27,FII,PNPR,PANORAMA PROPERTIES FUNDO DE INVESTIMENTO IMOBILIÁRIO,5752
2026-06-27,FII,PNRC,PANORAMA REAL ESTATE CRÉDITO FUNDO DE INVESTIMENTO IMOBILIÁRIO RESPONSABILIDADE LIMITADA,8750
2026-06-27,FII,PMIS,PARAMIS HEDGE FUND FUNDO DE INVESTIMENTO IMOBILIÁRIO - FII RESPONSABILIDADE LIMITADA,10533
2026-06-27,FII,VTVI,PARKING PARTNERS FUNDO DE INVESTIMENTO IMOBILIÁRIO - FII - RESP LIMITADA,596
2026-06-27,FII,PQAG,PARQUE ANHANGUERA FUNDO DE INVESTIMENTO IMOBILIÁRIO DE RESPONSABILIDADE LIMITADA,149
2026-06-27,FII,PATA,PATAGÔNIA CAPITAL MULTIESTRATÉGIA FUNDO DE INVESTIMENTO IMOBILIÁRIO,11726
2026-06-27,FII,PATB,PATEO BANDEIRANTES - FUNDO DE INVESTIMENTO IMOBILIÁRIO RESPONSABILIDADE LIMITADA,279
2026-06-27,FII,PCIP,PATRIA CRÉDITO IMOBILIÁRIO ÍNDICE DE PREÇOS FII - RESPONSABILIDADE LIMITADA,865
2026-06-27,FII,PATC,PÁTRIA EDIFÍCIOS CORPORATIVOS - FUNDO DE INVESTIMENTO IMOBILIÁRIO - RESPONSABILIDADE LIMITADA,939
2026-06-27,FII,HGRE,PATRIA ESCRITÓRIOS - FUNDO DE INVESTIMENTO IMOBILIÁRIO - RESPONSABILIDADE LIMITADA,302
2026-06-27,FII,HGLG,PÁTRIA LOG - FUNDO DE INVESTIMENTO IMOBILIÁRIO - RESPONSABILIDADE LIMITADA,305
2026-06-27,FII,PLAG,PATRIA LOGÍSTICA AGRO - FUNDO DE INVESTIMENTO IMOBILIÁRIO - RESPONSABILIDADE LIMITADA,2339
2026-06-27,FII,PATL,PÁTRIA LOGÍSTICA FUNDO DE INVESTIMENTO IMOBILIÁRIO,3227
2026-06-27,FII,RBRL,PATRIA LOGÍSTICA II FUNDO DE INVESTIMENTO IMOBILIÁRIO,3168
2026-06-27,FII,PMLL,PATRIA MALLS FUNDO DE INVESTIMENTO IMOBILIÁRIO - RESPONSABILIDADE LIMITADA,699
2026-06-27,FII,RBRX,PATRIA PLUS MULTIESTRATÉGIA REAL ESTATE FUNDO DE INVESTIMENTO IMOBILIÁRIO RESPONSABILIDADE LIMITADA,6307
2026-06-27,FII,HGPO,PATRIA PRIME OFFICES - FUNDO DE INVESTIMENTO IMOBILIÁRIO - RESPONSABILIDADE LIMITADA,304
2026-06-27,FII,RBRK,PATRIA PRIME OFFICES - FUNDO DE INVESTIMENTO IMOBILIÁRIO RESPONSABILIDADE LIMITADA,11572
2026-06-27,FII,HGCR,PÁTRIA RECEBÍVEIS IMOBILIÁRIOS - FUNDO DE INVESTIMENTO IMOBILIÁRIO - RESPONSABILIDADE LIMITADA,303
2026-06-27,FII,VCRR,PATRIA RENDA RESIDENCIAL FUNDO DE  INVESTIMENTO IMOBILIÁRIO - RESPONSABILIDADE LIMITADA I FII,5694
2026-06-27,FII,HGRU,PÁTRIA RENDA URBANA - FUNDO DE INVESTIMENTO IMOBILIÁRIO - RESPONSABILIDADE LIMITADA,918
2026-06-27,FII,PSEC,PATRIA SECURITIES FUNDO DE INVESTIMENTO IMOBILIÁRIO - RESPONSABILIDADE  LIMITADA,3081
2026-06-27,FII,PEMA,PERFORMA REAL ESTATE FUNDO DE INVESTIMENTO IMOBILIÁRIO - RESPONSABILIDADE LIMITADA,2947
2026-06-27,FII,PMRL,PERMUTA RESIDENCIAL FUNDO DE INVESTIMENTO IMOBILIÁRIO RESPONSABILIDADE LIMITADA,23502
2026-06-27,FII,PRSN,PERSONALE I FUNDO DE INVESTIMENTO IMOBILIÁRIO RESPONSABILIDADE LIMITADA,216
2026-06-27,FII,PORD,POLO CRÉDITO IMOBILIÁRIO - FUNDO DE INVESTIMENTO IMOBILIÁRIO - RESPONSABILIDADE LIMITADA,222
2026-06-27,FII,PLRI,POLO FII - FII RECEBÍVEIS IMOBILIÁRIOS I - RESPONSABILIDADE LIMITADA,217
2026-06-27,FII,PCAS,PRAIA DO CASTELO FUNDO DE INVESTIMENTO IMOBILIÁRIO,769
2026-06-27,FII,PRSV,PRESIDENTE VARGAS FUNDO DE INVESTIMENTO IMOBILIÁRIO DE RESPONSABILIDADE LIMITADA,9
2026-06-27,FII,TSER,PRIME OFFICES FUNDO DE  INVESTIMENTO IMOBILIÁRIO - RESPONSABILIDADE LIMITADA,3793
2026-06-27,FII,FPAB,PROJETO ÁGUA BRANCA FUNDO DE INVESTIMENTO IMOBILIÁRIO RESPONSABILIDADE LIMITADA,298
2026-06-27,FII,PBLV,PROLOGIS BRAZIL LOGISTICS VENTURE FUNDO DE INVESTIMENTO IMOBILIÁRIO DE RESPONSABILIDADE LIMITADA,1159
2026-06-27,FII,QTZD,QUARTZO REAL ESTATE DEVELOPMENT MULTIESTRATÉGIA FUNDO DE INVESTIMENTO IMOBILIÁRIO RESPONSABILIDADE L,12374
2026-06-27,FII,RZZV,RAIZZ DESENVOLVIMENTO I FUNDO DE INVESTIMENTO IMOBILIÁRIO - FII RESPONSABILIDADE LIMITADA,10500
2026-06-27,FII,RZZI,RAIZZ DESENVOLVIMENTO II FUNDO DE INVESTIMENTO IMOBILIÁRIO RESPONSABILIDADE LIMITADA,11858
2026-06-27,FII,RZZR,RAIZZ RENDA LOGÍSTICA FUNDO DE INVESTIMENTO IMOBILIÁRIO RESPONSABILIDADE LIMITADA,3582
2026-06-27,FII,RBDS,RB CAPITAL DESENV. RESIDENCIAL II FUNDO DE INVESTIMENTO IMOBILIARIO - RESPONSABILIDADE LIMITADA,184
2026-06-27,FII,RSPD,RB CAPITAL DESENVOLVIMENTO RESIDENCIAL III FII - RESPONSABILIDADE LIMITADA,895
2026-06-27,FII,RBIR,RB CAPITAL DESENVOLVIMENTO RESIDENCIAL IV FUNDO DE INVESTIMENTO IMOBILIÁRIO - FII - RESP. LTDA.,2665
2026-06-27,FII,RFOF,RB CAPITAL I FUNDO DE FUNDOS -RESPONSABILIDADE LIMITADA,2528
2026-06-27,FII,RBLG,RB CAPITAL LOGÍSTICO FUNDO DE INVESTIMENTO IMOBILIÁRIO  FII RESPONSABILIDADE LIMITADA,3543
2026-06-27,FII,FIIP,RB CAPITAL RENDA I FUNDO DE INVESTIMENTO IMOBILIARIO - FII - RESPONSABILIDADE LIMITADA,208
2026-06-27,FII,RBRD,RB CAPITAL RENDA II FII DE RESP LIMITADA,78
2026-06-27,FII,DRIM,RB DESENVOLVIMENTO RESIDENCIAL V FUNDO DE INVESTIMENTO IMOBILIÁRIO -RESPONSABILIDADE LIMITADA,16361
2026-06-27,FII,MTES,RB INVESTIMENTOS MULTIESTRATÉGIA FUNDO DE INVESTIMENTO IMOBILIÁRIORESPONSABILIDADE LIMITADA,19653
2026-06-27,FII,REME,RB MULTIESTRATÉGIA IMOBILIÁRIA FUNDO DE INVESTIMENTO IMOBILIÁRIO - RESPONSABILIDADE LIMITADA,22901
2026-06-27,FII,RBTS,RB TFO SITUS FUNDO DE INVESTIMENTO IMOBILIÁRIO - FII - RESPONSABILIDADE LIMITADA,911
2026-06-27,FII,RCFF,RBR DESENVOLVIMENTO COMERCIAL FEEDER FOF - FII RESPONSABILIDADE LIMITADA,3283
2026-06-27,FII,RDCI,RBR DESENVOLVIMENTO COMERCIAL I - FUNDO DE INVESTIMENTO IMOBILIÁRIO RESPONSABILIDADE LIMITADA,2504
2026-06-27,FII,RDLI,RBR DESENVOLVIMENTO LOGÍSTICO I - FUNDO DE INVESTIMENTO IMOBILIÁRIO RESPONSABILIDADE LIMITADA,11571
2026-06-27,FII,SHIP,RBR FLAGSHIP I FUNDO DE INVESTIMENTO IMOBILIÁRIO RESPONSABILIDADE LIMITADA,13449
2026-06-27,FII,BOAT,RBR FLAGSHIP II FUNDO DE INVESTIMENTO IMOBILIÁRIO RESPONSABILIDADE LIMITADA,26114
2026-06-27,FII,RPRI,RBR PREMIUM RECEBÍVEIS IMOBILIÁRIOS FUNDO DE INVESTIMENTO IMOBILIÁRIO RESPONSABILIDADE LIMITADA,7172
2026-06-27,FII,TPOS,RBR TESOURARIA FII CDI+ FUNDO DE INVESTIMENTO IMOBILIÁRIO RESPONSABILIDADE LIMITADA,25646
2026-06-27,FII,TINF,RBR TESOURARIA FII IPCA+ FUNDO DE INVESTIMENTO IMOBILIÁRIO RESPONSABILIDADE LIMITADA,25648
2026-06-27,FII,TOPP,RBR TOP OFFICES FUNDO DE INVESTIMENTO IMOBILIÁRIO RESPONSABILIDADE LIMITADA,13002
2026-06-27,FII,RINV,REAL INVESTOR FUNDO DE INVESTIMENTO IMOBILIÁRIO RESPONSABILIDADE LIMITADA,8504
2026-06-27,FII,RCRI,REAL INVESTOR RECEBÍVEIS IMOBILIÁRIOS FUNDO DE INVESTIMENTO IMOBILIÁRIO RESPONSABILIDADE LIMITADA,19802
2026-06-27,FII,RECD,REC FUNDO DE CRI COTAS AMORTIZÁVEIS - FUNDO DE INVESTIMENTO IMOBILIÁRIO,11353
2026-06-27,FII,RMBS,REC MASTER FUNDO DE CRI COTAS AMORTIZÁVEIS FII - RESPONSABILIDADE LIMITADA,16359
2026-06-27,FII,RECM,REC MULTIESTRATÉGIA - FUNDO DE INVESTIMENTO IMOBILIÁRIO - RESPONSABILIDADE LIMITADA,12978
2026-06-27,FII,RBHG,RIO BRAVO CRÉDITO IMOBILIÁRIO HIGH GRADE FUNDO DE INVESTIMENTO  IMOBILIÁRIO - FII RESP LIMITADA,1053
2026-06-27,FII,RBHY,RIO BRAVO CRÉDITO IMOBILIÁRIO HIGH YIELD FUNDO DE INVESTIMENTO IMOBILIÁRIO - FII RESP LIMITADA,3812
2026-06-27,FII,RBFY,RIO BRAVO FOR YOU FUNDO DE INVESTIMENTO IMOBILIÁRIO DE RESPONSABILIDADE LIMITADA,22529
2026-06-27,FII,RBFM,RIO BRAVO MULTIESTRATÉGIA FUNDO DE INVESTIMENTO IMOBILIÁRIO DE RESPONSABILIDADE LIMITADA,175
2026-06-27,FII,RBOP,RIO BRAVO OPORTUNIDADES IMOBILIÁRIAS FUNDO DE INVESTIMENTO IMOBILIÁRIO DE RESPONSABILIDADE LIMITADA,357
2026-06-27,FII,RCRB,RIO BRAVO RENDA CORPORATIVA FUNDO DE INVESTIMENTO IMOBILIÁRIO - RESPONSABILIDADE LIMITADA,350
2026-06-27,FII,RBRS,RIO BRAVO RENDA RESIDENCIAL FUNDO DE INVESTIMENTO IMOBILIÁRIO DE RESPONSABILIDADE LIMITADA,3335
2026-06-27,FII,RBVA,RIO BRAVO RENDA VAREJO FUNDO DE INVESTIMENTO IMOBILIÁRIO DE RESPONSABILIDADE LIMITADA,359
2026-06-27,FII,RNGO,RIO NEGRO FUNDO DE INVESTIMENTO IMOBILIÁRIO DE RESPONSABILIDADE LIMITADA,358
2026-06-27,FII,FRRE,RIO REAL  ESTATE FUNDO DE INVESTIMENTO IMOBILIÁRIO DE RESPONSABILIDADE LIMITADA,23786
2026-06-27,FII,RZAK,RIZA AKIN FUNDO DE INVESTIMENTO IMOBILIÁRIO RESPONSABILIDADE LIMITADA,3653
2026-06-27,FII,RZAT,RIZA ARCTIUM REAL ESTATE FII - FUNDO DE INVESTIMENTO IMOBILIÁRIO RESPONSABILIDADE LIMITADA,826
2026-06-27,FII,RZLC,RIZA LECCI FUNDO DE INVESTIMENTO IMOBILIÁRIO RESPONSABILIDADE LIMITADA,12917
2026-06-27,FII,RJDA,RJDI FUNDO DE INVESTIMENTO IMOBILIÁRIO,22146
2026-06-27,FII,SAPI,SANTANDER PAPÉIS IMOBILIÁRIOS FUNDO DE  INVESTIMENTO IMOBILIÁRIO - RESP LIMITADA,10428
2026-06-27,FII,FISD,SÃO DOMINGOS - FUNDO DE INVESTIMENTO IMOBILIÁRIO - FII,16
2026-06-27,FII,SCPF,SCP FII - RESPONSABILIDADE LIMITADA,234
2026-06-27,FII,SEQR,SEQUÓIA III RENDA IMOBILIÁRIA FUNDO DE INVESTIMENTO IMOBILIÁRIO - RESPONSABILIDADE LIMITADA,3406
2026-06-27,FII,SHPH,SHOPPING PÁTIO HIGIENÓPOLIS FUNDO DE INVESTIMENTO IMOBILIÁRIO DE RESPONSABILIDADE LIMITADA,349
2026-06-27,FII,SHPP,SHOPPING PÁTIO PAULISTA FUNDO DE INVESTIMENTO IMOBILIÁRIO RESPONSABILIDADE  LIMITADA,17428
2026-06-27,FII,WPLZ,SHOPPING WEST PLAZA FUNDO DE INVESTIMENTO IMOBILIARIO DE RESPONSABILIDADE LIMITADA,258
2026-06-27,FII,REIT,SINGULARE FUNDO DE INVESTIMENTO IMOBILIÁRIO,62
2026-06-27,FII,SJAU,SJ AU LOGÍSTICA FUNDO DE INVESTIMENTO IMOBILIÁRIO RESPONSABILIDADE LIMITADA,796
2026-06-27,FII,SOLR,SOLARIUM FII - FUNDO DE INVESTIMENTO IMOBILIÁRIO,668
2026-06-27,FII,SPTW,SP DOWNTOWN FUNDO DE INVESTIMENTO IMOBILIÁRIO - FII,158
2026-06-27,FII,SPAF,SPA FUNDO DE INVESTIMENTO IMOBILIÁRIO - RESPONSABILIDADE LIMITADA,605
2026-06-27,FII,LTMT,SPECIALE BLUE REAL FUNDO DE INVESTIMENTO IMOBILIÁRIO DE RESPONSABILIDADE LIMITADA,9054
2026-06-27,FII,DVLP,SPECIALE REAL ESTATE DEVELOPMENT FUNDO DE INVESTIMENTO IMOBILIÁRIO RESPONSABILIDADE LIMITADA,7076
2026-06-27,FII,DVLT,SPECIALE REAL ESTATE DEVELOPMENT II FUNDO DE INVESTIMENTO  IMOBILIÁRIO DE RESPONSABILIDADE LIMITADA,12141
2026-06-27,FII,PMFO,SPECIALE REAL ESTATE FUND OF FUNDS FUNDO DE INVESTIMENTO IMOBILIÁRIO DE RESPONSABILIDADE LIMITADA,9794
2026-06-27,FII,SPGM,SPGM FUNDO DE INVESTIMENTO IMOBILIÁRIO,11279
2026-06-27,FII,SPG2,SPGM II FUNDO DE INVESTIMENTO IMOBILIÁRIO,13116
2026-06-27,FII,SPXM,SPX REAL ESTATE DESENVOLVIMENTO DE GALPÕES LOGÍSTICOS FEEDER BRADESCO FII RESPONSABILIDADE LIMITADA,13284
2026-06-27,FII,SPXL,SPX REAL ESTATE DESENVOLVIMENTO DE GALPÕES LOGÍSTICOS FEEDER INSTITUCIONAL FII RESP LIMITADA,12344
2026-06-27,FII,SPXG,SPX REAL ESTATE DESENVOLVIMENTO DE GALPÕES LOGÍSTICOS FEEDER PRIVATE FII RESPONSABILIDADE LIMITADA,12621
2026-06-27,FII,SPXS,SPX REAL ESTATE MULTIESTRATÉGIA FUNDO DE INVESTIMENTO IMOBILIÁRIO RESPONSABILIDADE LIMITADA,8026
2026-06-27,FII,SPXT,SPX RENDA IMOBILIÁRIA III FUNDO DE INVESTIMENTO IMOBILIÁRIO RESPONSABILIDADE LIMITADA,25774
2026-06-27,FII,STRX,STARX FUNDO DE INVESTIMENTO IMOBILIÁRIO FII RESPONSABILIDADE LIMITADA,209
2026-06-27,FII,STYI,STRIVO YIELD FUNDO DE INVESTIMENTO IMOBILIÁRIO RESPONSABILIDADE LIMITADA,18615
2026-06-27,FII,SURE,SULAMÉRICA REAL ESTATE FUNDO DE INVESTIMENTO IMOBILIÁRIO DE RESPONSABILIDADE LIMITADA,16178
2026-06-27,FII,SNEL,SUNO ENERGIAS LIMPAS FUNDO DE INVESTIMENTO IMOBILIÁRIO IS RESPONSABILIDADE LIMITADA,8801
2026-06-27,FII,SNFF,SUNO FUNDO DE FUNDOS DE INVESTIMENTO IMOBILIÁRIO FUNDO DE INVESTIMENTO IMOBILIÁRIO RESPONSABILIDADE,5783
2026-06-27,FII,SNLG,SUNO LOG FUNDO DE INVESTIMENTO IMOBILIÁRIO - RESPONSABILIDADE LIMITADA,5784
2026-06-27,FII,SNME,SUNO MULTIESTRATÉGIA FUNDO DE INVESTIMENTO IMOBILIÁRIO RESPONSABILIDADE LIMITADA,10720
2026-06-27,FII,SNCI,SUNO RECEBÍVEIS IMOBILIÁRIOS FUNDO DE INVESTIMENTO IMOBILIÁRIO RESPONSABILIDADE LIMITADA,6352
2026-06-27,FII,SPMO,SUPREMO FUNDO DE INVESTIMENTO IMOBILIÁRIO,5649
2026-06-27,FII,TELD,TELLUS DESENVOLVIMENTO LOGÍSTICO - FUNDO DE INVESTIMENTO IMOBILIÁRIO RESPONSABILIDADE LIMITADA,3325
2026-06-27,FII,TELM,TELLUS MULTIESTRATÉGIA - FII FUNDO DE INVESTIMENTO IMOBILIÁRIO RESPONSABILIDADE LIMITADA,8844
2026-06-27,FII,TEPP,TELLUS PROPERTIES - FUNDO DE INVESTIMENTO IMOBILIÁRIO - RESPONSABILIDADE LIMITADA,707
2026-06-27,FII,TRBL,TELLUS RIO BRAVO RENDA LOGÍSTICA FUNDO DE INVESTIMENTO IMOBILIÁRIO DE RESPONSABILIDADE LIMITADA,368
2026-06-27,FII,NAUI,TEN DESENVOLVIMENTO FUNDO DE INVESTIMENTO IMOBILIÁRIO RESPONSABILIDADE LIMITADA,9613
2026-06-27,FII,TRPL,TERRAS PAULISTAS FUNDO DE  INVESTIMENTO IMOBILIÁRIO DE PERMUTAS RESPONSABILIDADE LIMITADA,23285
2026-06-27,FII,TVOI,TIVIO OPPORTUNITIES IPCA - FUNDO DE INVESTIMENTO IMOBILIÁRIO - RESPONSABILIDADE LIMITADA,22883
2026-06-27,FII,TIOM,TIVIO OPPORTUNITIES MASTER FUNDO DE INVESTIMENTO IMOBILIÁRIO - RESPONSABILIDADE LIMITADA,23376
2026-06-27,FII,TVRI,TIVIO RENDA IMOBILIÁRIA FUNDO DE INVESTIMENTO IMOBILIÁRIO RESPONSABILIDADE LIMITADA,84
2026-06-27,FII,VOTS,TIVIO SECURITIES FUNDO DE INVESTIMENTO IMOBILIÁRIO RESPONSABILIDADE LIMITADA,928
2026-06-27,FII,TJKB,TJK RENDA IMOBILIÁRIA FUNDO DE INVESTIMENTO IMOBILIÁRIO - RESPONSABILIDADE LIMITADA,5344
2026-06-27,FII,TORD,TORDESILHAS EI FUNDO DE INVESTIMENTO IMOBILIÁRIO RESPONSABILIDADE LIMITADA,2373
2026-06-27,FII,TSNC,TRANSINC FUNDO DE INVESTIMENTO IMOBILIÁRIO RESPONSABILIDADE LIMITADA,99
2026-06-27,FII,TCPF,TREECORP REAL ESTATE FII - RESPONSABILIDADE LIMITADA,738
2026-06-27,FII,TRXY,TRX HEDGE FUND FUNDO DE INVESTIMENTO IMOBILIÁRIO - RESPONSABILIDADE LIMITADA,9240
2026-06-27,FII,TRXF,TRX REAL ESTATE FUNDO DE INVESTIMENTO IMOBILIÁRIO RESPONSABILIDADE LIMITADA,841
2026-06-27,FII,TRXB,TRX REAL ESTATE II FUNDO DE INVESTIMENTO IMOBILIÁRIO - RESPONSABILIDADE LIMITADA,3339
2026-06-27,FII,MGHT,TZDK FUNDO DE INVESTIMENTO IMOBILIÁRIORESPONSABILIDADE LIMITADA,3055
2026-06-27,FII,URHF,URCA HEDGE FUND ESTRATÉGIA IMOBILIÁRIA FUNDO DE INVESTIMENTO IMOBILIÁRIO - RESPONSABILIDADE LIMITADA,10953
2026-06-27,FII,URPR,URCA PRIME RENDA FUNDO DE INVESTIMENTO IMOBILIÁRIO - FII,3102
2026-06-27,FII,VVCO,V2 EDIFÍCIOS CORPORATIVOS FUNDO DE INVESTIMENTO IMOBILIÁRIO RESPONSABILIDADE LIMITADA,281
2026-06-27,FII,VVMR,V2 MULTI RENDA FUNDO DE INVESTIMENTO IMOBILIÁRIO RESPONSABILIDADE LIMITADA,1089
2026-06-27,FII,VPPR,V2 PRIME PROPERTIES FUNDO DE INVESTIMENTO IMOBILIÁRIO - FII - RESPONSABILIDADE LIMITADA,1114
2026-06-27,FII,VVDI,V2 RECEBÍVEIS CDI FUNDO DE INVESTIMENTO IMOBILIÁRIO - RESPONSABILIDADE LIMITADA,26063
2026-06-27,FII,VVCR,V2 RECEBÍVEIS IMOBILIÁRIOS FUNDO DE INVESTIMENTO IMOBILIÁRIO RESPONSABILIDADE LIMITADA,899
2026-06-27,FII,VVRI,V2 RENDA IMOBILIÁRIA FUNDO DE INVESTIMENTO IMOBILIÁRIO RESPONSABILIDADE LIMITADA,9488
2026-06-27,FII,VGRM,VALORA CRI CDI FLUXO MENSAL MARÇO 26 FEEDER FUNDO DE INVESTIMENTO IMOBILIÁRIO RESPONSABILIDADE LIMIT,24067
2026-06-27,FII,VGIR,VALORA CRI CDI FUNDO DE INVESTIMENTO IMOBILIÁRIO - FII RESPONSABILIDADE LIMITADA,930
2026-06-27,FII,VGIP,VALORA CRI ÍNDICE DE PREÇO FUNDO DE INVESTIMENTO IMOBILIÁRIO - FII RESPONSABILIDADE LIMITADA,3185
2026-06-27,FII,VGII,VALORA CRI INFRA II FUNDO DE INVESTIMENTO IMOBILIÁRIO DE RESPONSABILIDADE LIMITADA,10954
2026-06-27,FII,VGHF,VALORA HEDGE FUND FUNDO DE INVESTIMENTO IMOBILIÁRIO DE RESPONSABILIDADE LIMITADA,3711
2026-06-27,FII,VGRI,VALORA RENDA IMOBILIÁRIA FUNDO DE  INVESTIMENTO IMOBILIÁRIO RESPONSABILIDADE LIMITADA,11667
2026-06-27,FII,BLMO,VBI OFFICE FUND II - FUNDO DE INVESTIMENTO IMOBILIÁRIO - RESPONSABILIDADE  LIMITADA,3107
2026-06-27,FII,VCJR,VECTIS JUROS REAL FUNDO DE INVESTIMENTO IMOBILIÁRIO RESPONSABILIDADE LIMITADA,2372
2026-06-27,FII,VLJS,VECTOR QUELUZ LAJES CORPORATIVAS FUNDO DE INVESTIMENTO IMOBILIARIO,39
2026-06-27,FII,VNSS,VENUS 11 FUNDO DE INVESTIMENTO EM COTAS DE FUNDO DE INVESTIMENTO IMOBILIÁRIO RESPONSABILIDADE LIMITA,24065
2026-06-27,FII,SALI,VÊNUS FUNDO DE INVESTIMENTO IMOBILIÁRIO RESPONSABILIDADE LIMITADA,5372
2026-06-27,FII,VCTH,VERA CRUZ THREE FUNDO DE INVESTIMENTO IMOBILIÁRIO RESPONSABILIDADE LIMITADA,10988
2026-06-27,FII,VSLH,VERSALHES RECEBÍVEIS IMOBILIÁRIOS FUNDO DE INVESTIMENTO IMOBILIÁRIO DE RESPONSABILIDADE LIMITADA,5482
2026-06-27,FII,VGRD,VGR DESENVOLVIMENTO RESIDENCIAL FUNDO DE INVESTIMENTO IMOBILIÁRIO DE RESPONSABILIDADE LIMITADA,26228
2026-06-27,FII,FVPQ,VIA PARQUE SHOPPING FUNDO DE INVESTIMENTO IMOBILIÁRIO DE RESPONSABILIDADE LIMITADA,329
2026-06-27,FII,VIDS,VIC DESENVOLVIMENTO - VINTAGE 20/21 FUNDO DE INVESTIMENTO IMOBILIÁRIO - RESPONSABILIDADE LIMITADA,2436
2026-06-27,FII,VDSV,VIC DESENVOLVIMENTO VINTAGE 22/23 FUNDO DE INVESTIMENTO IMOBILIÁRIO,7294
2026-06-27,FII,VCRI,VINCI CREDIT SECURITIES FUNDO DE INVESTIMENTO IMOBILIÁRIO - RESPONSABILIDADE LIMITADA,5934
2026-06-27,FII,VIUR,VINCI IMÓVEIS URBANOS FUNDO DE INVESTIMENTO IMOBILIÁRIO - RESPONSABILIDADE  LIMITADA,5743
2026-06-27,FII,VILG,VINCI LOGÍSTICA FUNDO DE INVESTIMENTO IMOBILIÁRIO - RESPONSABILIDADE LIMITADA,649
2026-06-27,FII,VIMO,VINCI MOZAK RESIDENCIAL II FUNDO DE INVESTIMENTO IMOBILIÁRIO - RESPONSABILIDADE LIMITADA,18425
2026-06-27,FII,VINO,VINCI OFFICES FUNDO DE INVESTIMENTO IMOBILIÁRIO - RESPONSABILIDADE LIMITADA,109
2026-06-27,FII,VIOL,VINCI OPORTUNIDADES LOGÍSTICAS FII RESPONSABILIDADE LIMITADA,15842
2026-06-27,FII,VISC,VINCI SHOPPING CENTERS FUNDO DE INVESTIMENTO IMOBILIÁRIO - RESPONSABILIDADE LIMITADA,120
2026-06-27,FII,SPDE,WHG FINVEST SP REALTY FUNDO DE INVESTIMENTO IMOBILIÁRIO - RESPONSABILIDADE LIMITADA,8751
2026-06-27,FII,WHGR,WHG REAL ESTATE FUNDO DE INVESTIMENTO IMOBILIÁRIO - FII RESPONSABILIDADE LIMITADA,6568
2026-06-27,FII,XLPR,XLPR FUNDO DE INVESTIMENTO IMOBILIÁRIO - FII - RESPONSABILIDADE LIMITADA,3225
2026-06-27,FII,XPCM,XP CORPORATE MACAÉ FUNDO DE INVESTIMENTO IMOBILIÁRIO DE RESPONSABILIDADE LIMITADA,361
2026-06-27,FII,XPCI,XP CRÉDITO IMOBILIÁRIO - FUNDO DE INVESTIMENTO IMOBILIÁRIO,2356
2026-06-27,FII,XPLG,XP LOG FUNDO DE INVESTIMENTO IMOBILIÁRIO RESPONSABILIDADE LIMITADA - FII,953
2026-06-27,FII,XPML,XP MALLS FUNDO DE INVESTIMENTO IMOBILIÁRIO FII,864
2026-06-27,FII,XPSF,XP SELECTION FUNDO DE FUNDOS DE INVESTIMENTO IMOBILIÁRIO - FII,1244
2026-06-27,FII,YUFI,YUCA FUNDO DE INVESTIMENTO IMOBILIÁRIO RESPONSABILIDADE LIMITADA,3600
2026-06-27,FII,ZAGH,ZAGROS MULTIESTRATÉGIA FUNDO DE INVESTIMENTO IMOBILIÁRIO RESPONSABILIDADE LIMITADA,8800
2026-06-27,FII,GGRC,ZAGROS RENDA IMOBILIÁRIA FUNDO DE INVESTIMENTO IMOBILIÁRIO RESPONSABILIDADE LIMITADA,715
2026-06-27,FII,ZAVC,ZAVIT CRÉDITO IMOBILIÁRIO FUNDO DE INVESTIMENTO IMOBILIÁRIO - RESPONSABILIDADE LIMITADA,10674
2026-06-27,FII,ZAVI,ZAVIT REAL ESTATE FUND - FUNDO DE INVESTIMENTO IMOBILIÁRIO - RESPONSABILIDADE LIMITADA,6234
2026-06-27,FII,ZIFI,ZION CAPITAL FUNDO DE INVESTIMENTO IMOBILIÁRIO - FII RESPONSABILIDADE LIMITADA,3356
2026-06-27,FIAGRO,AAGR,ASSET BANK AGRONEGÓCIOS FIAGRO - DIREITOS CREDITÓRIOS - RESPONSABILIDADE LIMITADA,10972
2026-06-27,FIAGRO,AAZQ,AZ QUEST SOLE FUNDO DE INVESTIMENTO NAS CADEIAS PRODUTIVAS DO AGRONEGÓCIO - FIAGRO - IMOBILIÁRIO,8620
2026-06-27,FIAGRO,BBGO,BB FUNDO DE INVESTIMENTO DE CRÉDITO FIAGRO IMOBILIÁRIO RESPONSABILIDADE LIMITADA,6919
2026-06-27,FIAGRO,BRFT,BRADESCO FARMTECH FIDC NAS CADEIAS PRODUTIVAS AGROINDUSTRIAIS FIAGRO - DC RESPONSABILIDADE LIMITADA,10893
2026-06-27,FIAGRO,BTAL,BTG PACTUAL AGRO LOGÍSTICA FIAGRO RESPONSABILIDADE LIMITADA,5354
2026-06-27,FIAGRO,BTAG,BTG PACTUAL CRÉDITO AGRÍCOLA FIAGRO - DIREITOS CREDITÓRIOS RESPONSABILIDADE LIMITADA,7022
2026-06-27,FIAGRO,BTRA,BTG PACTUAL TERRAS AGRÍCOLAS FIAGRO RESPONSABILIDADE LIMITADA,6083
2026-06-27,FIAGRO,CTEM,CAETÊ FIAGRO - FUNDO DE INVESTIMENTO EM DIREITOS  CREDITÓRIOS,10134
2026-06-27,FIAGRO,CPTA,CAPITÂNIA AGRO CARTEIRA FI NAS CADEIAS PRODUTIVAS DO AGRONEGÓCIO RESPONSABILIDADA LIMITADA,19555
2026-06-27,FIAGRO,CPTR,CAPITANIA AGRO STRATEGIES - FIAGRO-IMOBILIÁRIO RESPONSABILIDADE LIMITADA,7526
2026-06-27,FIAGRO,ROCA,CERES RENDA AGRO FUNDO DE INVESTIMENTO NAS CADEIAS PRODUTIVAS DO AGRONEGÓCIO RESP LIMITADA,24848
2026-06-27,FIAGRO,VGAR,DAYCOVAL D15 FUNDO DE INVESTIMENTO NAS CADEIAS PRODUTIVAS DO AGRONEGÓCIO DE RESPONSABILIDADE LIMITA,25894
2026-06-27,FIAGRO,DCRA,DEVANT FIAGRO - IMOBILIÁRIO DE RESPONSABILIDADE LIMITADA,6994
2026-06-27,FIAGRO,EGAF,ECOAGRO I FIAGRO- RESPONSABILIDADE LIMITADA,6786
2026-06-27,FIAGRO,FGAA,FG/AGRO FUNDO DE INVESTIMENTO NAS CADEIAS PRODUTIVAS AGROIND FIAGRO IMOBILIÁRIO RESP LIMITADA,6628
2026-06-27,FIAGRO,JGPX,FIAGRO JGP CRÉDITO - FIAGRO - IMOBILIÁRIO DE RESPONSABILIDADE LIMITADA,6787
2026-06-27,FIAGRO,AGRX,FUNDO DE INVESTIMENTO NAS CADEIAS PRODUTIVAS AGROINDUSTRIAIS EXES ARAGUAIA - FIAGRO - IMOBILIÁRIO,7187
2026-06-27,FIAGRO,RZAG,FUNDO DE INVESTIMENTO NAS CADEIAS PRODUTIVAS AGROINDUSTRIAIS RIZA AGRO - FIAGRO - IMOBILIÁRIO,6529
2026-06-27,FIAGRO,FTCA,FYTO RECEBÍVEIS DO AGRONEGÓCIO - FIAGRO IMOBILIÁRIO - RESPONSABILIDADE LIMITADA,6751
2026-06-27,FIAGRO,GCRA,GALAPAGOS RECEBÍVEIS DO AGRONEGÓCIO - FIAGRO-IMOBILIÁRIO RESPONSABILIDADE LIMITADA,6586
2026-06-27,FIAGRO,GRWA,GREENWICH AGRO FIAGRO - IMOBILIÁRIO DE RESPONSABILIDADE LIMITADA,8987
2026-06-27,FIAGRO,HCRA,HEDGE CRÉDITO AGRO FIAGRO DE RESPONSABILIDADE LIMITADA,7420
2026-06-27,FIAGRO,HGAG,HIGH FUNDO DE INVESTIMENTO AGRO - FIAGRO - IMOBILIÁRIO RESPONSABILIDADE LIMITADA,7686
2026-06-27,FIAGRO,IDGO,ID GOIANA FUNDO DE INVESTIMENTO FIAGRO IMOBILIÁRIO - RESPONSABILIDADE LIMITADA,9469
2026-06-27,FIAGRO,IAAG,INTER AMERRA FIAGRO RESPONSABILIDADE LIMITADA,8059
2026-06-27,FIAGRO,RURA,ITAÚ ASSET RURAL FIAGRO RESPONSABILIDADE LIMITADA,7012
2026-06-27,FIAGRO,KDOL,KINEA AGRO INCOME USD FIAGRO - RESPONSABILIDADE LIMITADA,10426
2026-06-27,FIAGRO,KNCA,KINEA CRÉDITO AGRO FIAGRO - RESPONSABILIDADE LIMITADA,6627
2026-06-27,FIAGRO,KOPA,KINEA OPORTUNIDADES AGRO I FIAGRO - RESPONSABILIDADE LIMITADA,10324
2026-06-27,FIAGRO,LAFI,LAVOURA I FIAGRO IMOBILIÁRIO - RESPONSABILIDADE LIMITADA,10457
2026-06-27,FIAGRO,LSAG,LESTE FUNDO DE INVESTIMENTO NAS CADEIAS PRODUTIVAS AGROINDUSTRIAIS- FIAGRO - IMOBILIÁRIO,7125
2026-06-27,FIAGRO,MBSA,MBS AGRO FIAGRO - IMOBILIÁRIO RESPONSABILIDADE LIMITADA,13718
2026-06-27,FIAGRO,FAZP,MBS FAZENDA I FIAGRO RESPONSABILIDADE LIMITADA,23949
2026-06-27,FIAGRO,NEXG,NEX CRÉDITO AGRO FUNDO DE INVESTIMENTO NAS CADEIAS PRODUTIVAS DO AGRONEGÓCIO - FIAGRO RESP LIMITADA,10598
2026-06-27,FIAGRO,OIAG,OURINVEST INNOVATION - FIAGRO RESPONSABILIDADE LIMITADA,7233
2026-06-27,FIAGRO,PLCA,PATRIA CREDITO AGRO FI NAS CADEIAS PRODUTIVAS DO AGRONEGOCIO - FIAGRO - RESP LIMITADA,6811
2026-06-27,FIAGRO,RZEO,RIZA EOS FUNDO DE INVESTIMENTO NAS CADEIAS PRODUTIVAS AGROINDUSTRIAIS  FIAGRO  IMOBILIÁRIO,8669
2026-06-27,FIAGRO,RZNE,RIZA NERO FUNDO DE INVESTIMENTO NAS CADEIAS PRODUTIVAS AGROINDUSTRIAIS FIAGRO PARTICIPAÇÕES MULT,21580
2026-06-27,FIAGRO,IAGR,SFI INVESTIMENTOS DO AGRONEGÓCIO - FIAGRO-IMOBILIÁRIO DE RESPONSABILIDADE LIMITADA,7386
2026-06-27,FIAGRO,CRAA,SPARTA FIAGRO FUNDO DE INVESTIMENTO NAS CADEIAS PRODUTIVAS AGROINDUSTRIAIS - IMOB RESP LIMITADA,9270
2026-06-27,FIAGRO,SNAG,SUNO AGRO - FIAGRO RESPONSABILIDADE LIMITADA,7855
2026-06-27,FIAGRO,SNFZ,SUNO FAZENDAS FIAGRO - IMOBILIÁRIO,11480
2026-06-27,FIAGRO,FLEM,TANE FLEM FUNDO DE INVESTIMENTO EM CADEIAS PRODUTIVAS AGROINDUSTRIAIS IMOBILIÁRIO,9074
2026-06-27,FIAGRO,FZDA,TANE FZDA FUNDO DE INVESTIMENTO EM CADEIAS PRODUTIVAS AGROINDUSTRIAIS,7956
2026-06-27,FIAGRO,FZDB,TANE FZDB FUNDO DE INVESTIMENTO NAS CADEIAS PRODUTIVAS AGROINDUSTRIAIS,9572
2026-06-27,FIAGRO,TRAG,TRUST FEEDER FIAGRO IMOBILIÁRIO - RESPONSABILIDADE LIMITADA,13194
2026-06-27,FIAGRO,VGIA,VALORA CRA FUNDO DE INVESTIMENTO NAS CADEIRAS PRODUTIVAS DO AGRONEGÓCIO FIAGRO - RESP LIMITADA,6673
2026-06-27,FIAGRO,VHFA,VALORA HEDGE FUND AGRO - FIAGRO - IMOBILIÁRIO - RESPONSABILIDADE LIMITADA,10442
2026-06-27,FIAGRO,VCRA,VECTIS DATAGRO CRÉDITO AGRONEGÓCIO - FI NAS CADEIAS PRODUTIVAS DO AGRONEGÓCIO RESP LIMITADA,7035
2026-06-27,FIAGRO,XPCA,XP CRÉDITO AGRÍCOLA-FUNDO DE INVESTIMENTO NAS CADEIAS PRODUTIVAS AGROINDUSTRIAIS IMOB.-FIAGRO-IMOB.,6641
2026-06-27,FIDC,CAUT,CAURIS FUNDO DE INVESTIMENTO EM COTAS DE FUNDO DE  INVESTIMENTO EM DIREITOS CREDITÓRIOS,18532
2026-06-27,FIDC,IDLQ,CRÉDITO UNIVERSITÁRIO FUNDO DE INVESTIMENTO EM DIREITOS CREDITÓRIOS - RESPONSABILIDADE LIMITADA;,4546
2026-06-27,FIDC,BBVH,FUNDO DE INVEST. EM DIR. CREDITÓRIOS BB VOTORANTIM HIGHLAND INFRAESTRUTURA RESPONSABILIDADE LIMITADA,3824
2026-06-27,FIDC,KNCE,FUNDO DE INVESTIMENTO EM DIREITOS CREDITÓRIOS KINEA CRÉDITO ESTRUTURADO RESPONSABILIDADE LIMITADA,19460
2026-06-27,FIDC,OPIM,KOL FUNDO DE INVESTIMENTO EM DIREITOS CREDITÓRIOS NÃO-PADRONIZADOS,4649
2026-06-27,FIP,AZIN,AZ QUEST INFRA-YIELD II FIP IE,22
2026-06-27,FIP,MINE,BB ORE RÉGIA MINERAIS CRÍTICOS FIP,25
2026-06-27,FIP,BSGD,BRASIL GD INFRA FIP IE RESP LIM,22
2026-06-27,FIP,BRZP,BRZ INFRA PORTOS FDO. INV. EM PART.  -  RESP LIM,22
2026-06-27,FIP,BDIV,BTG PACTUAL IE DIV. FDO INV. PART. IE,22
2026-06-27,FIP,COPN,COPÉRNICO FDO DE INV EM PART. INFRAESTRUTURA,22
2026-06-27,FIP,ENDD,ENDURANCE DEBT FDO. INVEST. PART. INFRA. RESP LIM,22
2026-06-27,FIP,FINC,FATOR INVISTO INCOME INTERESTS FIP MULTIESTRATÉGIA,25
2026-06-27,FIP,ESUT,FDO INV PART EM INFRAESTRUTURA ENERG SUSTENT III,22
2026-06-27,FIP,ESUU,FDO INV PART IE ENERGIA SUSTENTENTAVEL I,22
2026-06-27,FIP,ESUD,FDO INV PART INFRAESTRUTURA ENERGIA SUSTENTÁVEL II,22
2026-06-27,FIP,NVRP,FDO INV PART NOVA RAPOSO - MULTIESTRATEGIA,25
2026-06-27,FIP,KNDI,KINEA ESTRATÉGIA INFRA CDI FIP IE RESP LTDA,22
2026-06-27,FIP,KNOX,KNOX DEBT FDO. INVEST. PART. INFRAESTRUTURA,22
2026-06-27,FIP,OPHF,OPPORTUNITY HOLDING FDO INV PART MULT INV NO EXT,25
2026-06-27,FIP,PICE,PATRIA INFRAESTRUTURA ENERGIA CORE FIP INFRA,22
2026-06-27,FIP,PFIN,PERFIN APOLLO ENERGIA FND DE INVEST EM PART.,22
2026-06-27,FIP,PLBR,POLARIS 2 FDO DE INV EM PART IE,22
2026-06-27,FIP,FPOR,PORTO SUDESTE ROYALTIES - FIP-IE,22
2026-06-27,FIP,PPEI,PRISMA PROTON ENERGIA FDO. INVEST. PART.,22
2026-06-27,FIP,RZDL,RIZA DELPHI FDO DE INV EM PART INFRA,22
2026-06-27,FIP,VIGT,VINCI ENERGIA FDO INV PART IE RESP LIM,22
2026-06-27,FIP,XPIE,XP INFRA II FDO DE INV PART IE,22
2026-06-27,ETF Renda Variável,BMMT,B- INDEX MORNINGSTAR BRASIL MOMENTO FUNDO DE ÍNDICE - RESPONSABILIDADE LIMITADA,9253
2026-06-27,ETF Renda Variável,AGRI,BB ETF IAGRO-FFS B3 FUNDO DE ÍNDICE RESPONSABILIDADE LIMITADA,8038
2026-06-27,ETF Renda Variável,BBOV,BB ETF IBOVESPA FUNDO DE ÍNDICE RESPONSABILIDADE LIMITADA,3665
2026-06-27,ETF Renda Variável,BRAZ,BB ETF ÍNDICE BOVESPA B3 BR+ FUNDO DE ÍNDICE RESPONSABILIDADE LIMITADA,15863
2026-06-27,ETF Renda Variável,DVER,BB ETF ÍNDICE DIVERSIDADE B3 INVESTIMENTO SUSTENTÁVEL FUNDO DE ÍNDICE RESPONSABILIDADE LIMITADA,10719
2026-06-27,ETF Renda Variável,BBOI,BB ETF ÍNDICE FUTURO DE BOI GORDO B3 FUNDO DE ÍNDICE RESPONSABILIDADE LIMITADA,8892
2026-06-27,ETF Renda Variável,DOLA,BB ETF ÍNDICE FUTURO DE DOLAR S&P/B3 FUNDO DE ÍNDICE RESPONSABILIDADE LIMITADA,12629
2026-06-27,ETF Renda Variável,CORN,BB ETF ÍNDICE FUTURO DE MILHO B3 FUNDO DE ÍNDICE RESPONSABILIDADE LIMITADA,8748
2026-06-27,ETF Renda Variável,BBSD,BB ETF S&P DIVIDENDOS BRASIL FUNDO DE ÍNDICE RESPONSABILIDADE LIMITADA,987
2026-06-27,ETF Renda Variável,TECX,B-INDEX ETF CONNECT CHINA AMC CHINEXT FUNDO DE ÍNDICE - RESP LIMITADA,19536
2026-06-27,ETF Renda Variável,PKIN,B-INDEX ETF CONNECT CHINA UNIVERSAL CSI 300 FUNDO DE ÍNDICE - RESP LIMITADA,18957
2026-06-27,ETF Renda Variável,OURO,B-INDEX ETF OURO BRL B3 FUNDO DE ÍNDICE - RESPONSABILIDADE LIMITADA,23759
2026-06-27,ETF Renda Variável,SPYR,B-INDEX ETF S&P 500 BRL FUNDO DE ÍNDICE - RESPONSABILIDADE LIMITADA,23901
2026-06-27,ETF Renda Variável,BREW,B-INDEX MORNINGSTAR BRASIL PESOS IGUAIS FUNDO DE INDICE - RESPONSABILIDADE LIMITADA,9254
2026-06-27,ETF Renda Variável,BCIC,B-INDEX MORNINGSTAR SETORES CICLICOS BRASIL FUNDO DE INDICE - RESPONSABILIDADE LIMITADA,9255
2026-06-27,ETF Renda Variável,BDEF,B-INDEX MORNINGSTAR SETORES DEFENSIVOS BRASIL FUNDO DE INDICE - RESPONSABILIDADE LIMITADA,9256
2026-06-27,ETF Renda Variável,IBOB,BTG PACTUAL B3 IBOVESPA FUNDO DE ÍNDICE,6485
2026-06-27,ETF Renda Variável,ESGB,BTG PACTUAL ESG FUNDO DE ÍNDICE S&P/B3 BRAZIL ESG,3717
2026-06-27,ETF Renda Variável,GOLB,BTG PACTUAL FUTURO DE OURO B3 FUNDO DE ÍNDICE,22320
2026-06-27,ETF Renda Variável,DOLB,BTG PACTUAL REFERENCE S&P/B3 CAMBIAL FUNDO DE ÍNDICE,19294
2026-06-27,ETF Renda Variável,SPXB,BTG PACTUAL S&P 500 FUNDO DE ÍNDICE,6784
2026-06-27,ETF Renda Variável,SPBZ,BTG PACTUAL S&P 500 FUTURES QUANTO BRL FUNDO DE ÍNDICE,23167
2026-06-27,ETF Renda Variável,GENB,BTG PACTUAL S&P/B3 INGENIUS FUNDO DE ÍNDICE,6501
2026-06-27,ETF Renda Variável,SMAB,BTG PACTUAL SMLL B3 FUNDO DE ÍNDICE,6773
2026-06-27,ETF Renda Variável,CMDB,BTG PACTUAL TEVA AÇÕES COMMODITIES BRASIL FUNDO DE ÍNDICE,7090
2026-06-27,ETF Renda Variável,AUVP,BTG PACTUAL TEVA AUVP AÇÕES FUNDAMENTOS FUNDO DE ÍNDICE,20312
2026-06-27,ETF Renda Variável,TIRB,BTG PACTUAL TEVA DIVIDENDOS ATIVOS REAIS LISTADOS FUNDO DE ÍNDICE,13114
2026-06-27,ETF Renda Variável,BRXC,BTG PACTUAL TEVA IABR SELECTOR FUNDO DE ÍNDICE,18508
2026-06-27,ETF Renda Variável,RICO,BUENA VISTA BLOOMBERG US BILLIONAIRES INVESTMENT SELECT INDEX FUNDO DE ÍNDICE - RESP LIMITADA,18673
2026-06-27,ETF Renda Variável,GDIV,BUENA VISTA DEX NEOS INTERNATIONAL HIGH INCOME FUNDO DE ÍNDICE DE RESPONSABILIDADE LIMITADA,23179
2026-06-27,ETF Renda Variável,XBCI,BUENA VISTA DEX VETTAFI NEOS BOOSTED BITCOIN HIGH INCOME FUNDO DE ÍNDICE DE RESPONSABILIDADE LIMITAD,25260
2026-06-27,ETF Renda Variável,XSPI,BUENA VISTA DEX VETTAFI NEOS BOOSTED S&P 500 HIGH INCOME FUNDO DE ÍNDICE DE RESPONSABILIDADE LIMITAD,25262
2026-06-27,ETF Renda Variável,PIPE,BUENA VISTA DEX VETTAFI NEOS ENERGY INFRASTRUCTURE HIGH INCOME FUNDO DE ÍNDICE DE RESPONSABILIDADE L,24593
2026-06-27,ETF Renda Variável,TOPY,BUENA VISTA DEX VETTAFI NEOS MULTI HIGH INCOME FUNDO DE ÍNDICE DE RESPONSABILIDADE LIMITAD,25415
2026-06-27,ETF Renda Variável,QQQQ,BUENA VISTA NASDAQ-100 HIGH BETA INDEX FUNDO DE ÍNDICE - RESPONSABILIDADE LIMITADA,16402
2026-06-27,ETF Renda Variável,QQQI,BUENA VISTA NASDAQ-100 NEOS HIGH INCOME ETF INDEX (NDXHIEN) FUNDO DE ÍNDICE - RESPONSABILIDADE LIM,12195
2026-06-27,ETF Renda Variável,COIN,BUENA VISTA NEOS BITCOIN HIGH INCOME INDEX FUNDO DE ÍNDICE - RESPONSABILIDADE LIMITADA,15874
2026-06-27,ETF Renda Variável,FIXX,BUENA VISTA NEOS ENCHANCED INCOME 1-3 MONTH T-BILL ETF BR INDEX FUNDO DE ÍNDICE - RESP LIMITADA,18746
2026-06-27,ETF Renda Variável,AURO,BUENA VISTA NEOS GOLD HIGH INCOME INDEX FUNDO DE ÍNDICE DE RESPONSABILIDADE LIMITADA,22112
2026-06-27,ETF Renda Variável,CASA,BUENA VISTA NEOS REAL ESTATE HIGH INCOME BR INDEX FUNDO DE ÍNDICE - RESPONSABILIDADE LIMITADA,18607
2026-06-27,ETF Renda Variável,IWMI,BUENA VISTA NEOS RUSSELL 2000 HIGH INCOME INDEX FUNDO DE ÍNDICE - RESPONSABILIDADE LIMITADA,15876
2026-06-27,ETF Renda Variável,SPYI,BUENA VISTA US HIGH INCOME ETF FUNDO DE ÍNDICE NEOS U.S. EQUITY HIGH INCOME INDEX - RESPONSABILIDADE,10570
2026-06-27,ETF Renda Variável,XBOV,CAIXA ETF IBOVESPA FUNDO DE ÍNDICE - RESPONSABILIDADE LIMITADA,988
2026-06-27,ETF Renda Variável,GLDX,CLASSE A DA INVESTO ETF SOLACTIVE GOLD SPOT INDEX DE FUNDO DE ÍNDICE  RESPONSABILIDADE LIMITADA,7666
2026-06-27,ETF Renda Variável,TRIG,ETF TRÍGONO TEVA AÇÕES MICRO CAP / SMALL CAP FUNDO DE ÍNDICE,7084
2026-06-27,ETF Renda Variável,BOVB,FUNDO DE INVESTIMENTO DE ÍNDICE - CLASSE DE INVESTIMENTO ETF BRADESCO IBOVESPA - RESP LIMITADA,1230
2026-06-27,ETF Renda Variável,GXUS,GALAPAGOS FTSE GLOBAL EQUITIES EX US FUNDO DE ÍNDICE,23381
2026-06-27,ETF Renda Variável,OROF,GALAPAGOS OURO FÍSICO DEX FUNDO DE ÍNDICE,25459
2026-06-27,ETF Renda Variável,PRAF,GALAPAGOS PRATA FÍSICA DEX FUNDO DE ÍNDICE,25461
2026-06-27,ETF Renda Variável,BULZ,GENIAL TEVA AÇÕES HIGH BETA CLASSE DE ÍNDICE RESP LIMITADA,23451
2026-06-27,ETF Renda Variável,ARGE,INVESTO ARGENTINA FUNDO DE ÍNDICE,21467
2026-06-27,ETF Renda Variável,UTLL,INVESTO B3 UTILIDADE PÚBLICA FUNDO DE ÍNDICE,22381
2026-06-27,ETF Renda Variável,PEVC,INVESTO BLUESTAR TOP 10 US LISTED ALTERNATIVE ASSET MANAGERS ETF FUNDO DE INVESTIMENTO DE ÍNDICE - I,8574
2026-06-27,ETF Renda Variável,BNKS,INVESTO BRASIL BANCOS B3 CLASSE DE ÍNDICE - RESPONSABILIDADE LIMITADA,26120
2026-06-27,ETF Renda Variável,BTER,INVESTO BRAZIL BESST QUALITY ACUMULAÇÃO FUNDO DE ÍNDICE,25945
2026-06-27,ETF Renda Variável,BEST,INVESTO BRAZIL BESST QUALITY FUNDO DE ÍNDICE,21871
2026-06-27,ETF Renda Variável,BVBR,INVESTO CONSTÂNCIA FATORES DEFENSIVIDADE FUNDO DE ÍNDICE,23365
2026-06-27,ETF Renda Variável,JOGO,INVESTO ETF GLOBAL VIDEO GAMING & ESPORTS CLASSE DE ÍNDICE - IE - RESPONSABILIDADE LIMITADA,7175
2026-06-27,ETF Renda Variável,USTK,INVESTO ETF MSCI US TECHNOLOGY CLASSE DE ÍNDICE - INVESTIMENTO NO EXTERIOR - RESP LIMITADA,6265
2026-06-27,ETF Renda Variável,SVAL,INVESTO ETF S&P SMALLCAP 600 VALUE CLASSE DE ÍNDICE - RESPONSABILIDADE LIMITADA,7815
2026-06-27,ETF Renda Variável,CHIP,INVESTO ETF US LISTED  SEMICONDUCTOR 25 INDEX CLASSE DE ÍNDICE IE RESP LIMITADA,7413
2026-06-27,ETF Renda Variável,VWRA,INVESTO FTSE ALL-WORLD FUNDO DE ÍNDICE,21586
2026-06-27,ETF Renda Variável,IVWO,INVESTO FTSE EMERGING MARKETS ALL CAP CHINA  A INCLUSION CLASSE DE ÍNDICE RESPONS LIMITADADA,25348
2026-06-27,ETF Renda Variável,WRLD,INVESTO FTSE GLOBAL EQUITIES ETF CLASSE DE ÍNDICE - IE - RESPONSABILIDADE LIMITADA,6981
2026-06-27,ETF Renda Variável,GPUS,INVESTO GP ETF S&P 500 FUNDO DE ÍNDICE,19834
2026-06-27,ETF Renda Variável,BDOM,INVESTO MARKETVECTOR BRAZIL DOMESTIC EXPOSURE ETF CLASSE DE ÍNDICE - RESPONSABILIDADE LIMITADA,8703
2026-06-27,ETF Renda Variável,BXPO,INVESTO MARKETVECTOR BRAZIL GLOBAL EXPOSURE ETF CLASSE DE ÍNDICE - RESPONSABILIDADE LIMITADA,8712
2026-06-27,ETF Renda Variável,SCVB,INVESTO MARKETVECTOR BRAZIL SMALL CAP VALUE ETF CLASSE DE ÍNDICE - RESPONSABILIDADE LIMITADA,8715
2026-06-27,ETF Renda Variável,ALUG,INVESTO MSCI US REAL ESTATE ETF CLASSE DE ÍNDICE - IE - RESPONSABILIDADE LIMITADA,6980
2026-06-27,ETF Renda Variável,NUCL,INVESTO MVIS GLOBAL URANIUM &  NUCLEAR ENERGY ETF CLASSE DE ÍNDICE - RESPONSABILIDADE LIMITADA,7241
2026-06-27,ETF Renda Variável,BIZD,INVESTO MVIS®US BUSINESS DEVELOPMENT COMPANIES INDEX ETF FUNDO DE ÍNDICE,18985
2026-06-27,ETF Renda Variável,OLEO,INVESTO OIL SERVICES CLASSE DE ÍNDICE -  RESPONSABILIDADE LIMITADA,26402
2026-06-27,ETF Renda Variável,RARA,INVESTO RARE EARTH/STRATEGIC METALS FUNDO DE ÍNDICE,26430
2026-06-27,ETF Renda Variável,SMAL,ISHARES BM&FBOVESPA SMALL CAP CLASSE DE  ÍNDICE - RESPONSABILIDADE LIMITADA,989
2026-06-27,ETF Renda Variável,CAPE,ISHARES BOVESPA BR+ CAP 5% B3 CLASSE DE ÍNDICE - RESPONSABILIDADE LIMITADA,19540
2026-06-27,ETF Renda Variável,EWBZ,ISHARES BOVESPA BR+ EQUAL WEIGHT B3 CLASSE DE ÍNDICE - RESPONSABILIDADE LIMITADA,19542
2026-06-27,ETF Renda Variável,BOVA,ISHARES IBOVESPA CLASSE DE ÍNDICE - RESPONSABILIDADE LIMITADA,990
2026-06-27,ETF Renda Variável,BRAX,ISHARES IBRX - ÍNDICE  BRASIL (IBRX-100) CLASSE DE ÍNDICE - RESPONSABILIDADE LIMITADA,991
2026-06-27,ETF Renda Variável,ECOO,ISHARES INDICE CARBONO EFICIENTE (ICO2)  BRASIL IS CLASSE DE ÍNDICE - RESPONSABILIDADE LIMITADA,992
2026-06-27,ETF Renda Variável,IVVB,ISHARES S&P 500 CLASSE DE ÍNDICE EM COTAS DE CLASSES DE ÍNDICE IE - RESPONSABILIDADE LIMITADA,993
2026-06-27,ETF Renda Variável,SILK,IT NOW ETF CONNECT E FUND MSCI CHINA  A50 FUNDO DE ÍNDICE RESPONSABILIDADE LIMITADA,20242
2026-06-27,ETF Renda Variável,GLDI,IT NOW GOLD BRL FUNDO DE ÍNDICE RESPONSABILIDADE LIMITADA,23253
2026-06-27,ETF Renda Variável,B3BR,IT NOW IBOVESPA B3 BR+ FUNDO DE ÍNDICE - RESPONSABILIDADE LIMITADA,12914
2026-06-27,ETF Renda Variável,BOVV,IT NOW IBOVESPA FUNDO DE ÍNDICE RESPONSABILIDADE LIMITADA,995
2026-06-27,ETF Renda Variável,DIVO,IT NOW IDIV FUNDO DE ÍNDICE RESPONSABILIDADE LIMITADA,996
2026-06-27,ETF Renda Variável,DIVD,IT NOW IDIV RENDA DIVIDENDOS FUNDO DE ÍNDICE - RESPONSABILIDADE LIMITADA,11927
2026-06-27,ETF Renda Variável,FIND,IT NOW IFNC FUNDO DE ÍNDICE - RESPONSABILIDADE LIMITADA,997
2026-06-27,ETF Renda Variável,GOVE,IT NOW IGCT FUNDO DE INDICE INVESTIMENTO SUSTENTÁVEL RESPONSABILIDADE LIMITADA,998
2026-06-27,ETF Renda Variável,MATB,IT NOW IMAT FUNDO DE INDICE RESPONSABILIDADE LIMITADA,999
2026-06-27,ETF Renda Variável,ISUS,IT NOW ISE FUNDO DE ÍNDICE INVESTIMENTO SUSTENTÁVEL - RESPONSABILIDADE LIMITADA,1000
2026-06-27,ETF Renda Variável,MILL,IT NOW MORNINGSTAR US DIGITAL LIFESTYLE FUNDO DE ÍNDICE RESPONSABILIDADE LIMITADA,6211
2026-06-27,ETF Renda Variável,HTEK,IT NOW MORNINGSTAR XT US HEALTHCARE FUNDO DE ÍNDICE RESPONSABILIDADE LIMITADA,6212
2026-06-27,ETF Renda Variável,TECK,IT NOW NYSE FANG+T FUNDO DE ÍNDICE RESPONSABILIDADE LIMITADA,6091
2026-06-27,ETF Renda Variável,PIBB,IT NOW PIBB IBRX-50 FUNDO DE ÍNDICE RESPONSABILIDADE LIMITADA,1001
2026-06-27,ETF Renda Variável,REVE,IT NOW RUSSELL® 1000 GREEN REVENUES 50 FUNDO DE ÍNDICE INVESTIMENTO SUSTENTÁVEL RESP LIMITADA,6439
2026-06-27,ETF Renda Variável,SPXR,IT NOW S&P 500 FUTURES QUANTO BRL FUNDO DE ÍNDICE - RESPONSABILIDADE LIMITADA,16037
2026-06-27,ETF Renda Variável,SPXI,IT NOW S&P500® TRN FUNDO DE ÍNDICE RESPONSABILIDADE LIMITADA,1002
2026-06-27,ETF Renda Variável,SMAC,IT NOW SMALL CAPS FUNDO DE ÍNDICE RESPONSABILIDADE LIMITADA,3248
2026-06-27,ETF Renda Variável,NSDV,NU IBOV SMART DIVIDENDOS CLASSE DE ÍNDICE - RESPONSABILIDADE LIMITADA,10678
2026-06-27,ETF Renda Variável,HIGH,NU IBOV SMART HIGH BETA B3 CLASSE DE ÍNDICE - RESPONSABILIDADE LIMITADA,12693
2026-06-27,ETF Renda Variável,LVOL,NU IBOV SMART LOW VOLATILITY B3 CLASSE DE  ÍNDICE - RESPONSABILIDADE LIMITADA,12694
2026-06-27,ETF Renda Variável,NBOV,NU IBOVESPA B3 BR+ CLASSE DE ÍNDICE - RESPONSABILIDADE LIMITADA,12908
2026-06-27,ETF Renda Variável,NDIV,NU RENDA IBOV SMART DIVIDENDOS CLASSE DE  ÍNDICE - RESPONSABILIDADE LIMITADA,10677
2026-06-27,ETF Renda Variável,QLBR,RIO BRAVO INVESTO MARKETVECTOR BRAZIL MULTIFACTOR QUALITY FUNDO DE ÍNDICE,22895
2026-06-27,ETF Renda Variável,SPUB,SAFRA ETF IBOVESPA EMPRESAS ESTATAIS FUNDO DE INDICE - RESPONSABILIDADE LIMITADA,13129
2026-06-27,ETF Renda Variável,SPVT,SAFRA ETF IBOVESPA EMPRESAS PRIVADAS FUNDO DE INDICE - RESPONSABILIDADE LIMITADA,13128
2026-06-27,ETF Renda Variável,BOVS,SAFRA ETF IBOVESPA FUNDO DE INDICE - RESPONSABILIDADE LIMITADA,6255
2026-06-27,ETF Renda Variável,ELAS,SAFRA ETF MULHERES NA LIDERANÇA FUNDO DE ÍNDICE DE AÇÕES INVESTIMENTO SUSTENTÁVEL - RESP LIMITADA,7517
2026-06-27,ETF Renda Variável,GOLX,TREND ETF B3 OURO CLASSE DE ÍNDICE - RESPONSABILIDADE LIMITADA,23761
2026-06-27,ETF Renda Variável,ACWI,TREND ETF BLOOMBERG ALL COUNTRIES CLASSE DE ÍNDICE - RESPONSABILIDADE LIMITADA,5716
2026-06-27,ETF Renda Variável,XINA,TREND ETF BLOOMBERG CHINA CLASSE DE ÍNDICE - RESPONSABILIDADE LIMITADA INVESTIMENTO NO EXTERIOR,5555
2026-06-27,ETF Renda Variável,UTEC,TREND ETF BLOOMBERG US 3000 TECHNOLOGY  CLASSE DE ÍNDICE - RESPONSABILIDADE LIMITADA,7936
2026-06-27,ETF Renda Variável,BOVX,TREND ETF IBOVESPA CLASSE DE ÍNDICE -  RESPONSABILIDADE LIMITADA,6260
2026-06-27,ETF Renda Variável,XIFR,TREND ETF INFRAESTRUTURA ESG CLASSE DE  ÍNDICE - RESPONSABILIDADE LIMITADA,25154
2026-06-27,ETF Renda Variável,GOLD,TREND ETF LBMA OURO CLASSE DE ÍNDICE INVESTIMENTO NO EXTERIOR - RESPONSABILIDADE LIMITADA,5484
2026-06-27,ETF Renda Variável,SLVR,TREND ETF LBMA PRATA CLASSE DE ÍNDICE - RESPONSABILIDADE LIMITADA,25254
2026-06-27,ETF Renda Variável,NASD,TREND ETF NASDAQ 100 CLASSE DE ÍNDICE INVESTIMENTO NO EXTERIOR - RESPONSABILIDADE  LIMITADA,6199
2026-06-27,ETF Renda Variável,DOLX,TREND ETF S&P / B3 DOLAR CLASSE DE ÍNDICE - RESPONSABILIDADE LIMITADA,23845
2026-06-27,ETF Renda Variável,SPXU,TREND ETF S&P 500 FUTURES USD-BRLCLASSE DE  ÍNDICE - RESPONSABILIDADE LIMITADA,7408
2026-06-27,ETF Renda Variável,SPXH,TREND ETF S&P 500 QUANTO CLASSE DE ÍNDICE - RESPONSABILIDADE LIMITADA,23843
2026-06-27,ETF Renda Fixa,BDAP,BB ETF ÍNDICE DAP5 B3 FUNDO DE ÍNDICE RESPONSABILIDADE LIMITADA,10553
2026-06-27,ETF Renda Fixa,FIXA,BB ETF RENDA FIXA PRÉ ÍNDICE FUTURO DE TAXAS DE JUROS S&P/B3  FUNDO DE ÍNDICE RESP LIMITADA,1069
2026-06-27,ETF Renda Fixa,BOL5,B-INDEX ETF IMA-B 5 P2 FUNDO DE ÍNDICE - RESPONSABILIDADE LIMITADA,22232
2026-06-27,ETF Renda Fixa,BPRE,B-INDEX ETF IRF-M P2 FUNDO DE ÍNDICE - RESPONSABILIDADE LIMITADA,22270
2026-06-27,ETF Renda Fixa,BLFT,B-INDEX ETF TEVA LFT CURTO PRAZO FUNDO DE ÍNDICE - RESPONSABILIDADE LIMITADA,22305
2026-06-27,ETF Renda Fixa,PACC,BTG PACTUAL IMA-B 5 P2 FUNDO DE ÍNDICE,13451
2026-06-27,ETF Renda Fixa,PACL,BTG PACTUAL IMA-B 5+ FUNDO DE ÍNDICE,20795
2026-06-27,ETF Renda Fixa,PACG,BTG PACTUAL IMA-B FUNDO DE ÍNDICE,13450
2026-06-27,ETF Renda Fixa,LTNB,BTG PACTUAL IRF-M P2 FUNDO DE ÍNDICE,20793
2026-06-27,ETF Renda Fixa,MARG,BTG PACTUAL MARGEM DEBÊNTURES ULTRA QUALIDADE DI B3 FUNDO DE ÍNDICE,17448
2026-06-27,ETF Renda Fixa,PFJR,BTG PACTUAL PF TEVA ITBR TESOURO IPCA FUNDO DE ÍNDICE,25971
2026-06-27,ETF Renda Fixa,AUPO,BTG PACTUAL TEVA AUVP ITBR LIQUIDEZ FUNDO DE ÍNDICE,23987
2026-06-27,ETF Renda Fixa,AREA,BTG PACTUAL TEVA AUVP RENDA AUTOMÁTICA ITBR IPCA RENDIMENTO FUNDO DE ÍNDICE,22467
2026-06-27,ETF Renda Fixa,DEBB,BTG PACTUAL TEVA DEBÊNTURES DI FUNDO DE ÍNDICE,8168
2026-06-27,ETF Renda Fixa,SFIX,BTG PACTUAL TEVA ITBR IPCA 95-5 FUNDO DE ÍNDICE,22238
2026-06-27,ETF Renda Fixa,WEJR,BTG PACTUAL TEVA ITBR IPCA FUNDO DE ÍNDICE,22880
2026-06-27,ETF Renda Fixa,MIDB,BTG PACTUAL TEVA ITBR TESOURO IPCA 2035 FUNDO DE ÍNDICE,24766
2026-06-27,ETF Renda Fixa,LFIN,BTG PACTUAL TEVA LETRAS FINANCEIRAS DI QUALIDADE FUNDO DE ÍNDICE,21950
2026-06-27,ETF Renda Fixa,PACB,BTG PACTUAL TEVA TESOURO IPCA ULTRA LONGO CE FUNDO DE ÍNDICE,7624
2026-06-27,ETF Renda Fixa,LLFT,BTG PACTUAL TEVA TESOURO SELIC FUNDO DE ÍNDICE,20116
2026-06-27,ETF Renda Fixa,GPCA,CLASSE ÚNICA GRÃO TEVA ITBR TESOURO IPCA 2 ANOS FUNDO DE ÍNDICE - RESPONSABILIDADE LIMITADA,25343
2026-06-27,ETF Renda Fixa,IMBB,FUNDO DE INVESTIMENTO DE ÍNDICE - CLASSE DE INVESTIMENTO ETF BRADESCO IMA-B - RESP LIMITADA,3113
2026-06-27,ETF Renda Fixa,B5MB,FUNDO DE INVESTIMENTO DE ÍNDICE - CLASSE DE INVESTIMENTO ETF BRADESCO IMA-B5+ - RESP LIMITAD,3112
2026-06-27,ETF Renda Fixa,3PRE,GALAPAGOS TEVA ITBR TESOURO PRÉ FIXADO 3 ANOS FUNDO DE ÍNDICE,25652
2026-06-27,ETF Renda Fixa,POSB,GALAPAGOS TEVA TESOURO SELIC & IPCA+ FUNDO DE ÍNDICE,25019
2026-06-27,ETF Renda Fixa,GLFT,GALAPAGOS TEVA TESOURO SELIC FUNDO DE ÍNDICE,22647
2026-06-27,ETF Renda Fixa,GICP,GENIAL TEVA DEBÊNTURES DI QUALITY HIGH BETA  FUNDO DE ÍNDICE,21623
2026-06-27,ETF Renda Fixa,LFTB,INVESTO ETF MARKETVECTOR BRAZIL TREASURY 760 DAY TARGET DURATION CLASSE DE ÍNDICE - RESP LIMITADA,12916
2026-06-27,ETF Renda Fixa,NTNS,INVESTO TEVA TESOURO IPCA+ 0 A 4 ANOS ETF CLASSE DE ÍNDICE - RESPONSABILIDADE LIMITADA,9988
2026-06-27,ETF Renda Fixa,LFTS,INVESTO TEVA TESOURO SELIC ETF CLASSE DE ÍNDICE - RESPONSABILIDADE LIMITADA,8806
2026-06-27,ETF Renda Fixa,NTNF,INVESTO V8 B3 TESOURO PREFIXADO JUROS FUNDO DE ÍNDICE,26202
2026-06-27,ETF Renda Fixa,LFIX,INVESTO V8 LETRA FINANCEIRA S1 DI B3 FUNDO DE ÍNDICE,24793
2026-06-27,ETF Renda Fixa,IMAB,IT NOW ID ETF IMA-B FUNDO DE ÍNDICE RESPONSABILIDADE LIMITADA,1211
2026-06-27,ETF Renda Fixa,B5P2,IT NOW IMA-B5 P2 FUNDO DE INDICE RESPONSABILIDADE LIMITADA,3817
2026-06-27,ETF Renda Fixa,IB5M,IT NOW IMA-B5+ FUNDO DE ÍNDICE RESPONSABILIDADE LIMITADA,2375
2026-06-27,ETF Renda Fixa,IRFM,IT NOW IRF-M P2 FUNDO DE ÍNDICE RESPONSABILIDADE LIMITADA,2376
2026-06-27,ETF Renda Fixa,IDKA,IT NOW IRFM P3 FUNDO DE ÍNDICE RESPONSABILIDADE LIMITADA,13113
2026-06-27,ETF Renda Fixa,T10R,IT NOW S&P TESOURO AMERICANO 10 ANOS BRL FUNDO DE ÍNDICE - RESPONSABILIDADE LIMITADA,21904
2026-06-27,ETF Renda Fixa,5PRE,IT NOW TEVA ITBR PRÉ 5 ANOS FUNDO DE ÍNDICE RESPONSABILIDADE LIMITADA,24662
2026-06-27,ETF Renda Fixa,CDIB,IT NOW TEVA ITBR SELIC IPCA TARGET 800 FUNDO DE ÍNDICE - RESPONSABILIDADE LIMITADA,25666
2026-06-27,ETF Renda Fixa,LFTI,IT NOW TEVA TESOURO SELIC FUNDO DE ÍNDICE RESPONSABILIDADE LIMITADA,23720
2026-06-27,ETF Renda Fixa,NCDI,NU CDI TESOURO SELIC B3 CLASSE DE ÍNDICE - RESPONSABILIDADE LIMITADA,22868
2026-06-27,ETF Renda Fixa,HYBR,NU IBOXX HIGH YIELD HEDGE CARRY BRL CLASSE  DE ÍNDICE - RESPONSABILIDADE LIMITADA,22234
2026-06-27,ETF Renda Fixa,HGBR,NU IBOXX INVESTMENT GRADE HEDGE CARRY BRL  CLASSE DE ÍNDICE - RESPONSABILIDADE LIMITADA,22236
2026-06-27,ETF Renda Fixa,NLFA,NU LETRAS FINANCEIRAS ANBIMA CLASSE DE  ÍNDICE - RESPONSABILIDADE LIMITADA,23784
2026-06-27,ETF Renda Fixa,PHIP,PHRONESIS TEVA IPCA DYNAMIC SELECTION YIELD FUNDO DE ÍNDICE,16347
2026-06-27,ETF Renda Fixa,LFTX,TREND ETF B3 TESOURO SELIC CLASSE DE ÍNDICE - RESPONSABILIDADE LIMITADA,25243
2026-06-27,ETF Renda Fixa,XB30,TREND ETF IDEX B30 CLASSE DE ÍNDICE - RESPONSABILIDADE LIMITADA,24850
2026-06-27,ETF Renda Fixa,XB35,TREND ETF IDEX B35 CLASSE DE ÍNDICE - RESPONSABILIDADE LIMITADA,23724
2026-06-27,ETF Renda Fixa,XB45,TREND ETF IDEX B45 CLASSE DE ÍNDICE - RESPONSABILIDADE LIMITADA,24854
2026-06-27,ETF Renda Fixa,XB50,TREND ETF IDEX B50 CLASSE DE ÍNDICE - RESPONSABILIDADE LIMITADA,23722
2026-06-27,ETF Renda Fixa,XB60,TREND ETF IDEX B60 CLASSE DE ÍNDICE - RESPONSABILIDADE LIMITADA,24852
2026-06-27,ETF Renda Fixa,PREX,TREND ETF IRF-M P2 CLASSE DE ÍNDICE - RESPONSABILIDADE LIMITADA,25252
2026-06-27,ETF Renda Fixa,LTBX,TREND ETF TEVA ITBR SELIC TARGET 760 CLASSE DE  ÍNDICE - RESPONSABILIDADE LIMITADA,25241
2026-06-27,Fundo Setorial,FDES,FDO DE DESENVOLVIMENTO DO ESPÍRITO SANTO - FUNDES,6031
2026-06-27,Fundo Setorial,FNAM,FDO INV DA AMAZONIA,6032
2026-06-27,Fundo Setorial,FNOR,FDO INV DO NORDESTE,6033
2026-06-27,Fundo Setorial,FSRF,FDO INV SETORIAL FL E REF,6034
2026-06-27,Fundo Setorial,FSPE,FDO INV SETORIAL PESCA,6035
2026-06-27,Fundo Setorial,FSTU,FDO INV SETORIAL TURISMO,6036
