data_captura,codigo_fundo,nome_fundo,cnpj,administrador,segmento,tipo,mandato,prazo_duracao,gestao,data_encerramento,cotistas,patrimonio_liquido
2026-10-02,ADSH11,AD SHOPPING FUNDO DE INVESTIMENTO IMOBILIÁRIO RESPONSABILIDADE LIMITADA,,,,,,,,,,
2026-10-02,AFHI11,AF INVEST CRI FUNDO DE INVESTIMENTO IMOBILIÁRIO RECEBÍVEIS IMOBILIÁRIOS RESPONSABILIDADE LIMITADA,,,,,,,,,,
2026-10-02,AFHF11,AF INVEST REAL ESTATE MULTIESTRATÉGIA FUNDO DE INVESTIMENTO IMOBILIÁRIO - RESPONSABILIDADE LIMITADA,,,,,,,,,,
2026-10-02,ATWN11,AIRPORT TOWN FUNDO DE INVESTIMENTO IMOBILIARIO - FII,,,,,,,,,,
2026-10-02,AJFI11,AJ MALLS FUNDO DE INVESTIMENTO IMOBILIÁRIO RESPONSABILIDADE LIMITADA,,,,,,,,,,
2026-10-02,ALZC11,ALIANZA CRÉDITO IMOBILIÁRIO FUNDO DE INVESTIMENTO IMOBILIÁRIO RESPONSABILIDADE LIMITADA,,,,,,,,,,
2026-10-02,MTOF11,ALIANZA MULTIOFFICES - FUNDO DE INVESTIMENTO IMOBILIÁRIO - RESPONSABILIDADE LIMITADA,,,,,,,,,,
2026-10-02,ALZR11,ALIANZA TRUST RENDA IMOBILIÁRIA - FUNDO DE INVESTIMENTO IMOBILIÁRIO RESPONSABILIDADE LIMITADA,,,,,,,,,,
2026-10-02,AURB11,ALIANZA URBAN HUB RENDA FUNDO DE INVESTIMENTO IMOBILIÁRIO RESPONSABILIDADE LIMITADA,,,,,,,,,,
2026-10-02,APXM11,APEX MALLS FUNDO DE INVESTIMENTO IMOBILIÁRIO RESPONSABILIDADE LIMITADA,,,,,,,,,,
2026-10-02,APXU11,APEX URB FUNDO DE INVESTIMENTO IMOBILIÁRIO RESPONSABILIDADE LIMITADA,,,,,,,,,,
2026-10-02,AIEC11,ARCH EDIFÍCIOS CORPORATIVOS FUNDO DE INVESTIMENTO IMOBILIÁRIO - RESPONSABILIDADE LIMITADA,,,,,,,,,,
2026-10-02,AVUR11,ARCH VANGUARDA UNIDADES RESIDENCIAIS FUNDO DE INVESTIMENTO IMOBILIÁRIO RESPONSABILIDADE LIMITADA,,,,,,,,,,
2026-10-02,AROA11,AROEIRA 333 RENDA LOGÍSTICA FUNDO DE INVESTIMENTO IMOBILIÁRIO RESPONSABILIDADE LIMITADA,,,,,,,,,,
2026-10-02,EIRA11,AROEIRA FUNDO DE INVESTIMENTO IMOBILIÁRIO - RESPONSABILIDADE LIMITADA,,,,,,,,,,
2026-10-02,AQPA11,ARQUIPEO FUNDO DE INVESTIMENTO IMOBILIÁRIO - RESPONSABILIDADE LIMITADA,,,,,,,,,,
2026-10-02,ARTE11,ÁRTEMIS FUNDO DE INVESTIMENTO IMOBILIÁRIO RESPONSABILIDADE LIMITADA,,,,,,,,,,
2026-10-02,ARXD11,ARX DOVER RECEBÍVEIS FUNDO DE INVESTIMENTO IMOBILIÁRIO DE RESPONSABILIDADE LIMITADA,,,,,,,,,,
2026-10-02,AZPE11,AZ QUEST PANORAMA CRÉDITO ESTRUTURADO FUNDO DE INVESTIMENTO IMOBILIÁRIO DE RESPONSABILIDADE LIMITADA,,,,,,,,,,
2026-10-02,AZPL11,AZ QUEST PANORAMA LOGÍSTICA FUNDO DE INVESTIMENTO IMOBILIÁRIO - RESPONSABILIDADE LIMITADA,,,,,,,,,,
2026-10-02,AZSG11,AZ SOLARGRID RENDA  SOLAR FUNDO DE INVESTIMENTO IMOBILIÁRIO RESPONSABILIDADE  LIMITADA,,,,,,,,,,
2026-10-02,CEBB11,BALTIMORE FUNDO DE INVESTIMENTO IMOBILIÁRIO DE RESPONSABILIDADE LIMITADA,,,,,,,,,,
2026-10-02,BCRI11,BANESTES RECEBÍVEIS  IMOBILIÁRIOS FUNDO DE INVESTIMENTO IMOBILIÁRIO - FII - RESPONSABILIDADE LIMITAD,,,,,,,,,,
2026-10-02,BNFS11,BANRISUL NOVAS FRONTEIRAS FUNDO DE INVESTIMENTO IMOBILIARIO - RESPONSABILIDADE LIMITADA,,,,,,,,,,
2026-10-02,BTML11,BARRA MALLS FUNDO DE INVESTIMENTO IMOBILIÁRIO,,,,,,,,,,
2026-10-02,BZEL11,BARZEL CD1 FUNDO DE INVESTIMENTO IMOBILIARIO RESPONSABILIDADE LIMITADA,,,,,,,,,,
2026-10-02,BPDR11,BASÍLICA PARTNERS GDR FUNDO DE INVESTIMENTO IMOBILIÁRIO FII RESPONSABILIDADE LIMITADA,,,,,,,,,,
2026-10-02,BPLC11,BASÍLICA PARTNERS LED CORPORATE FUNDO DE INVESTIMENTO IMOBILIÁRIO FII,,,,,,,,,,
2026-10-02,BPMW11,BASÍLICA PARTNERS MEDWELL FUNDO DE INVESTIMENTO IMOBILIÁRIO FII RESPONSABILIDADE LIMITADA,,,,,,,,,,
2026-10-02,BBFO11,BB FUNDO DE FUNDOS - FUNDO DE INVESTIMENTO IMOBILIÁRIO RESPONSABILIDADE LIMITADA,,,,,,,,,,
2026-10-02,BBIG11,BB PREMIUM MALLS FUNDO DE INVESTIMENTO IMOBILIÁRIO DE RESPONSABILIDADE LIMITADA,,,,,,,,,,
2026-10-02,BBRC11,BB RENDA CORPORATIVA FUNDO DE INVESTIMENTO IMOBILIÁRIO RESPONSABILIDADE LIMITADA,,,,,,,,,,
2026-10-02,BINR11,BE IN RIO FUNDO DE INVESTIMENTO IMOBILIÁRIO - RESPONSABILIDADE LIMITADA,,,,,,,,,,
2026-10-02,BFCC11,BFC FUNDO DE INVESTIMENTO IMOBILIÁRIO,,,,,,,,,,
2026-10-02,BGRB11,BGR B32 FUNDO DE INVESTIMENTO IMOBILIÁRIO,,,,,,,,,,
2026-10-02,BLOG11,BLUECAP LOG FUNDO DE INVESTIMENTO IMOBILIÁRIO,,,,,,,,,,
2026-10-02,BLMG11,BLUEMACAW FUNDO DE INVESTIMENTO IMOBILIÁRIO RESPONSABILIDADE LIMITADA,,,,,,,,,,
2026-10-02,BMLC11,BM BRASCAN LAJES CORPORATIVAS FUNDO DE INVESTIMENTO IMOBILIÁRIO RESPONSABILIDADE LIMITADA,,,,,,,,,,
2026-10-02,BRSE11,BR7 SENADO FUNDO DE INVESTIMENTO IMOBILIÁRIO,,,,,,,,,,
2026-10-02,BRGL11,BRADESCO BTS LOGÍSTICA GRAVATAÍ FUNDO DE INVESTIMENTO IMOBILIÁRIO RESPONSABILIDADE LIMITADA,,,,,,,,,,
2026-10-02,BCIA11,BRADESCO CARTEIRA IMOBILIÁRIA ATIVA - FUNDO DE FUNDOS DE INVESTIMENTO IMOBILIÁRIO - FII,,,,,,,,,,
2026-10-02,BVAR11,BRASIL VAREJO FUNDO DE INVESTIMENTO IMOBILIÁRIO RESPONSABILIDADE LIMITADA,,,,,,,,,,
2026-10-02,CARE11,BRAZILIAN GRAVEYARD AND DEATH CARE SERVICES FUNDO DE INVESTIMENTO IMOBILIÁRIO - FII RESP LIMITADA,,,,,,,,,,
2026-10-02,FATN11,BRC RENDA CORPORATIVA FUNDO DE INVESTIMENTO IMOBILIÁRIO - RESPONSABILIDADE LIMITADA,,,,,,,,,,
2026-10-02,RTEL11,BRC-II FUNDO DE INVESTIMENTO IMOBILIÁRIO - RESPONSABILIDADE LIMITADA,,,,,,,,,,
2026-10-02,BRCT11,BRC-III DESENVOLVIMENTO FUNDO DE INVESTIMENTO IMOBILIÁRIO - RESPONSABILIDADE LIMITADA,,,,,,,,,,
2026-10-02,BRCD11,BRESCO DESENVOLVIMENTO FUNDO DE INVESTIMENTO IMOBILIÁRIO RESPONSABILIDADE LIMITADA,,,,,,,,,,
2026-10-02,BRCO11,BRESCO LOGÍSTICA FUNDO DE INVESTIMENTO IMOBILIÁRIO RESPONSABILIDADE LIMITADA,,,,,,,,,,
2026-10-02,BICE11,BRIO CRÉDITO ESTRUTURADO - FUNDO DE INVESTIMENTO IMOBILIÁRIO - RESPONSABILIDADE LIMITADA,,,,,,,,,,
2026-10-02,BIME11,BRIO MULTIESTRATÉGIA - FUNDO DE INVESTIMENTO IMOBILIÁRIO RESPONSABILIDADE LIMITADA,,,,,,,,,,
2026-10-02,BPOF11,BRIO PRIME OFFICE FUNDO DE INVESTIMENTO IMOBILIÁRIO RESPONSABILIDADE LIMITADA,,,,,,,,,,
2026-10-02,BRIP11,BRIO REAL ESTATE III - FUNDO DE INVESTIMENTO IMOBILIÁRIO - RESPONSABILIDADE LIMITADA,,,,,,,,,,
2026-10-02,BIPD11,BRIO REAL ESTATE IV - FUNDO DE INVESTIMENTO IMOBILIÁRIO - RESPONSABILIDADE LIMITADA,,,,,,,,,,
2026-10-02,BIPE11,BRIO REAL ESTATE V - FUNDO DE INVESTIMENTO IMOBILIÁRIO - RESPONSABILIDADE LIMITADA,,,,,,,,,,
2026-10-02,MCMV11,BRM MINHA CASA MINHA VIDA III FUNDO DE INVESTIMENTO IMOBILIÁRIO RESPONSABILIDADE LIMITADA,,,,,,,,,,
2026-10-02,BROF11,BRPR CORPORATE OFFICES FUNDO DE INVESTIMENTO IMOBILIÁRIO RESPONSABILIDADE LIMITADA,,,,,,,,,,
2026-10-02,BETW11,BRPR E-TOWER FUNDO DE INVESTIMENTO IMOBILIÁRIO,,,,,,,,,,
2026-10-02,LLAO11,BS2 ALLINVESTMENTS FUNDO DE INVESTIMENTO IMOBILIÁRIO,,,,,,,,,,
2026-10-02,BTHR11,BTG HOSPITALIDADE RETORNO TOTAL FUNDO DE INVESTIMENTO IMOBILIÁRIO  RESPONSABILIDADE LIMITADA,,,,,,,,,,
2026-10-02,BTHI11,BTG HOTÉIS FUNDO DE INVESTIMENTO IMOBILIÁRIO RESPONSABILIDADE LIMITADA,,,,,,,,,,
2026-10-02,BRCR11,BTG PACTUAL CORPORATE OFFICE FUND - FUNDO DE INVESTIMENTO IMOBILIÁRIO RESPONSABILIDADE LIMITADA,,,,,,,,,,
2026-10-02,BTCI11,BTG PACTUAL CRÉDITO IMOBILIÁRIO - FUNDO DE CRI - FI IMOBILIÁRIO RESPONSABILIDADE LIMITADA,,,,,,,,,,
2026-10-02,BTLG11,BTG PACTUAL LOGÍSTICA FUNDO DE INVESTIMENTO IMOBILIÁRIO RESPONSABILIDADE LIMITADA,,,,,,,,,,
2026-10-02,BTHF11,BTG PACTUAL REAL ESTATE HEDGE FUND FII - FUNDO DE INVESTIMENTO IMOBILIÁRIO RESPONSABILIDADE LIMITADA,,,,,,,,,,
2026-10-02,BTRU11,BTG PACTUAL RENDA URBANA FUNDO DE INVESTIMENTO IMOBILIÁRIO RESPONSABILIDADE LIMITADA,,,,,,,,,,
2026-10-02,BPML11,BTG PACTUAL SHOPPINGS FUNDO DE INVESTIMENTO IMOBILIÁRIO RESPONSABILIDADE LIMITADA,,,,,,,,,,
2026-10-02,BTYU11,BTG PACTUAL YOU INC. DESENVOLVIMENTO IMOBILIÁRIO - FUNDO DE INVESTIMENTO IMOBILIÁRIO RESPONSABILIDAD,,,,,,,,,,
2026-10-02,BTWR11,BTOWERS FUNDO DE INVESTIMENTO IMOBILIÁRIO RESPONSABILIDADE LIMITADA,,,,,,,,,,
2026-10-02,BTSI11,BTSP II FUNDO DE INVESTIMENTO IMOBILIÁRIO FII RESPONSABILIDADE LIMITADA,,,,,,,,,,
2026-10-02,CXCO11,CAIXA IMÓVEIS CORPORATIVOS FUNDO DE INVESTIMENTO IMOBILIÁRIO - RESPONSABILIDADE LIMITADA,,,,,,,,,,
2026-10-02,CRFF11,CAIXA RIO BRAVO FUNDO DE FUNDOS DE INVESTIMENTO IMOBILIÁRIO II RESPONSABILIDADE LIMITADA,,,,,,,,,,
2026-10-02,CXRI11,CAIXA RIO BRAVO FUNDO DE FUNDOS DE INVESTIMENTO IMOBILIARIO RESPONSABILIDADE LIMITADA,,,,,,,,,,
2026-10-02,CCME11,CANUMA CAPITAL MULTIESTRATÉGIA FUNDO DE INVESTIMENTO IMOBILIÁRIO RESPONSABILIDADE LIMITADA,,,,,,,,,,
2026-10-02,CCVA11,CANUMA CAPITAL RENDA VAREJO FUNDO DE INVESTIMENTO IMOBILIÁRIO RESPONSABILIDADE LIMITADA,,,,,,,,,,
2026-10-02,KONG11,CAPITANIA ARTON JARDIM PAULISTANO FUNDO DE INVESTIMENTO IMOBILIÁRIO RESPONSABILIDADE LIMITADA,,,,,,,,,,
2026-10-02,CPHG11,CAPITÂNIA CRÉDITO HIGH GRADE FUNDO DE INVESTIMENTO IMOBILIÁRIO RESPONSABILIDADE LIMITADA,,,,,,,,,,
2026-10-02,CPUR11,CAPITÂNIA HBC RENDA URBANA FUNDO DE INVESTIMENTO IMOBILIÁRIO RESPONSABILIDADE  LIMITADA,,,,,,,,,,
2026-10-02,CPLG11,CAPITÂNIA LOGÍSTICA FUNDO DE INVESTIMENTO IMOBILIÁRIO - RESPONSABILIDADE LIMITADA,,,,,,,,,,
2026-10-02,CPOF11,CAPITÂNIA OFFICE FII - FUNDO DE INVESTIMENTO IMOBILIÁRIO,,,,,,,,,,
2026-10-02,CPTS11,CAPITÂNIA SECURITIES II FUNDO DE INVESTIMENTO IMOBILIÁRIO RESPONSABILIDADE LIMITADA,,,,,,,,,,
2026-10-02,CPSH11,CAPITÂNIA SHOPPINGS FUNDO DE INVESTIMENTO IMOBILIÁRIO - RESPONSABILIDADE LIMITADA,,,,,,,,,,
2026-10-02,CACR11,CARTESIA RECEBÍVEIS IMOBILIÁRIOS - FUNDO DE INVESTIMENTO IMOBILIÁRIO DE RESPONSABILIDADE LIMITADA,,,,,,,,,,
2026-10-02,CBOP11,CASTELLO BRANCO OFFICE PARK - FUNDO DE INVESTIMENTO IMOBILIÁRIO - RESPONSABILIDADE LIMITADA,,,,,,,,,,
2026-10-02,BLCA11,CATUAÍ VBI TRIPLE A FUNDO DE INVESTIMENTO IMOBILIÁRIO - RESPONSABILIDADE LIMITADA,,,,,,,,,,
2026-10-02,CVFL11,CATUAÍ VISTA FL FUNDO DE INVESTIMENTO IMOBILIÁRIO DE RESPONSABILIDADE LIMITADA,,,,,,,,,,
2026-10-02,CNES11,CENESP FUNDO DE INVESTIMENTO IMOBILIÁRIO RESPONSABILIDADE LIMITADA,,,,,,,,,,
2026-10-02,CDHY11,CENTRAL REAL ESTATE HIGH YIELD DEBT FUNDO DE INVESTIMENTO IMOBILIÁRIO RESPONSABILIDADE LIMITADA,,,,,,,,,,
2026-10-02,CTXT11,CENTRO TÊXTIL INTERNACIONAL FUNDO DE INVESTIMENTO IMOBILIÁRIO DE RESPONSABILIDADE LIMITADA,,,,,,,,,,
2026-10-02,CENU11,CENU - FUNDO DE INVESTIMENTO IMOBILIÁRIO RESPONSABILIDADE LIMITADA,,,,,,,,,,
2026-10-02,CFII11,CF3  FUNDO DE INVESTIMENTO IMOBILIÁRIO,,,,,,,,,,
2026-10-02,CFHF11,CF4 FUNDO DE INVESTIMENTO IMOBILIÁRIO DE RESPONSABILIDADE LIMITADA,,,,,,,,,,
2026-10-02,CJCT11,CIDADE JARDIM CONTINENTAL TOWER FUNDO DE INVESTIMENTO IMOBILIÁRIO DE RESPONSABILIDADE LIMITADA,,,,,,,,,,
2026-10-02,CLSM11,CITLOG SUL DE MINAS FUNDO DE INVESTIMENTO IMOBILIÁRIO DE RESPONSABILIDADE LIMITADA,,,,,,,,,,
2026-10-02,CIXM11,CIX MUIRAQUITAN FUNDO DE INVESTIMENTO IMOBILIÁRIO RESPONSABILIDADE LIMITADA,,,,,,,,,,
2026-10-02,CIXF11,CIX RETROFIT FUNDO DE INVESTIMENTO IMOBILIÁRIO RESPONSABILIDADE LIMITADA,,,,,,,,,,
2026-10-02,PDBM11,CLASSE A DE COTAS DO SINAL RJDI - BRASIL MALLS FUNDO DE INVESTIMENTO IMOBILIÁRIO RESP LIMITADA,,,,,,,,,,
2026-10-02,CLIN11,CLAVE ÍNDICES DE PREÇOS FUNDO DE INVESTIMENTO IMOBILIÁRIO RESPONSABILIDADE LIMITADA,,,,,,,,,,
2026-10-02,CSMC11,COSMIC FUNDO DE INVESTIMENTO IMOBILIÁRIO DE RESPONSABILIDADE LIMITADA,,,,,,,,,,
2026-10-02,RENV11,CPV ENERGIA FUNDO DE INVESTIMENTO IMOBILIÁRIO RESPONSABILIDADE LIMITADA,,,,,,,,,,
2026-10-02,IBCR11,CRI INTEGRAL BREI FUNDO DE INVESTIMENTO IMOBILIÁRIO RESPONSABILIDADE LIMITADA,,,,,,,,,,
2026-10-02,CVPR11,CVPAR FUNDO DE INVESTIMENTO IMOBILIÁRIO DE CRI RESPONSABILIDADE LIMITADA,,,,,,,,,,
2026-10-02,CYCR11,CYRELA CRÉDITO - FUNDO DE INVESTIMENTO IMOBILIÁRIO - RESPONSABILIDADE LIMITADA,,,,,,,,,,
2026-10-02,CYLD11,CYRELA DESENVOLVIMENTO LOGÍSTICO FUNDO DE INVESTIMENTO IMOBILIÁRIO RESPONSABILIDADE LIMITADA,,,,,,,,,,
2026-10-02,TVML11,D98 FUNDO DE INVESTIMENTO IMOBILIÁRIO RESPONSABILIDADE LIMITADA,,,,,,,,,,
2026-10-02,DAMA11,DAMA FUNDO DE INVESTIMENTO IMOBILIÁRIO RESPONSABILIDADE LIMITADA,,,,,,,,,,
2026-10-02,DAYM11,DAYCOVAL REAL ESTATE MULTIESTRATÉGIA FUNDO DE INVESTIMENTO IMOBILIÁRIO DE RESPONSABILIDADE LIMITADA,,,,,,,,,,
2026-10-02,ASRF11,DAYCOVAL RETROFITS I FUNDO DE INVESTIMENTO IMOBILIÁRIO RESPONSABILIDADE LIMITADA,,,,,,,,,,
2026-10-02,DLMT11,DEL MONTE AJAX FUNDO DE INVESTIMENTO IMOBILIÁRIO - FII DE RESPONSABILIDADE LIMITADA,,,,,,,,,,
2026-10-02,DPRO11,DEVANT PROPERTIES FUNDO DE INVESTIMENTO IMOBILIÁRIO DE RESPONSABILIDADE LIMITADA,,,,,,,,,,
2026-10-02,DEVA11,DEVANT RECEBÍVEIS IMOBILIÁRIOS FUNDO DE INVESTIMENTO IMOBILIÁRIO RESPONSABILIDADE LIMITADA,,,,,,,,,,
2026-10-02,DAMT11,DIAMANTE FUNDO DE INVESTIMENTO IMOBILIÁRIO RESPONSABILIDADE LIMITADA,,,,,,,,,,
2026-10-02,DOVL11,DOVEL FUNDO DE INVESTIMENTO IMOBILIÁRIO - RESPONSABILIDADE LIMITADA,,,,,,,,,,
2026-10-02,EBTA11,EBT FUNDO DE INVESTIMENTO IMOBILIÁRIO,,,,,,,,,,
2026-10-02,EDGE11,EDGE FUNDO DE INVESTIMENTO IMOBILIÁRIO DE RESPONSABILIDADE LIMITADA,,,,,,,,,,
2026-10-02,EMET11,EMET MULTIESTRATÉGIA FUNDO DE INVESTIMENTO I MOBILIÁRIO RESPONSABILIDADE LIMITADA,,,,,,,,,,
2026-10-02,EGYR11,ENERGY RESORT FUNDO DE INVESTIMENTO IMOBILIÁRIO,,,,,,,,,,
2026-10-02,EQIR11,EQI RECEBÍVEIS IMOBILIÁRIOS FUNDO DE INVESTIMENTO IMOBILIÁRIO RESPONSABILIDADE LIMITADA,,,,,,,,,,
2026-10-02,ERCR11,ESTOQUE RESIDENCIAL E COMERCIAL RIO DE JANEIRO FUNDO DE INVESTIMENTO IMOBILIÁRIO - RESP LIMITADA,,,,,,,,,,
2026-10-02,ERPA11,EUROPA 105  FUNDO DE INVESTIMENTO IMOBILIÁRIO - RESPONSABILIDADE LIMITADA,,,,,,,,,,
2026-10-02,KEVE11,EVEN II KINEA FUNDO DE INVESTIMENTO IMOBILIÁRIO RESPONSABILIDADE LIMITADA,,,,,,,,,,
2026-10-02,EXES11,EXES FUNDO DE INVESTIMENTO IMOBILIÁRIO RESPONSABILIDADE LIMITADA,,,,,,,,,,
2026-10-02,FLCR11,FARIA LIMA CAPITAL RECEBÍVEIS IMOBILIÁRIOS I - FUNDO DE INVESTIMENTO IMOBILIÁRIO RESPONSABILIDADE LI,,,,,,,,,,
2026-10-02,FTRR11,FATOR RECEBÍVEIS IMOBILIÁRIOS FUNDO DE INVESTIMENTO IMOBILIÁRIO DE RESPONSABILIDADE LIMITADA,,,,,,,,,,
2026-10-02,VRTA11,FATOR VERITA FUNDO DE INVESTIMENTO IMOBILIARIO,,,,,,,,,,
2026-10-02,VRTM11,FATOR VERITÀ MULTIESTRATÉGIA FUNDO DE INVESTIMENTO IMOBILIÁRIO,,,,,,,,,,
2026-10-02,FTRE11,FIGTREE RENDA EDUCACIONAL FUNDO DE INVESTIMENTO IMOBILIÁRIO,,,,,,,,,,
2026-10-02,FLMA11,FII CONTINENTAL SQUARE FARIA LIMA - RESPONSABILIDADE LIMITADA,,,,,,,,,,
2026-10-02,EGDB11,FII DE DESENVOLVIMENTO DE ESCRITÓRIOS BOUTIQUE RESPONSABILIDADE LIMITADA,,,,,,,,,,
2026-10-02,ELDO11,FII ELDORADO FUNDO DE INVESTIMENTO IMOBILIÁRIO - RESPONSABILIDADE LIMITADA,,,,,,,,,,
2026-10-02,EURO11,FII EUROPAR RESPONSABILIDADE LIMITADA,,,,,,,,,,
2026-10-02,HYPI11,FII HIRE PROPERTIES I - FUNDO DE INVESTIMENTO IMOBILIÁRIO,,,,,,,,,,
2026-10-02,HRES11,FII HIRE RESIDENCIAL I - FUNDO DE INVESTIMENTO IMOBILIÁRIO,,,,,,,,,,
2026-10-02,FIIB11,FII INDUSTRIAL DO BRASIL RESPONSABILIDADE LIMITADA,,,,,,,,,,
2026-10-02,FMOF11,FII MEMORIAL OFFICE RESPONSABILIDADE LIMITADA,,,,,,,,,,
2026-10-02,ALMI11,FII TORRE ALMIRANTE,,,,,,,,,,
2026-10-02,FLNR11,FLORIANO FUNDO DE INVESTIMENTO IMOBILIÁRIO,,,,,,,,,,
2026-10-02,HLMB11,FRAM CAPITAL HELMER MULTIATIVOS RENDA PREFERENCIAL FUNDO DE INVESTIMENTO IMOBILIÁRIO,,,,,,,,,,
2026-10-02,KFOF11,FUNDO DE FUNDOS DE INVESTIMENTO IMOBILIÁRIO KINEA FII RESPONSABILIDADE LIMITADA,,,,,,,,,,
2026-10-02,DVFF11,FUNDO DE INVESTIMENTO IMOBILIÁRIO - DEVANT FUNDO DE FUNDOS IMOBILIÁRIOS DE RESPONSABILIDADE LIMITADA,,,,,,,,,,
2026-10-02,ANCR11,FUNDO DE INVESTIMENTO IMOBILIÁRIO - FII ANCAR IC - RESPONSABILIDADE LIMITADA,,,,,,,,,,
2026-10-02,FAED11,FUNDO DE INVESTIMENTO IMOBILIÁRIO - FII ANHANGUERA EDUCACIONAL RESPONSABILIDADE LIMITADA,,,,,,,,,,
2026-10-02,FCFL11,FUNDO DE INVESTIMENTO IMOBILIÁRIO - FII CAMPUS FARIA LIMA RESPONSABILIDADE LIMITADA,,,,,,,,,,
2026-10-02,CEOC11,FUNDO DE INVESTIMENTO IMOBILIÁRIO - FII CEO CYRELA COMMERCIAL PROPERTIES RESPONSABILIDADE LIMITADA,,,,,,,,,,
2026-10-02,FAMB11,FUNDO DE INVESTIMENTO IMOBILIÁRIO - FII EDIFÍCIO ALMIRANTE BARROSO RESPONSABILIDADE LIMITADA,,,,,,,,,,
2026-10-02,EDGA11,FUNDO DE INVESTIMENTO IMOBILIÁRIO - FII EDIFÍCIO GALERIA RESPONSABILIADADE LIMITADA,,,,,,,,,,
2026-10-02,FYTO11,FUNDO DE INVESTIMENTO IMOBILIÁRIO - FII FYTO RECEBÍVEIS IMOBILIÁRIOS RESPONSABILIDADE LIMITADA,,,,,,,,,,
2026-10-02,HCRI11,FUNDO DE INVESTIMENTO IMOBILIÁRIO - FII HOSPITAL DA CRIANÇA RESPONSABILIDADE LIMITADA,,,,,,,,,,
2026-10-02,NSLU11,FUNDO DE INVESTIMENTO IMOBILIÁRIO - FII HOSPITAL NOSSA SENHORA DE LOURDES RESPONSABILIDADE LIMITADA,,,,,,,,,,
2026-10-02,MAXR11,FUNDO DE INVESTIMENTO IMOBILIÁRIO - FII MAX RETAIL RESPONSABILIDADE LIMITADA,,,,,,,,,,
2026-10-02,PQDP11,FUNDO DE INVESTIMENTO IMOBILIÁRIO - FII PARQUE DOM PEDRO SHOPPING CENTER RESPONSABILIDADE LIMITADA,,,,,,,,,,
2026-10-02,RBRR11,FUNDO DE INVESTIMENTO IMOBILIÁRIO - FII PATRIA RENDIMENTO HIGH GRADE RESPONSABILIDADE LIMITADA,,,,,,,,,,
2026-10-02,RBRI11,FUNDO DE INVESTIMENTO IMOBILIÁRIO - FII RBR DESENVOLVIMENTO III RESPONSABILIDADE LIMITADA,,,,,,,,,,
2026-10-02,RDIV11,FUNDO DE INVESTIMENTO IMOBILIÁRIO - FII RBR DESENVOLVIMENTO IV RESPONSABILIDADE LIMITADA,,,,,,,,,,
2026-10-02,RECR11,FUNDO DE INVESTIMENTO IMOBILIÁRIO - FII REC RECEBÍVEIS IMOBILIÁRIOS - RESPONSABILIDADE LIMITADA,,,,,,,,,,
2026-10-02,RECT11,FUNDO DE INVESTIMENTO IMOBILIÁRIO - FII REC RENDA IMOBILIÁRIA - RESPONSABILIDADE LIMITADA,,,,,,,,,,
2026-10-02,SHDP11,FUNDO DE INVESTIMENTO IMOBILIÁRIO - FII SHOPPING PARQUE D. PEDRO RESPONSABILIDADE LIMITADA,,,,,,,,,,
2026-10-02,TRNT11,FUNDO DE INVESTIMENTO IMOBILIÁRIO - FII TORRE NORTE,,,,,,,,,,
2026-10-02,APXR11,FUNDO DE INVESTIMENTO IMOBILIÁRIO APEX REALTY - FII,,,,,,,,,,
2026-10-02,AUMT11,FUNDO DE INVESTIMENTO IMOBILIÁRIO AURUM TERRA RESPONSABILIDADE LIMITADA,,,,,,,,,,
2026-10-02,BRHT11,FUNDO DE INVESTIMENTO IMOBILIÁRIO BR HOTÉIS,,,,,,,,,,
2026-10-02,BRCQ11,FUNDO DE INVESTIMENTO IMOBILIÁRIO BRC-IV DESENVOLVIMENTO RESPONSABILIDADE LIMITADA,,,,,,,,,,
2026-10-02,CXAG11,FUNDO DE INVESTIMENTO IMOBILIÁRIO CAIXA AGÊNCIAS - RESPONSABILIDADE LIMITADA,,,,,,,,,,
2026-10-02,CXCI11,FUNDO DE INVESTIMENTO IMOBILIÁRIO CAIXA CARTEIRA IMOBILIÁRIA RESPONSABILIDADE LIMITADA,,,,,,,,,,
2026-10-02,CXCE11,FUNDO DE INVESTIMENTO IMOBILIÁRIO CAIXA CEDAE RESPONSABILIDADE LIMITADA,,,,,,,,,,
2026-10-02,CXTL11,FUNDO DE INVESTIMENTO IMOBILIARIO CAIXA SEQ LOGISTICA RENDA RESPONSABILIDADE LIMITADA,,,,,,,,,,
2026-10-02,IDUA11,FUNDO DE INVESTIMENTO IMOBILIÁRIO DE UNIDADES AUTÔNOMAS IV,,,,,,,,,,
2026-10-02,LKDV11,FUNDO DE INVESTIMENTO IMOBILIÁRIO DEVELOPMENT V1 RESPONSABILIDADE LIMITADA,,,,,,,,,,
2026-10-02,EDFO11,FUNDO DE INVESTIMENTO IMOBILIÁRIO EDIFÍCIO OURINVEST - RESPONSABILIDADE LIMITADA,,,,,,,,,,
2026-10-02,NVHO11,FUNDO DE INVESTIMENTO IMOBILIÁRIO FII NOVO HORIZONTE - RESPONSABILIDADE LIMITADA,,,,,,,,,,
2026-10-02,GTWR11,FUNDO DE INVESTIMENTO IMOBILIÁRIO GREEN TOWERS RESPONSABILIDADE LIMITADA,,,,,,,,,,
2026-10-02,HBCR11,FUNDO DE INVESTIMENTO IMOBILIÁRIO HBC RENDA URBANA,,,,,,,,,,
2026-10-02,HUCG11,FUNDO DE INVESTIMENTO IMOBILIÁRIO HOSPITAL UNIMED CAMPINA GRANDE RESPONSABILIDADE LIMITADA,,,,,,,,,,
2026-10-02,HUSC11,FUNDO DE INVESTIMENTO IMOBILIARIO HOSPITAL UNIMED SUL CAPIXABA,,,,,,,,,,
2026-10-02,HOSI11,FUNDO DE INVESTIMENTO IMOBILIÁRIO HOUSI RESPONSABILIDADE LIMITADA,,,,,,,,,,
2026-10-02,FINF11,FUNDO DE INVESTIMENTO IMOBILIÁRIO INFRA REAL ESTATE - FII RESPONSABILIDADE LIMITADA,,,,,,,,,,
2026-10-02,BLUE11,FUNDO DE INVESTIMENTO IMOBILIÁRIO MACAM SHOPPING RESPONSABILIDADE LIMITADA,,,,,,,,,,
2026-10-02,MMPD11,FUNDO DE INVESTIMENTO IMOBILIÁRIO MAUÁ CAPITAL MPD DESENVOLVIMENTO RESIDENCIAL RESP LIMITADA,,,,,,,,,,
2026-10-02,MCCI11,FUNDO DE INVESTIMENTO IMOBILIÁRIO MAUÁ CAPITAL RECEBÍVEIS IMOBILIÁRIOS - FII RESPONSABILIDADE LIMITA,,,,,,,,,,
2026-10-02,WTSP11,FUNDO DE INVESTIMENTO IMOBILIÁRIO OURINVEST RE I - RESPONSABILIDADE LIMITADA,,,,,,,,,,
2026-10-02,PABY11,FUNDO DE INVESTIMENTO IMOBILIÁRIO PANAMBY,,,,,,,,,,
2026-10-02,RBRY11,FUNDO DE INVESTIMENTO IMOBILIÁRIO PATRIA CRÉDITO IMOBILIÁRIO ESTRUTURADO RESPONSABILIDADE LIMITADA,,,,,,,,,,
2026-10-02,RBRP11,FUNDO DE INVESTIMENTO IMOBILIÁRIO PATRIA PROPERTIES - FII RESPONSABILIDADE LIMITADA,,,,,,,,,,
2026-10-02,VTPA11,FUNDO DE INVESTIMENTO IMOBILIÁRIO PATRIMONIAL V RESPONSABILIDADE LIMITADA,,,,,,,,,,
2026-10-02,FPNG11,FUNDO DE INVESTIMENTO IMOBILIÁRIO PEDRA NEGRA RENDA IMOBILIÁRIA - RESPONSABILIDADE LIMITADA,,,,,,,,,,
2026-10-02,VTPL11,FUNDO DE INVESTIMENTO IMOBILIÁRIO PLUS RESPONSABILIDADE LIMITADA,,,,,,,,,,
2026-10-02,ESTQ11,FUNDO DE INVESTIMENTO IMOBILIARIO POLO ESTOQUE II RESPONSABILIDADE LIMITADA,,,,,,,,,,
2026-10-02,VPSI11,FUNDO DE INVESTIMENTO IMOBILIÁRIO POLO SHOPPING INDAIATUBA - RESPONSABILIDADE LIMITADA,,,,,,,,,,
2026-10-02,RRES11,FUNDO DE INVESTIMENTO IMOBILIÁRIO RIVIERA RESIDENCIAL - RESPONSABILIDADE LIMITADA,,,,,,,,,,
2026-10-02,RZRM11,FUNDO DE INVESTIMENTO IMOBILIÁRIO RIZA MALLS RPPS - RESPONSABILIDADE LIMITADA,,,,,,,,,,
2026-10-02,RZTR11,FUNDO DE INVESTIMENTO IMOBILIÁRIO RIZA TERRAX RESPONSABILIDADE LIMITADA,,,,,,,,,,
2026-10-02,ROOF11,FUNDO DE INVESTIMENTO IMOBILIÁRIO ROOFTOP I RESPONSABILIDADE LIMITADA,,,,,,,,,,
2026-10-02,HOMS11,FUNDO DE INVESTIMENTO IMOBILIÁRIO ROOFTOP III RESPONSABILIDADE LIMITADA,,,,,,,,,,
2026-10-02,FISC11,FUNDO DE INVESTIMENTO IMOBILIÁRIO SC 401 - RESPONSABILIDADE LIMITADA,,,,,,,,,,
2026-10-02,SAIC11,FUNDO DE INVESTIMENTO IMOBILIARIO SIA CORPORATE RESPONSABILIDADE LIMITADA,,,,,,,,,,
2026-10-02,SMRE11,FUNDO DE INVESTIMENTO IMOBILIÁRIO SMART REAL ESTATE - FII RESPONSABILIDADE LIMITADA,,,,,,,,,,
2026-10-02,SOFF11,FUNDO DE INVESTIMENTO IMOBILIÁRIO SOFIA,,,,,,,,,,
2026-10-02,SPVJ11,FUNDO DE INVESTIMENTO IMOBILIÁRIO SUCCESPAR VAREJO RESPONSABILIDADE LIMITADA,,,,,,,,,,
2026-10-02,TGAR11,FUNDO DE INVESTIMENTO IMOBILIÁRIO TG ATIVO REAL - RESPONSABILIDADE LIMITADA,,,,,,,,,,
2026-10-02,TRCO11,FUNDO DE INVESTIMENTO IMOBILIÁRIO TORRE RIO CLARO OFFICES - RESPONSABILIDADE LIMITADA,,,,,,,,,,
2026-10-02,TRUE11,FUNDO DE INVESTIMENTO IMOBILIÁRIO TRUE MULTIESTRATÉGIA - RESPONSABILIDADE LIMITADA,,,,,,,,,,
2026-10-02,LVBI11,FUNDO DE INVESTIMENTO IMOBILIÁRIO VBI LOGÍSTICO - RESPONSABILIDADE LIMITADA,,,,,,,,,,
2026-10-02,PVBI11,FUNDO DE INVESTIMENTO IMOBILIÁRIO VBI PRIME PROPERTIES - RESPONSABILIDADE LIMITADA,,,,,,,,,,
2026-10-02,VERE11,FUNDO DE INVESTIMENTO IMOBILIÁRIO VEREDA - FII RESPONSABILIDADE LIMITADA,,,,,,,,,,
2026-10-02,FIVN11,FUNDO DE INVESTIMENTO IMOBILIÁRIO VIDA NOVA - FII - RESPONSABILIDADE LIMITADA,,,,,,,,,,
2026-10-02,VSHO11,FUNDO DE INVESTIMENTO IMOBILIÁRIO VOTORANTIM SHOPPING,,,,,,,,,,
2026-10-02,BMLT11,FUNDO DE INVESTIMENTOS  IMOBILIÁRIOS DE PERMUTA FINANCEIRA LOTE5 MEZANINO RESPONSABILIDADE  LIMITADA,,,,,,,,,,
2026-10-02,FIIC11,FUNDO DE INVESTIMENTOS IMOBILIÁRIO DO CAMPREV PARA SUSTENTABILIDADE PREVIDENCIÁRIA DO MUNICÍPIO,,,,,,,,,,
2026-10-02,BSLT11,FUNDO DE INVESTIMENTOS IMOBILIÁRIOS DE PERMUTA FINANCEIRA LOTE5 (SENIOR) RESPONSABILIDADE LIMITADA,,,,,,,,,,
2026-10-02,TCIN11,G5 CIDADE NOVA FUNDO DE INVESTIMENTO IMOBILIÁRIO,,,,,,,,,,
2026-10-02,GCDL11,GALAPAGOS DESENVOLVIMENTO LOGÍSTICO FUNDO DE INVESTIMENTO IMOBILIÁRIO RESPONSABILIDADE LIMITADA,,,,,,,,,,
2026-10-02,GSRF11,GALAPAGOS DESENVOLVIMENTO RESIDENCIAL FUNDO DE INVESTIMENTO IMOBILIÁRIO RESPONSABILIDADE LIMITADA,,,,,,,,,,
2026-10-02,GFDL11,GALAPAGOS FEEDER DESENVOLVIMENTO LOGÍSTICO FUNDO DE INVESTIMENTO IMOBILIÁRIO RESPONSABILIDADE LIMITA,,,,,,,,,,
2026-10-02,GLPF11,GALAPAGOS FEEDER LOGÍSTICO FUNDO DE INVESTIMENTO IMOBILIÁRIO RESPONSABILIDADE LIMITADA,,,,,,,,,,
2026-10-02,GLCR11,GALAPAGOS HEDGE FUND FUNDO DE INVESTIMENTO IMOBILIÁRIO RESPONSABILIDADE LIMITADA,,,,,,,,,,
2026-10-02,GCRI11,GALAPAGOS RECEBÍVEIS IMOBILIÁRIOS FUNDO DE INVESTIMENTO IMOBILIÁRIO RESPONSABILIDADE LIMITADA,,,,,,,,,,
2026-10-02,GCOI11,GALAPAGOS SPECIAL OPORTUNITIES FUNDO DE INVESTIMENTO IMOBILIÁRIO,,,,,,,,,,
2026-10-02,GZIT11,GAZIT MALLS FUNDO DE INVESTIMENTO IMOBILIÁRIO RESPONSABILIDADE LIMITADA,,,,,,,,,,
2026-10-02,FIGS11,GENERAL SHOPPING ATIVO E RENDA FUNDO DE INVESTIMENTO IMOBILIÁRIO DE RESPONSABILIDADE LIMITADA,,,,,,,,,,
2026-10-02,GSFI11,GENERAL SHOPPING E OUTLETS DO BRASIL FUNDO DE INVESTIMENTO IMOBILIÁRIO RESPONSABILIDADE LIMITADA,,,,,,,,,,
2026-10-02,VXXV11,GENESIS MULTIESTRATÉGIA FUNDO DE INVESTIMENTO IMOBILIÁRIO - FII -  RESPONSABILIDADE LIMITADA,,,,,,,,,,
2026-10-02,ABCP11,GRAND PLAZA SHOPPING FUNDO DE INVESTIMENTO IMOBILIÁRIO - RESPONSABILIDADE LIMITADA,,,,,,,,,,
2026-10-02,GRAV11,GRAVATAÍ SHOPPING FUNDO DE INVESTIMENTO IMOBILIÁRIO DE RESPONSABILIDADE LIMITADA,,,,,,,,,,
2026-10-02,RCFA11,GRUPO RCFA FUNDO DE INVESTIMENTO IMOBILIARIO,,,,,,,,,,
2026-10-02,GAME11,GUARDIAN MULTIESTRATÉGIA IMOBILIÁRIA I FII DE RESPONSABILIDADE LIMITADA,,,,,,,,,,
2026-10-02,GARE11,GUARDIAN REAL ESTATE FUNDO DE INVESTIMENTO IMOBILIÁRIO DE RESPONSABILIDADE LIMITADA,,,,,,,,,,
2026-10-02,HABT11,HABITAT RECEBÍVEIS PULVERIZADOS FUNDO DE INVESTIMENTO IMOBILIÁRIO RESPONSABILIDADE LIMITADA,,,,,,,,,,
2026-10-02,ATCR11,HAZ FUNDO DE INVESTIMENTO IMOBILIÁRIO,,,,,,,,,,
2026-10-02,HCTB11,HCO CURITIBA I FUNDO DE INVESTIMENTO IMOBILIÁRIO DE RESPONSABILIDADE LIMITADA,,,,,,,,,,
2026-10-02,AERO11,HCO OPPS AERO I FII DE RESPONSABILIDADE LIMITADA,,,,,,,,,,
2026-10-02,HCTR11,HECTARE CE FUNDO DE INVESTIMENTO IMOBILIÁRIO RESPONSABILIDADE LIMITADA,,,,,,,,,,
2026-10-02,HCST11,HECTARE DESENVOLVIMENTO STUDENT HOUSING - FUNDO DE INVESTIMENTO IMOBILIÁRIO RESPONSABILIDADE LIMITAD,,,,,,,,,,
2026-10-02,HAAA11,HEDGE AAA FUNDO DE INVESTIMENTO IMOBILIÁRIO DE RESPONSABILIDADE LIMITADA,,,,,,,,,,
2026-10-02,ATSA11,HEDGE ATRIUM SHOPPING SANTO ANDRÉ FUNDO DE INVESTIMENTO IMOBILIÁRIO DE RESPONSABILIDADE LIMITADA,,,,,,,,,,
2026-10-02,HGBL11,HEDGE BRASIL LOGÍSTICO INDUSTRIAL FUNDO DE INVESTIMENTO IMOBILIÁRIO DE RESPONSABILIDADE LIMITADA,,,,,,,,,,
2026-10-02,HGBS11,HEDGE BRASIL SHOPPING FUNDO DE INVESTIMENTO IMOBILIÁRIO DE RESPONSABILIDADE LIMITADA,,,,,,,,,,
2026-10-02,HDEL11,HEDGE DESENVOLVIMENTO LOGÍSTICO FUNDO DE INVESTIMENTO IMOBILIÁRIO DE RESPONSABILIDADE LIMITADA,,,,,,,,,,
2026-10-02,FLRP11,HEDGE FLORIPA SHOPPING FUNDO DE INVESTIMENTO IMOBILIÁRIO DE RESPONSABILIDADE LIMITADA,,,,,,,,,,
2026-10-02,HJCT11,HEDGE JHSF CAPITAL PRIME OFFICES FUNDO DE INVESTIMENTO IMOBILIÁRIO DE RESPONSABILIDADE LIMITADA,,,,,,,,,,
2026-10-02,HLOG11,HEDGE LOGÍSTICA FUNDO DE INVESTIMENTO IMOBILIÁRIO DE RESPONSABILIDADE LIMITADA,,,,,,,,,,
2026-10-02,HOFC11,HEDGE OFFICE INCOME FUNDO DE INVESTIMENTO IMOBILIÁRIO DE RESPONSABILIDADE LIMITADA,,,,,,,,,,
2026-10-02,HDOF11,HEDGE PALADIN DESIGN OFFICES FUNDO DE INVESTIMENTO IMOBILIÁRIO DE RESPONSABILIDADE LIMITADA,,,,,,,,,,
2026-10-02,HRDF11,HEDGE REALTY DEVELOPMENT FUNDO DE INVESTIMENTO IMOBILIÁRIO DE RESPONSABILIDADE LIMITADA,,,,,,,,,,
2026-10-02,HREC11,HEDGE RECEBÍVEIS IMOBILIÁRIOS FUNDO DE INVESTIMENTO IMOBILIÁRIO DE RESPONSABILIDADE LIMITADA,,,,,,,,,,
2026-10-02,SEED11,HEDGE SEED FUNDO DE INVESTIMENTO IMOBILIARIO DE RESPONSABILIDADE LIMITADA,,,,,,,,,,
2026-10-02,HPDP11,HEDGE SHOPPING PARQUE DOM PEDRO FUNDO DE INVESTIMENTO IMOBILIÁRIO DE RESPONSABILIDADE LIMITADA,,,,,,,,,,
2026-10-02,STRY11,HEDGE STRATEGY FUNDO DE INVESTIMENTO IMOBILIÁRIO DE RESPONSABILIDADE LIMITADA,,,,,,,,,,
2026-10-02,HFOF11,HEDGE TOP FOFII 3 FUNDO DE INVESTIMENTO IMOBILIÁRIO DE RESPONSABILIDADE LIMITADA,,,,,,,,,,
2026-10-02,VGRH11,HEDGE VGR CRÉDITO FUNDO DE INVESTIMENTO IMOBILIÁRIO DE RESPONSABILIDADE LIMITADA,,,,,,,,,,
2026-10-02,YEES11,HEDGE YEES HABITAÇÕES ECONÔMICAS FUNDO DE INVESTIMENTO IMOBILIÁRIO DE RESPONSABILIDADE LIMITADA,,,,,,,,,,
2026-10-02,HGIC11,HGI CRÉDITOS IMOBILIÁRIOS FUNDO DE INVESTIMENTO IMOBILIÁRIO RESPONSABILIDADE LIMITADA,,,,,,,,,,
2026-10-02,HIRE11,HIRE FUNDO DE INVESTIMENTO IMOBILIÁRIO RESPONSABILIDADE LIMITADA,,,,,,,,,,
2026-10-02,HILG11,HIRE LOG I - FUNDO DE INVESTIMENTO IMOBILIÁRIO,,,,,,,,,,
2026-10-02,HTMX11,HOTEL MAXINVEST FUNDO DE INVESTIMENTO IMOBILIÁRIO RESPONSABILIDADE LIMITADA,,,,,,,,,,
2026-10-02,HSAF11,HSI ATIVOS FINANCEIROS FUNDO DE INVESTIMENTO IMOBILIÁRIO DE RESP LIMITADA,,,,,,,,,,
2026-10-02,HSLG11,HSI LOGÍSTICA FUNDO DE INVESTIMENTO IMOBILIÁRIO DE RESP LIMITADA,,,,,,,,,,
2026-10-02,HSML11,HSI MALLS FUNDO DE INVESTIMENTO IMOBILIÁRIO DE RESPONSABILIDADE LIMITADA,,,,,,,,,,
2026-10-02,HUSI11,HUSI FUNDO DE INVESTIMENTO IMOBILIÁRIO,,,,,,,,,,
2026-10-02,IVCI11,ICATU VANGUARDA CRÉDITO IMOBILIÁRIO FUNDO DE INVESTIMENTO IMOBILIÁRIO - RESPONSABILIDADE LIMITADA,,,,,,,,,,
2026-10-02,GRUL11,ICATU VANGUARDA GRU  LOGÍSTICO FUNDO DE INVESTIMENTO IMOBILIÁRIO - RESPONSABILIDADE LIMITADA,,,,,,,,,,
2026-10-02,ICNE11,ÍCONE - FUNDO DE INVESTIMENTO IMOBILIÁRIO RESPONSABILIDADE LIMITADA,,,,,,,,,,
2026-10-02,IMMB11,IMMOBINVEST FUNDO DE INVESTIMENTO IMOBILIÁRIO RESPONSABILIDADE LIMITADA,,,,,,,,,,
2026-10-02,INDE11,INTER DESENVOLVIMENTO FUNDO DE INVESTIMENTO IMOBILIÁRIO RESPONSABILIDADE LIMITADA,,,,,,,,,,
2026-10-02,INHF11,INTER HEDGE FUNDO DE INVESTIMENTO IMOBILIÁRIO - RESPONSABILIDADE LIMITADA,,,,,,,,,,
2026-10-02,INLG11,INTER LOGÍSTICO FUNDO DE INVESTIMENTO IMOBILIÁRIO FII RESPONSABILIDADE LIMITADA,,,,,,,,,,
2026-10-02,INRD11,INTER RESIDENCE FUNDO DE INVESTIMENTO IMOBILIÁRIO FII RESPONSABILIDADE LIMITADA,,,,,,,,,,
2026-10-02,ITIP11,INTER TEVA ÍNDICE DE PAPEL FUNDO DE INVESTIMENTO IMOBILIÁRIO FII RESPONSABILIDADE LIMITADA,,,,,,,,,,
2026-10-02,ITIT11,INTER TEVA ÍNDICE DE TIJOLO FUNDO DE INVESTIMENTO IMOBILIÁRIO FII RESPONSABILIDADE LIMITADA,,,,,,,,,,
2026-10-02,IBBP11,INVISTA BRAZILIAN BUSINESS PARK FUNDO DE INVESTIMENTO IMOBILIÁRIO,,,,,,,,,,
2026-10-02,IVBP11,INVISTA BUSINESS PARK FUNDO DE INVESTIMENTO IMOBILIÁRIO RESPONSABILIDADE LIMITADA,,,,,,,,,,
2026-10-02,XPIN11,INVISTA INDUSTRIAL FUNDO DE INVESTIMENTO IMOBILIÁRIO,,,,,,,,,,
2026-10-02,IRIM11,IRIDIUM FUNDO DE INVESTIMENTO IMOBILIÁRIO RESPONSABILIDADE LIMITADA,,,,,,,,,,
2026-10-02,ICDI11,ITAÚ CRÉDITO IMOBILIÁRIO CDI FUNDO DE INVESTIMENTO IMOBILIÁRIO RESPONSABILIDADE LIMITADA,,,,,,,,,,
2026-10-02,ICRI11,ITAÚ CRÉDITO IMOBILIÁRIO IPCA FUNDO DE INVESTIMENTO IMOBILIÁRIO RESPONSABILIDADE LIMITADA,,,,,,,,,,
2026-10-02,ILOG11,ITAÚ RBR DESENVOLVIMENTO LOGÍSTICO - FUNDO DE INVESTIMENTO IMOBILIÁRIO RESPONSABILIDADE LIMITADA,,,,,,,,,,
2026-10-02,TMPS11,ITAÚ TEMPUS FUNDO DE INVESTIMENTO IMOBILIÁRIO RESPONSABILIDADE LIMITADA,,,,,,,,,,
2026-10-02,ITRI11,ITAÚ TOTAL RETURN FUNDO DE INVESTIMENTO IMOBILIÁRIO RESPONSABILIDADE LIMITADA,,,,,,,,,,
2026-10-02,JCDB11,JACARANDÁ 02 FUNDO DE INVESTIMENTO IMOBILIÁRIO RESPONSABILIDADE LIMITADA,,,,,,,,,,
2026-10-02,JCDA11,JACARANDÁ I FUNDO DE INVESTIMENTO IMOBILIÁRIO - RESPONSABILIDADE LIMITADA,,,,,,,,,,
2026-10-02,JASC11,JASC RENDA VAREJO ESSENCIAL FUNDO DE INVESTIMENTO IMOBILIÁRIO RESPONSABILIDADE LIMITADA,,,,,,,,,,
2026-10-02,VJFD11,JFDCAM - FUNDO DE INVESTIMENTO IMOBILIÁRIO - FII - RESPONSABILIDADE LIMITADA,,,,,,,,,,
2026-10-02,JFLL11,JFL LIVING FUNDO DE INVESTIMENTO IMOBILIÁRIO RESPONSABILIDADE LIMITADA,,,,,,,,,,
2026-10-02,JFLR11,JFL REAL ESTATE FUNDO DE INVESTIMENTO IMOBILIÁRIO,,,,,,,,,,
2026-10-02,JCCJ11,JHSF CAPITAL MALLS - FUNDO DE INVESTIMENTO IMOBILIÁRIO RESPONSABILIDADE LIMITADA,,,,,,,,,,
2026-10-02,JCSC11,JHSF CAPITAL SCJ FUNDO DE INVESTIMENTO IMOBILIÁRIO - RESPONSABILIDADE LIMITADA,,,,,,,,,,
2026-10-02,JPPA11,JPP CAPITAL RECEBÍVEIS IMOBILIÁRIOS FUNDO DE INVESTIMENTO IMOBILIÁRIO DE  RESPONSABILIDADE LIMITADA,,,,,,,,,,
2026-10-02,JPRD11,JPR DS FUNDO DE INVESTIMENTO IMOBILIÁRIO DE RESPONSABILIDADE LIMITADA,,,,,,,,,,
2026-10-02,JSAF11,JS ATIVOS FINANCEIROS FUNDO DE INVESTIMENTO IMOBILIÁRIO - RESPONSABILIDADE LIMITADA,,,,,,,,,,
2026-10-02,JSRE11,JS REAL ESTATE MULTIGESTÃO FUNDO DE INVESTIMENTO IMOBILIÁRIO - RESPONSABILIDADE LIMITADA,,,,,,,,,,
2026-10-02,JSCR11,JS RECEBÍVEIS IMOBILIÁRIOS FUNDO DE INVESTIMENTO IMOBILIÁRIO,,,,,,,,,,
2026-10-02,JTPR11,JT PREV FUNDO DE INVESTIMENTO IMOBILIÁRIO D. HAB,,,,,,,,,,
2026-10-02,BGS1,JUBARTE BGS LOGÍSTICA DE GRÃOS DESENVOLVIMENTO FII RESPONSABILIDADE LIMITADA,,,,,,,,,,
2026-10-02,KISU11,KILIMA FUNDO DE INVESTIMENTO EM COTAS DE FUNDOS IMOBILIÁRIOS SUNO 30 RESPONSABILIDADE LIMITADA,,,,,,,,,,
2026-10-02,KIVO11,KILIMA VOLKANO RECEBÍVEIS IMOBILIÁRIOS FUNDO DE INVESTIMENTO IMOBILIÁRIO - RESPONSABILIDADE LIMITADA,,,,,,,,,,
2026-10-02,KRES11,KINEA AQUISIÇÕES RESIDENCIAIS FUNDO DE INVESTIMENTO IMOBILIÁRIO - RESPONSABILIDADE LIMITADA,,,,,,,,,,
2026-10-02,KCRE11,KINEA CREDITAS FUNDO DE INVESTIMENTO IMOBILIÁRIO RESPONSABILIDADE LIMITADA,,,,,,,,,,
2026-10-02,KNGR11,KINEA DESENVOLVIMENTO GUARARÁ FUNDO DE INVESTIMENTO IMOBILIÁRIO RESPONSABILIDADE LIMITADA,,,,,,,,,,
2026-10-02,KGUJ11,KINEA DESENVOLVIMENTO GUARARÁ JARDINS FUNDO DE INVESTIMENTO IMOBILIÁRIO RESPONSABILIDADE LIMITADA,,,,,,,,,,
2026-10-02,KLOG11,KINEA DESENVOLVIMENTO LOGÍSTICO FUNDO DE INVESTIMENTO IMOBILIÁRIO RESPONSABILIDADE LIMITADA,,,,,,,,,,
2026-10-02,KDLG11,KINEA DESENVOLVIMENTO LOGÍSTICO II FUNDO DE INVESTIMENTO IMOBILIÁRIO RESPONSABILIDADE LIMITADA,,,,,,,,,,
2026-10-02,KFEN11,KINEA FÊNIX FUNDO DE INVESTIMENTO IMOBILIÁRIO - RESPONSABILIDADE LIMITADA,,,,,,,,,,
2026-10-02,KNHF11,KINEA HEDGE FUND FUNDO DE INVESTIMENTO IMOBILIÁRIO - RESPONSABILIDADE LIMITADA,,,,,,,,,,
2026-10-02,KNHY11,KINEA HIGH YIELD CRI FUNDO DE INVESTIMENTO IMOBILIÁRIO  RESPONSABILIDADE LIMITADA,,,,,,,,,,
2026-10-02,KNRE11,KINEA II REAL ESTATE EQUITY FUNDO DE INVESTIMENTO IMOBILIÁRIO RESPONSABILIDADE LIMITADA,,,,,,,,,,
2026-10-02,KNIP11,KINEA ÍNDICES DE PREÇOS FUNDO DE INVESTIMENTO IMOBILIÁRIO RESPONSABILIDADE LIMITADA,,,,,,,,,,
2026-10-02,KOIM11,KINEA OPORTUNIDADES IMOBILIÁRIAS FUNDO DE INVESTIMENTO IMOBILIÁRIO RESPONSABILIDADE LIMITADA,,,,,,,,,,
2026-10-02,KORE11,KINEA OPORTUNIDADES REAL ESTATE FUNDO DE INVESTIMENTO IMOBILIÁRIO - RESPONSABILIDADE LIMITADA,,,,,,,,,,
2026-10-02,KNPL11,KINEA PLATAFORMA RESIDENCIAL FUNDO DE INVESTIMENTO IMOBILIÁRIO RESPONSABILIDADE LIMITADA,,,,,,,,,,
2026-10-02,KNPR11,KINEA PREMIUM PROPERTIES FUNDO DE INVESTIMENTO IMOBILIÁRIO - RESPONSABILIDADE LIMITADA,,,,,,,,,,
2026-10-02,KPMR11,KINEA PRIME RESIDENCIAL I FUNDO DE INVESTIMENTO IMOBILIÁRIO DE RESPONSABILIDADE LIMITADA,,,,,,,,,,
2026-10-02,KPRP11,KINEA PRIME RESIDENCIAL I PVT FUNDO DE INVESTIMENTO IMOBILIÁRIO DE RESPONSABILIDADE LIMITADA,,,,,,,,,,
2026-10-02,KNRI11,KINEA RENDA IMOBILIÁRIA FUNDO DE INVESTIMENTO IMOBILIÁRIO RESPONSABILIDADE LIMITADA,,,,,,,,,,
2026-10-02,KNCR11,KINEA RENDIMENTOS IMOBILIÁRIOS FUNDO DE INVESTIMENTO IMOBILIÁRIO RESPONSABILIDADE LIMITADA,,,,,,,,,,
2026-10-02,KNSC11,KINEA SECURITIES FUNDO DE INVESTIMENTO IMOBILIÁRIO RESPONSABILIDADE LIMITADA,,,,,,,,,,
2026-10-02,KNUQ11,KINEA UNIQUE HY CDI FUNDO DE INVESTIMENTO IMOBILIÁRIO RESPONSABILIDADE LIMITADA,,,,,,,,,,
2026-10-02,LMAI11,LABINA MULTI ATIVOS IMOBILIÁRIOS - FUNDO DE INVESTIMENTO IMOBILIÁRIO RESPONSABILIDADE LIMITADA,,,,,,,,,,
2026-10-02,LPLP11,LAGO DA PEDRA - FUNDO DE INVESTIMENTO IMOBILIÁRIO  RESPONSABILIDADE LIMITADA,,,,,,,,,,
2026-10-02,SLDZ11,LAV SLDZ DESENVOLVIMENTO IMOBILIÁRIO FUNDO DE INVESTIMENTO IMOBILIÁRIO,,,,,,,,,,
2026-10-02,LRED11,LCP REAL ESTATE DEVELOPMENT FUNDO DE INVESTIMENTO IMOBILIÁRIO RESPONSABILIDADE LIMITADA,,,,,,,,,,
2026-10-02,LSOI11,LCP SPECIAL OPPORTUNITIES I FUNDO DE INVESTIMENTO IMOBILIÁRIO RESPONSABILIDADE LIMITADA,,,,,,,,,,
2026-10-02,LSII11,LCP SPECIAL OPPORTUNITIES II FUNDO DE INVESTIMENTO IMOBILIÁRIO RESPONSABILIDADE LIMITADA,,,,,,,,,,
2026-10-02,LSOP11,LCP SPECIAL OPPORTUNITIES III FUNDO DE INVESTIMENTO IMOBILIÁRIO RESPONSABILIDADE LIMITADA,,,,,,,,,,
2026-10-02,LRDI11,LEBLON REALTY DESENVOLVIMENTO I FUNDO DE INVESTIMENTO IMOBILIÁRIO RESPONSABILIDADE LIMITADA,,,,,,,,,,
2026-10-02,LASC11,LEGATUS FUNDO DE INVESTIMENTO IMOBILIÁRIO RESPONSABILIDADE LIMITADA,,,,,,,,,,
2026-10-02,LIFE11,LIFE CAPITAL PARTNERS FUNDO DE INVESTIMENTOS IMOBILIÁRIOS,,,,,,,,,,
2026-10-02,LOFT11,LOFT I FUNDO DE INVESTIMENTO IMOBILIÁRIO RESPONSABILIDADE LIMITADA,,,,,,,,,,
2026-10-02,MAGM11,MAG MULT FII RESPONSABILIDADE LIMITADA,,,,,,,,,,
2026-10-02,MANA11,MANATÍ CAPITAL HEDGE FUND FUNDO DE INVESTIMENTO IMOBILIÁRIO DE RESPONSABILIDADE LIMITADA,,,,,,,,,,
2026-10-02,MMVE11,MARESIAS FUNDO DE INVESTIMENTO IMOBILIÁRIO,,,,,,,,,,
2026-10-02,MCLO11,MAUÁ CAPITAL LOGÍSTICA FUNDO DE INVESTIMENTO IMOBILIÁRIO - RESPONSABILIDADE LIMITADA,,,,,,,,,,
2026-10-02,MCRE11,MAUÁ CAPITAL REAL ESTATE FUNDO DE INVESTIMENTO IMOBILIÁRIO RESPONSABILIDADE LIMITADA,,,,,,,,,,
2026-10-02,MXRF11,MAXI RENDA FUNDO DE INVESTIMENTO IMOBILIÁRIO - FII - RESPONSABILIDADE LIMITADA,,,,,,,,,,
2026-10-02,GANT11,MELLO  ALVES FUNDO DE INVESTIMENTO IMOBILIÁRIO - RESPONSABILIDADE LIMITADA,,,,,,,,,,
2026-10-02,MFII11,MERITO DESENVOLVIMENTO IMOBILIARIO I FII - FUNDO DE INVESTIMENTO IMOBILIARIO,,,,,,,,,,
2026-10-02,MIDW11,MIDWAY MALL FUNDO DE INVESTIMENTO IMOBILIÁRIO RESPONSABILIDADE LIMITADA,,,,,,,,,,
2026-10-02,MGRI11,MOGNO PROPERTIES FUNDO DE INVESTIMENTO IMOBILIÁRIO RESPONSABILIDADE LIMITADA,,,,,,,,,,
2026-10-02,MOSO11,MOSO FUNDO DE INVESTIMENTO IMOBILIÁRIO RESPONSABILIDADE LIMITADA,,,,,,,,,,
2026-10-02,MOFF11,MULTIOFFICES 2 - FUNDO DE INVESTIMENTO IMOBILIÁRIO - RESPONSABILIDADE LIMITADA,,,,,,,,,,
2026-10-02,NCRI11,NAVI CRÉDITO IMOBILIÁRIO FUNDO DE INVESTIMENTO IMOBILIÁRIO - RESPONSABILIDADE LIMITADA,,,,,,,,,,
2026-10-02,NAVT11,NAVI IMOBILIÁRIO TOTAL RETURN FUNDO DE INVESTIMENTO IMOBILIÁRIO RESPONSABILIDADE LIMITADA,,,,,,,,,,
2026-10-02,APTO11,NAVI RESIDENCIAL FUNDO DE INVESTIMENTO IMOBILIÁRIO - RESPONSABILIDADE  LIMITADA,,,,,,,,,,
2026-10-02,EAGL11,NEST EAGLE FUNDO DE INVESTIMENTO IMOBILIÁRIO DE RESPONSABILIDADE LIMITADA,,,,,,,,,,
2026-10-02,NEWL11,NEWPORT LOGÍSTICA FUNDO DE INVESTIMENTO IMOBILIÁRIO RESPONSABILIDADE LIMITADA,,,,,,,,,,
2026-10-02,NEWU11,NEWPORT RENDA URBANA FUNDO DE INVESTIMENTO IMOBILIÁRIO RESPONSABILIDADE LIMITADA,,,,,,,,,,
2026-10-02,NMKS11,NM KSM LOG FUNDO DE INVESTIMENTO IMOBILIÁRIO RESPONSABILIDADE LIMITADA,,,,,,,,,,
2026-10-02,NVIF11,NOVA I - FUNDO DE INVESTIMENTO IMOBILIÁRIO - RESPONSABILIDADE LIMITADA,,,,,,,,,,
2026-10-02,OCRE11,OCTO FUNDO DE INVESTIMENTO IMOBILIÁRIO RESPONSABILIDADE LIMITADA,,,,,,,,,,
2026-10-02,ONDA11,ONDA INVEST MULTIESTRATÉGIA FUNDO DE INVESTIMENTO IMOBILIÁRIO RESPONSABILIDADE LIMITADA,,,,,,,,,,
2026-10-02,ARRI11,OPEN K ATIVOS E RECEBIVEIS IMOBILIARIOS - FUNDO DE INVESTIMENTO IMOBILIARIO,,,,,,,,,,
2026-10-02,OBAL11,OPPORTUNITY BALASSIANO FUNDO DE INVESTIMENTO IMOBILIÁRIO -  RESPONSABILIDADE LIMITADA,,,,,,,,,,
2026-10-02,FTCE11,OPPORTUNITY FUNDO DE INVESTIMENTO IMOBILIÁRIO -  RESPONSABILIDADE LIMITADA,,,,,,,,,,
2026-10-02,OUJP11,OURINVEST JPP FUNDO DE INVESTIMENTO IMOBILIÁRIO DE  RESPONSABILIDADE LIMITADA,,,,,,,,,,
2026-10-02,OXRL11,OXIGÊNIO 2 FUNDO DE INVESTIMENTO IMOBILIÁRIO - RESPONSABILIDADE LIMITADA,,,,,,,,,,
2026-10-02,PNDL11,PANORAMA DESENVOLVIMENTO LOGÍSTICO - FUNDO DE INVESTIMENTO IMOBILIÁRIO - RESPONSABILIDADE LIMITADA,,,,,,,,,,
2026-10-02,PNLM11,PANORAMA LAST MILE SBC - FUNDO DE INVESTIMENTO IMOBILIÁRIO RESPONSABILIDADE LIMITADA,,,,,,,,,,
2026-10-02,PNPR11,PANORAMA PROPERTIES FUNDO DE INVESTIMENTO IMOBILIÁRIO,,,,,,,,,,
2026-10-02,PNRC11,PANORAMA REAL ESTATE CRÉDITO FUNDO DE INVESTIMENTO IMOBILIÁRIO RESPONSABILIDADE LIMITADA,,,,,,,,,,
2026-10-02,PMIS11,PARAMIS HEDGE FUND FUNDO DE INVESTIMENTO IMOBILIÁRIO - FII RESPONSABILIDADE LIMITADA,,,,,,,,,,
2026-10-02,VTVI11,PARKING PARTNERS FUNDO DE INVESTIMENTO IMOBILIÁRIO - FII - RESP LIMITADA,,,,,,,,,,
2026-10-02,PQAG11,PARQUE ANHANGUERA FUNDO DE INVESTIMENTO IMOBILIÁRIO DE RESPONSABILIDADE LIMITADA,,,,,,,,,,
2026-10-02,PATA11,PATAGÔNIA CAPITAL MULTIESTRATÉGIA FUNDO DE INVESTIMENTO IMOBILIÁRIO,,,,,,,,,,
2026-10-02,PATB11,PATEO BANDEIRANTES - FUNDO DE INVESTIMENTO IMOBILIÁRIO RESPONSABILIDADE LIMITADA,,,,,,,,,,
2026-10-02,PCIP11,PATRIA CRÉDITO IMOBILIÁRIO ÍNDICE DE PREÇOS FII - RESPONSABILIDADE LIMITADA,,,,,,,,,,
2026-10-02,RCFF11,PATRIA DESENVOLVIMENTO COMERCIAL FEEDER FOF - FUNDO DE INVESTIMENTO IMOBILIÁRIO RL,,,,,,,,,,
2026-10-02,PATC11,PÁTRIA EDIFÍCIOS CORPORATIVOS - FUNDO DE INVESTIMENTO IMOBILIÁRIO - RESPONSABILIDADE LIMITADA,,,,,,,,,,
2026-10-02,HGRE11,PATRIA ESCRITÓRIOS - FUNDO DE INVESTIMENTO IMOBILIÁRIO - RESPONSABILIDADE LIMITADA,,,,,,,,,,
2026-10-02,HGLG11,PÁTRIA LOG - FUNDO DE INVESTIMENTO IMOBILIÁRIO - RESPONSABILIDADE LIMITADA,,,,,,,,,,
2026-10-02,PLAG11,PATRIA LOGÍSTICA AGRO - FUNDO DE INVESTIMENTO IMOBILIÁRIO - RESPONSABILIDADE LIMITADA,,,,,,,,,,
2026-10-02,PATL11,PÁTRIA LOGÍSTICA FUNDO DE INVESTIMENTO IMOBILIÁRIO,,,,,,,,,,
2026-10-02,RBRL11,PATRIA LOGÍSTICA II FUNDO DE INVESTIMENTO IMOBILIÁRIO,,,,,,,,,,
2026-10-02,PMLL11,PATRIA MALLS FUNDO DE INVESTIMENTO IMOBILIÁRIO - RESPONSABILIDADE LIMITADA,,,,,,,,,,
2026-10-02,RBRX11,PATRIA PLUS MULTIESTRATÉGIA REAL ESTATE FUNDO DE INVESTIMENTO IMOBILIÁRIO RESPONSABILIDADE LIMITADA,,,,,,,,,,
2026-10-02,RBRK11,PATRIA PRIME OFFICES - FUNDO DE INVESTIMENTO IMOBILIÁRIO RESPONSABILIDADE LIMITADA,,,,,,,,,,
2026-10-02,HGCR11,PÁTRIA RECEBÍVEIS IMOBILIÁRIOS - FUNDO DE INVESTIMENTO IMOBILIÁRIO - RESPONSABILIDADE LIMITADA,,,,,,,,,,
2026-10-02,VCRR11,PATRIA RENDA RESIDENCIAL FUNDO DE  INVESTIMENTO IMOBILIÁRIO - RESPONSABILIDADE LIMITADA I FII,,,,,,,,,,
2026-10-02,HGRU11,PÁTRIA RENDA URBANA - FUNDO DE INVESTIMENTO IMOBILIÁRIO - RESPONSABILIDADE LIMITADA,,,,,,,,,,
2026-10-02,PSEC11,PATRIA SECURITIES FUNDO DE INVESTIMENTO IMOBILIÁRIO - RESPONSABILIDADE  LIMITADA,,,,,,,,,,
2026-10-02,TOPP11,PATRIA TOP OFFICES FUNDO DE INVESTIMENTO IMOBILIÁRIO RESPONSABILIDADE LIMITADA,,,,,,,,,,
2026-10-02,PEMA11,PERFORMA REAL ESTATE FUNDO DE INVESTIMENTO IMOBILIÁRIO - RESPONSABILIDADE LIMITADA,,,,,,,,,,
2026-10-02,PMRL11,PERMUTA RESIDENCIAL FUNDO DE INVESTIMENTO IMOBILIÁRIO RESPONSABILIDADE LIMITADA,,,,,,,,,,
2026-10-02,PRSN11,PERSONALE I FUNDO DE INVESTIMENTO IMOBILIÁRIO RESPONSABILIDADE LIMITADA,,,,,,,,,,
2026-10-02,PLTB11,PLT FUNDO DE INVESTIMENTO IMOBILIÁRIO,,,,,,,,,,
2026-10-02,PORD11,POLO CRÉDITO IMOBILIÁRIO - FUNDO DE INVESTIMENTO IMOBILIÁRIO - RESPONSABILIDADE LIMITADA,,,,,,,,,,
2026-10-02,PLRI11,POLO FII - FII RECEBÍVEIS IMOBILIÁRIOS I - RESPONSABILIDADE LIMITADA,,,,,,,,,,
2026-10-02,PCAS11,PRAIA DO CASTELO FUNDO DE INVESTIMENTO IMOBILIÁRIO,,,,,,,,,,
2026-10-02,PRSV11,PRESIDENTE VARGAS FUNDO DE INVESTIMENTO IMOBILIÁRIO DE RESPONSABILIDADE LIMITADA,,,,,,,,,,
2026-10-02,TSER11,PRIME OFFICES FUNDO DE  INVESTIMENTO IMOBILIÁRIO - RESPONSABILIDADE LIMITADA,,,,,,,,,,
2026-10-02,FPAB11,PROJETO ÁGUA BRANCA FUNDO DE INVESTIMENTO IMOBILIÁRIO RESPONSABILIDADE LIMITADA,,,,,,,,,,
2026-10-02,PBLV11,PROLOGIS BRAZIL LOGISTICS VENTURE FUNDO DE INVESTIMENTO IMOBILIÁRIO DE RESPONSABILIDADE LIMITADA,,,,,,,,,,
2026-10-02,QTZD11,QUARTZO REAL ESTATE DEVELOPMENT MULTIESTRATÉGIA FUNDO DE INVESTIMENTO IMOBILIÁRIO RESPONSABILIDADE L,,,,,,,,,,
2026-10-02,RZZV11,RAIZZ DESENVOLVIMENTO I FUNDO DE INVESTIMENTO IMOBILIÁRIO - FII RESPONSABILIDADE LIMITADA,,,,,,,,,,
2026-10-02,RZZI11,RAIZZ DESENVOLVIMENTO II FUNDO DE INVESTIMENTO IMOBILIÁRIO RESPONSABILIDADE LIMITADA,,,,,,,,,,
2026-10-02,RZZR11,RAIZZ RENDA LOGÍSTICA FUNDO DE INVESTIMENTO IMOBILIÁRIO RESPONSABILIDADE LIMITADA,,,,,,,,,,
2026-10-02,RZZE11,RAIZZ VILA VELHA FUNDO DE INVESTIMENTO IMOBILIÁRIO RESPONSABILIDADE LIMITADA,,,,,,,,,,
2026-10-02,RBDS11,RB CAPITAL DESENV. RESIDENCIAL II FUNDO DE INVESTIMENTO IMOBILIARIO - RESPONSABILIDADE LIMITADA,,,,,,,,,,
2026-10-02,RSPD11,RB CAPITAL DESENVOLVIMENTO RESIDENCIAL III FII - RESPONSABILIDADE LIMITADA,,,,,,,,,,
2026-10-02,RBIR11,RB CAPITAL DESENVOLVIMENTO RESIDENCIAL IV FUNDO DE INVESTIMENTO IMOBILIÁRIO - FII - RESP. LTDA.,,,,,,,,,,
2026-10-02,RFOF11,RB CAPITAL I FUNDO DE FUNDOS -RESPONSABILIDADE LIMITADA,,,,,,,,,,
2026-10-02,FIIP11,RB CAPITAL RENDA I FUNDO DE INVESTIMENTO IMOBILIARIO - FII - RESPONSABILIDADE LIMITADA,,,,,,,,,,
2026-10-02,RBRD11,RB CAPITAL RENDA II FII DE RESP LIMITADA,,,,,,,,,,
2026-10-02,DRIM11,RB DESENVOLVIMENTO RESIDENCIAL V FUNDO DE INVESTIMENTO IMOBILIÁRIO -RESPONSABILIDADE LIMITADA,,,,,,,,,,
2026-10-02,MTES11,RB INVESTIMENTOS MULTIESTRATÉGIA FUNDO DE INVESTIMENTO IMOBILIÁRIORESPONSABILIDADE LIMITADA,,,,,,,,,,
2026-10-02,RBLG11,RB LOGÍSTICO FUNDO DE INVESTIMENTO IMOBILIÁRIO - FII RESPONSABILIDADE LIMITADA,,,,,,,,,,
2026-10-02,REME11,RB MULTIESTRATÉGIA IMOBILIÁRIA FUNDO DE INVESTIMENTO IMOBILIÁRIO - RESPONSABILIDADE LIMITADA,,,,,,,,,,
2026-10-02,RBTS11,RB TFO SITUS FUNDO DE INVESTIMENTO IMOBILIÁRIO - FII - RESPONSABILIDADE LIMITADA,,,,,,,,,,
2026-10-02,RDCI11,RBR DESENVOLVIMENTO COMERCIAL I - FUNDO DE INVESTIMENTO IMOBILIÁRIO RESPONSABILIDADE LIMITADA,,,,,,,,,,
2026-10-02,RDLI11,RBR DESENVOLVIMENTO LOGÍSTICO I - FUNDO DE INVESTIMENTO IMOBILIÁRIO RESPONSABILIDADE LIMITADA,,,,,,,,,,
2026-10-02,SHIP11,RBR FLAGSHIP I FUNDO DE INVESTIMENTO IMOBILIÁRIO RESPONSABILIDADE LIMITADA,,,,,,,,,,
2026-10-02,BOAT11,RBR FLAGSHIP II FUNDO DE INVESTIMENTO IMOBILIÁRIO RESPONSABILIDADE LIMITADA,,,,,,,,,,
2026-10-02,RPRI11,RBR PREMIUM RECEBÍVEIS IMOBILIÁRIOS FUNDO DE INVESTIMENTO IMOBILIÁRIO RESPONSABILIDADE LIMITADA,,,,,,,,,,
2026-10-02,TPOS11,RBR TESOURARIA FII CDI+ FUNDO DE INVESTIMENTO IMOBILIÁRIO RESPONSABILIDADE LIMITADA,,,,,,,,,,
2026-10-02,TINF11,RBR TESOURARIA FII IPCA+ FUNDO DE INVESTIMENTO IMOBILIÁRIO RESPONSABILIDADE LIMITADA,,,,,,,,,,
2026-10-02,RINV11,REAL INVESTOR FUNDO DE INVESTIMENTO IMOBILIÁRIO RESPONSABILIDADE LIMITADA,,,,,,,,,,
2026-10-02,RCRI11,REAL INVESTOR RECEBÍVEIS IMOBILIÁRIOS FUNDO DE INVESTIMENTO IMOBILIÁRIO RESPONSABILIDADE LIMITADA,,,,,,,,,,
2026-10-02,RECD11,REC FUNDO DE CRI COTAS AMORTIZÁVEIS - FUNDO DE INVESTIMENTO IMOBILIÁRIO,,,,,,,,,,
2026-10-02,RMBS11,REC MASTER FUNDO DE CRI COTAS AMORTIZÁVEIS FII - RESPONSABILIDADE LIMITADA,,,,,,,,,,
2026-10-02,RECM11,REC MULTIESTRATÉGIA - FUNDO DE INVESTIMENTO IMOBILIÁRIO - RESPONSABILIDADE LIMITADA,,,,,,,,,,
2026-10-02,RSRV11,RESERVE FUNDO DE INVESTIMENTO IMOBILIÁRIO  RESPONSABILIDADE LIMITADA,,,,,,,,,,
2026-10-02,RBHG11,RIO BRAVO CRÉDITO IMOBILIÁRIO HIGH GRADE FUNDO DE INVESTIMENTO  IMOBILIÁRIO - FII RESP LIMITADA,,,,,,,,,,
2026-10-02,RBHY11,RIO BRAVO CRÉDITO IMOBILIÁRIO HIGH YIELD FUNDO DE INVESTIMENTO IMOBILIÁRIO - FII RESP LIMITADA,,,,,,,,,,
2026-10-02,RBFY11,RIO BRAVO FOR YOU FUNDO DE INVESTIMENTO IMOBILIÁRIO DE RESPONSABILIDADE LIMITADA,,,,,,,,,,
2026-10-02,RBFM11,RIO BRAVO MULTIESTRATÉGIA FUNDO DE INVESTIMENTO IMOBILIÁRIO DE RESPONSABILIDADE LIMITADA,,,,,,,,,,
2026-10-02,RBOP11,RIO BRAVO OPORTUNIDADES IMOBILIÁRIAS FUNDO DE INVESTIMENTO IMOBILIÁRIO DE RESPONSABILIDADE LIMITADA,,,,,,,,,,
2026-10-02,RCRB11,RIO BRAVO RENDA CORPORATIVA FUNDO DE INVESTIMENTO IMOBILIÁRIO - RESPONSABILIDADE LIMITADA,,,,,,,,,,
2026-10-02,RBRS11,RIO BRAVO RENDA RESIDENCIAL FUNDO DE INVESTIMENTO IMOBILIÁRIO DE RESPONSABILIDADE LIMITADA,,,,,,,,,,
2026-10-02,RBVA11,RIO BRAVO RENDA VAREJO FUNDO DE INVESTIMENTO IMOBILIÁRIO DE RESPONSABILIDADE LIMITADA,,,,,,,,,,
2026-10-02,RNGO11,RIO NEGRO FUNDO DE INVESTIMENTO IMOBILIÁRIO DE RESPONSABILIDADE LIMITADA,,,,,,,,,,
2026-10-02,FRRE11,RIO REAL  ESTATE FUNDO DE INVESTIMENTO IMOBILIÁRIO DE RESPONSABILIDADE LIMITADA,,,,,,,,,,
2026-10-02,RZAK11,RIZA AKIN FUNDO DE INVESTIMENTO IMOBILIÁRIO RESPONSABILIDADE LIMITADA,,,,,,,,,,
2026-10-02,RZAT11,RIZA ARCTIUM REAL ESTATE FII - FUNDO DE INVESTIMENTO IMOBILIÁRIO RESPONSABILIDADE LIMITADA,,,,,,,,,,
2026-10-02,RZLC11,RIZA LECCI FUNDO DE INVESTIMENTO IMOBILIÁRIO RESPONSABILIDADE LIMITADA,,,,,,,,,,
2026-10-02,RJDA11,RJDI FUNDO DE INVESTIMENTO IMOBILIÁRIO,,,,,,,,,,
2026-10-02,SAPI11,SANTANDER PAPÉIS IMOBILIÁRIOS FUNDO DE  INVESTIMENTO IMOBILIÁRIO - RESP LIMITADA,,,,,,,,,,
2026-10-02,FISD11,SÃO DOMINGOS - FUNDO DE INVESTIMENTO IMOBILIÁRIO - FII,,,,,,,,,,
2026-10-02,SCPF11,SCP FII - RESPONSABILIDADE LIMITADA,,,,,,,,,,
2026-10-02,SEQR11,SEQUÓIA III RENDA IMOBILIÁRIA FUNDO DE INVESTIMENTO IMOBILIÁRIO - RESPONSABILIDADE LIMITADA,,,,,,,,,,
2026-10-02,SHPH11,SHOPPING PÁTIO HIGIENÓPOLIS FUNDO DE INVESTIMENTO IMOBILIÁRIO DE RESPONSABILIDADE LIMITADA,,,,,,,,,,
2026-10-02,SHPP11,SHOPPING PÁTIO PAULISTA FUNDO DE INVESTIMENTO IMOBILIÁRIO RESPONSABILIDADE  LIMITADA,,,,,,,,,,
2026-10-02,WPLZ11,SHOPPING WEST PLAZA FUNDO DE INVESTIMENTO IMOBILIARIO DE RESPONSABILIDADE LIMITADA,,,,,,,,,,
2026-10-02,REIT11,SINGULARE FUNDO DE INVESTIMENTO IMOBILIÁRIO,,,,,,,,,,
2026-10-02,SJAU11,SJ AU LOGÍSTICA FUNDO DE INVESTIMENTO IMOBILIÁRIO RESPONSABILIDADE LIMITADA,,,,,,,,,,
2026-10-02,SOLR11,SOLARIUM FII - FUNDO DE INVESTIMENTO IMOBILIÁRIO,,,,,,,,,,
2026-10-02,SPTW11,SP DOWNTOWN FUNDO DE INVESTIMENTO IMOBILIÁRIO - FII,,,,,,,,,,
2026-10-02,SPAF11,SPA FUNDO DE INVESTIMENTO IMOBILIÁRIO - RESPONSABILIDADE LIMITADA,,,,,,,,,,
2026-10-02,LTMT11,SPECIALE BLUE REAL FUNDO DE INVESTIMENTO IMOBILIÁRIO DE RESPONSABILIDADE LIMITADA,,,,,,,,,,
2026-10-02,DVLP11,SPECIALE REAL ESTATE DEVELOPMENT FUNDO DE INVESTIMENTO IMOBILIÁRIO RESPONSABILIDADE LIMITADA,,,,,,,,,,
2026-10-02,DVLT11,SPECIALE REAL ESTATE DEVELOPMENT II FUNDO DE INVESTIMENTO  IMOBILIÁRIO DE RESPONSABILIDADE LIMITADA,,,,,,,,,,
2026-10-02,PMFO11,SPECIALE REAL ESTATE FUND OF FUNDS FUNDO DE INVESTIMENTO IMOBILIÁRIO DE RESPONSABILIDADE LIMITADA,,,,,,,,,,
2026-10-02,SPGM11,SPGM FUNDO DE INVESTIMENTO IMOBILIÁRIO,,,,,,,,,,
2026-10-02,SPG2,SPGM II FUNDO DE INVESTIMENTO IMOBILIÁRIO,,,,,,,,,,
2026-10-02,SPXM11,SPX REAL ESTATE DESENVOLVIMENTO DE GALPÕES LOGÍSTICOS FEEDER BRADESCO FII RESPONSABILIDADE LIMITADA,,,,,,,,,,
2026-10-02,SPXL11,SPX REAL ESTATE DESENVOLVIMENTO DE GALPÕES LOGÍSTICOS FEEDER INSTITUCIONAL FII RESP LIMITADA,,,,,,,,,,
2026-10-02,SPXG11,SPX REAL ESTATE DESENVOLVIMENTO DE GALPÕES LOGÍSTICOS FEEDER PRIVATE FII RESPONSABILIDADE LIMITADA,,,,,,,,,,
2026-10-02,SPXS11,SPX REAL ESTATE MULTIESTRATÉGIA FUNDO DE INVESTIMENTO IMOBILIÁRIO RESPONSABILIDADE LIMITADA,,,,,,,,,,
2026-10-02,SPXT11,SPX RENDA IMOBILIÁRIA III FUNDO DE INVESTIMENTO IMOBILIÁRIO RESPONSABILIDADE LIMITADA,,,,,,,,,,
2026-10-02,STRX11,STARX FUNDO DE INVESTIMENTO IMOBILIÁRIO FII RESPONSABILIDADE LIMITADA,,,,,,,,,,
2026-10-02,SURE11,SULAMÉRICA REAL ESTATE FUNDO DE INVESTIMENTO IMOBILIÁRIO DE RESPONSABILIDADE LIMITADA,,,,,,,,,,
2026-10-02,SNEL11,SUNO ENERGIAS LIMPAS FUNDO DE INVESTIMENTO IMOBILIÁRIO IS RESPONSABILIDADE LIMITADA,,,,,,,,,,
2026-10-02,SNFF11,SUNO FUNDO DE FUNDOS DE INVESTIMENTO IMOBILIÁRIO FUNDO DE INVESTIMENTO IMOBILIÁRIO RESPONSABILIDADE,,,,,,,,,,
2026-10-02,SNLG11,SUNO LOG FUNDO DE INVESTIMENTO IMOBILIÁRIO - RESPONSABILIDADE LIMITADA,,,,,,,,,,
2026-10-02,SNME11,SUNO MULTIESTRATÉGIA FUNDO DE INVESTIMENTO IMOBILIÁRIO RESPONSABILIDADE LIMITADA,,,,,,,,,,
2026-10-02,SNCI11,SUNO RECEBÍVEIS IMOBILIÁRIOS FUNDO DE INVESTIMENTO IMOBILIÁRIO RESPONSABILIDADE LIMITADA,,,,,,,,,,
2026-10-02,SPMO11,SUPREMO FUNDO DE INVESTIMENTO IMOBILIÁRIO,,,,,,,,,,
2026-10-02,TELD11,TELLUS DESENVOLVIMENTO LOGÍSTICO - FUNDO DE INVESTIMENTO IMOBILIÁRIO RESPONSABILIDADE LIMITADA,,,,,,,,,,
2026-10-02,TELM11,TELLUS MULTIESTRATÉGIA - FII FUNDO DE INVESTIMENTO IMOBILIÁRIO RESPONSABILIDADE LIMITADA,,,,,,,,,,
2026-10-02,TEPP11,TELLUS PROPERTIES - FUNDO DE INVESTIMENTO IMOBILIÁRIO - RESPONSABILIDADE LIMITADA,,,,,,,,,,
2026-10-02,TRBL11,TELLUS RIO BRAVO RENDA LOGÍSTICA FUNDO DE INVESTIMENTO IMOBILIÁRIO DE RESPONSABILIDADE LIMITADA,,,,,,,,,,
2026-10-02,NAUI11,TEN DESENVOLVIMENTO FUNDO DE INVESTIMENTO IMOBILIÁRIO RESPONSABILIDADE LIMITADA,,,,,,,,,,
2026-10-02,TRPL11,TERRAS PAULISTAS FUNDO DE  INVESTIMENTO IMOBILIÁRIO DE PERMUTAS RESPONSABILIDADE LIMITADA,,,,,,,,,,
2026-10-02,TVMO11,TIVIO MALLS OPPORTUNITIES II FUNDO DE  INVESTIMENTO IMOBILIÁRIO - RESPONSABILIDADE LIMITADA,,,,,,,,,,
2026-10-02,TVOI11,TIVIO OPPORTUNITIES IPCA - FUNDO DE INVESTIMENTO IMOBILIÁRIO - RESPONSABILIDADE LIMITADA,,,,,,,,,,
2026-10-02,TIOM11,TIVIO OPPORTUNITIES MASTER FUNDO DE INVESTIMENTO IMOBILIÁRIO - RESPONSABILIDADE LIMITADA,,,,,,,,,,
2026-10-02,TVRI11,TIVIO RENDA IMOBILIÁRIA FUNDO DE INVESTIMENTO IMOBILIÁRIO RESPONSABILIDADE LIMITADA,,,,,,,,,,
2026-10-02,VOTS11,TIVIO SECURITIES FUNDO DE INVESTIMENTO IMOBILIÁRIO RESPONSABILIDADE LIMITADA,,,,,,,,,,
2026-10-02,TJKB11,TJK RENDA IMOBILIÁRIA FUNDO DE INVESTIMENTO IMOBILIÁRIO - RESPONSABILIDADE LIMITADA,,,,,,,,,,
2026-10-02,TORD11,TORDESILHAS EI FUNDO DE INVESTIMENTO IMOBILIÁRIO RESPONSABILIDADE LIMITADA,,,,,,,,,,
2026-10-02,TSNC11,TRANSINC FUNDO DE INVESTIMENTO IMOBILIÁRIO RESPONSABILIDADE LIMITADA,,,,,,,,,,
2026-10-02,TCPF11,TREECORP REAL ESTATE FII - RESPONSABILIDADE LIMITADA,,,,,,,,,,
2026-10-02,TRXY11,TRX HEDGE FUND FUNDO DE INVESTIMENTO IMOBILIÁRIO - RESPONSABILIDADE LIMITADA,,,,,,,,,,
2026-10-02,TRXF11,TRX REAL ESTATE FUNDO DE INVESTIMENTO IMOBILIÁRIO RESPONSABILIDADE LIMITADA,,,,,,,,,,
2026-10-02,TRXB11,TRX REAL ESTATE II FUNDO DE INVESTIMENTO IMOBILIÁRIO - RESPONSABILIDADE LIMITADA,,,,,,,,,,
2026-10-02,MGHT11,TZDK FUNDO DE INVESTIMENTO IMOBILIÁRIORESPONSABILIDADE LIMITADA,,,,,,,,,,
2026-10-02,URHF11,URCA HEDGE FUND ESTRATÉGIA IMOBILIÁRIA FUNDO DE INVESTIMENTO IMOBILIÁRIO - RESPONSABILIDADE LIMITADA,,,,,,,,,,
2026-10-02,URPR11,URCA PRIME RENDA FUNDO DE INVESTIMENTO IMOBILIÁRIO - FII,,,,,,,,,,
2026-10-02,VVCO11,V2 EDIFÍCIOS CORPORATIVOS FUNDO DE INVESTIMENTO IMOBILIÁRIO RESPONSABILIDADE LIMITADA,,,,,,,,,,
2026-10-02,VVMR11,V2 MULTI RENDA FUNDO DE INVESTIMENTO IMOBILIÁRIO RESPONSABILIDADE LIMITADA,,,,,,,,,,
2026-10-02,VPPR11,V2 PRIME PROPERTIES FUNDO DE INVESTIMENTO IMOBILIÁRIO - FII - RESPONSABILIDADE LIMITADA,,,,,,,,,,
2026-10-02,VVDI11,V2 RECEBÍVEIS CDI FUNDO DE INVESTIMENTO IMOBILIÁRIO - RESPONSABILIDADE LIMITADA,,,,,,,,,,
2026-10-02,VVCR11,V2 RECEBÍVEIS IMOBILIÁRIOS FUNDO DE INVESTIMENTO IMOBILIÁRIO RESPONSABILIDADE LIMITADA,,,,,,,,,,
2026-10-02,VVRI11,V2 RENDA IMOBILIÁRIA FUNDO DE INVESTIMENTO IMOBILIÁRIO RESPONSABILIDADE LIMITADA,,,,,,,,,,
2026-10-02,VGRM11,VALORA CRI CDI FLUXO MENSAL MARÇO 26 FEEDER FUNDO DE INVESTIMENTO IMOBILIÁRIO RESPONSABILIDADE LIMIT,,,,,,,,,,
2026-10-02,VGIR11,VALORA CRI CDI FUNDO DE INVESTIMENTO IMOBILIÁRIO - FII RESPONSABILIDADE LIMITADA,,,,,,,,,,
2026-10-02,VGIP11,VALORA CRI ÍNDICE DE PREÇO FUNDO DE INVESTIMENTO IMOBILIÁRIO - FII RESPONSABILIDADE LIMITADA,,,,,,,,,,
2026-10-02,VGII11,VALORA CRI INFRA II FUNDO DE INVESTIMENTO IMOBILIÁRIO DE RESPONSABILIDADE LIMITADA,,,,,,,,,,
2026-10-02,VGHF11,VALORA HEDGE FUND FUNDO DE INVESTIMENTO IMOBILIÁRIO DE RESPONSABILIDADE LIMITADA,,,,,,,,,,
2026-10-02,VGRI11,VALORA RENDA IMOBILIÁRIA FUNDO DE  INVESTIMENTO IMOBILIÁRIO RESPONSABILIDADE LIMITADA,,,,,,,,,,
2026-10-02,BLMO11,VBI OFFICE FUND II - FUNDO DE INVESTIMENTO IMOBILIÁRIO - RESPONSABILIDADE  LIMITADA,,,,,,,,,,
2026-10-02,VCJR11,VECTIS JUROS REAL FUNDO DE INVESTIMENTO IMOBILIÁRIO RESPONSABILIDADE LIMITADA,,,,,,,,,,
2026-10-02,VNSS11,VENUS 11 FUNDO DE INVESTIMENTO EM COTAS DE FUNDO DE INVESTIMENTO IMOBILIÁRIO RESPONSABILIDADE LIMITA,,,,,,,,,,
2026-10-02,SALI11,VÊNUS FUNDO DE INVESTIMENTO IMOBILIÁRIO RESPONSABILIDADE LIMITADA,,,,,,,,,,
2026-10-02,VCTH11,VERA CRUZ THREE FUNDO DE INVESTIMENTO IMOBILIÁRIO RESPONSABILIDADE LIMITADA,,,,,,,,,,
2026-10-02,VSLH11,VERSALHES RECEBÍVEIS IMOBILIÁRIOS FUNDO DE INVESTIMENTO IMOBILIÁRIO DE RESPONSABILIDADE LIMITADA,,,,,,,,,,
2026-10-02,VGRD11,VGR DESENVOLVIMENTO RESIDENCIAL FUNDO DE INVESTIMENTO IMOBILIÁRIO DE RESPONSABILIDADE LIMITADA,,,,,,,,,,
2026-10-02,FVPQ11,VIA PARQUE SHOPPING FUNDO DE INVESTIMENTO IMOBILIÁRIO DE RESPONSABILIDADE LIMITADA,,,,,,,,,,
2026-10-02,VIDS11,VIC DESENVOLVIMENTO - VINTAGE 20/21 FUNDO DE INVESTIMENTO IMOBILIÁRIO - RESPONSABILIDADE LIMITADA,,,,,,,,,,
2026-10-02,VDSV11,VIC DESENVOLVIMENTO VINTAGE 22/23 FUNDO DE INVESTIMENTO IMOBILIÁRIO,,,,,,,,,,
2026-10-02,VCRI11,VINCI CREDIT SECURITIES FUNDO DE INVESTIMENTO IMOBILIÁRIO - RESPONSABILIDADE LIMITADA,,,,,,,,,,
2026-10-02,VIUR11,VINCI IMÓVEIS URBANOS FUNDO DE INVESTIMENTO IMOBILIÁRIO - RESPONSABILIDADE  LIMITADA,,,,,,,,,,
2026-10-02,VILG11,VINCI LOGÍSTICA FUNDO DE INVESTIMENTO IMOBILIÁRIO - RESPONSABILIDADE LIMITADA,,,,,,,,,,
2026-10-02,VIMO11,VINCI MOZAK RESIDENCIAL II FUNDO DE INVESTIMENTO IMOBILIÁRIO - RESPONSABILIDADE LIMITADA,,,,,,,,,,
2026-10-02,VINO11,VINCI OFFICES FUNDO DE INVESTIMENTO IMOBILIÁRIO - RESPONSABILIDADE LIMITADA,,,,,,,,,,
2026-10-02,VIOL11,VINCI OPORTUNIDADES LOGÍSTICAS FII RESPONSABILIDADE LIMITADA,,,,,,,,,,
2026-10-02,VISC11,VINCI SHOPPING CENTERS FUNDO DE INVESTIMENTO IMOBILIÁRIO - RESPONSABILIDADE LIMITADA,,,,,,,,,,
2026-10-02,STYI11,VISTAS INC FUNDO DE INVESTIMENTO IMOBILIÁRIO RESPONSABILIDADE LIMITADA,,,,,,,,,,
2026-10-02,SPDE11,WHG FINVEST SP REALTY FUNDO DE INVESTIMENTO IMOBILIÁRIO - RESPONSABILIDADE LIMITADA,,,,,,,,,,
2026-10-02,WHGR11,WHG REAL ESTATE FUNDO DE INVESTIMENTO IMOBILIÁRIO - FII RESPONSABILIDADE LIMITADA,,,,,,,,,,
2026-10-02,WTXA11,WITEX FUNDO DE INVESTIMENTO IMOBILIÁRIO RESPONSABILIDADE LIMITADA,,,,,,,,,,
2026-10-02,XLPR11,XLPR FUNDO DE INVESTIMENTO IMOBILIÁRIO - FII - RESPONSABILIDADE LIMITADA,,,,,,,,,,
2026-10-02,XPCM11,XP CORPORATE MACAÉ FUNDO DE INVESTIMENTO IMOBILIÁRIO DE RESPONSABILIDADE LIMITADA,,,,,,,,,,
2026-10-02,XPCI11,XP CRÉDITO IMOBILIÁRIO - FUNDO DE INVESTIMENTO IMOBILIÁRIO,,,,,,,,,,
2026-10-02,XPLG11,XP LOG FUNDO DE INVESTIMENTO IMOBILIÁRIO RESPONSABILIDADE LIMITADA - FII,,,,,,,,,,
2026-10-02,XPML11,XP MALLS FUNDO DE INVESTIMENTO IMOBILIÁRIO FII,,,,,,,,,,
2026-10-02,XPSF11,XP SELECTION FUNDO DE FUNDOS DE INVESTIMENTO IMOBILIÁRIO - FII,,,,,,,,,,
2026-10-02,YUFI11,YUCA FUNDO DE INVESTIMENTO IMOBILIÁRIO RESPONSABILIDADE LIMITADA,,,,,,,,,,
2026-10-02,ZAGH11,ZAGROS MULTIESTRATÉGIA FUNDO DE INVESTIMENTO IMOBILIÁRIO RESPONSABILIDADE LIMITADA,,,,,,,,,,
2026-10-02,GGRC11,ZAGROS RENDA IMOBILIÁRIA FUNDO DE INVESTIMENTO IMOBILIÁRIO RESPONSABILIDADE LIMITADA,,,,,,,,,,
2026-10-02,ZAVC11,ZAVIT CRÉDITO IMOBILIÁRIO FUNDO DE INVESTIMENTO IMOBILIÁRIO - RESPONSABILIDADE LIMITADA,,,,,,,,,,
2026-10-02,ZAVI11,ZAVIT REAL ESTATE FUND - FUNDO DE INVESTIMENTO IMOBILIÁRIO - RESPONSABILIDADE LIMITADA,,,,,,,,,,
2026-10-02,ZIFI11,ZION CAPITAL FUNDO DE INVESTIMENTO IMOBILIÁRIO - FII RESPONSABILIDADE LIMITADA,,,,,,,,,,
