data_captura,security_identification_code,description,group_description,valor,taxa,last_update,data_referencia
2026-06-01,,DIF OPER CASADA - COMPRA,,,35.45,,
2026-06-01,,DÓLAR CUPOM LIMPO,,5.0152,,,
2026-06-01,,DÓLAR BMF SPOT - 2 DIAS,,5.0179,,,
2026-06-01,,DOLAR SPOT BMF PARA 1 DIA,,5.0157,,,
2026-06-01,,TAXA SOFR,,3.63,,,
2026-06-01,,TAXA SELIC,,,14.40,,
2026-06-01,,TAXA CDI CETIP,,,14.40,,
2026-06-01,,DIF OPER CASADA - COMPRA,,,35.45,,
2026-06-01,,DÓLAR CUPOM LIMPO,,5.0152,,,
2026-06-01,,DÓLAR BMF SPOT - 2 DIAS,,5.0179,,,
2026-06-01,,DOLAR SPOT BMF PARA 1 DIA,,5.0157,,,
2026-06-01,,TAXA SOFR,,3.63,,,
2026-06-01,,TAXA SELIC,,,14.40,,
2026-06-01,,TAXA CDI CETIP,,,14.40,,
2026-06-01,,DIF OPER CASADA - COMPRA,,,35.45,,
2026-06-01,,DÓLAR CUPOM LIMPO,,5.0152,,,
2026-06-01,,DÓLAR BMF SPOT - 2 DIAS,,5.0179,,,
2026-06-01,,DOLAR SPOT BMF PARA 1 DIA,,5.0157,,,
2026-06-01,,TAXA SOFR,,3.63,,,
2026-06-01,,TAXA SELIC,,,14.40,,
2026-06-01,,TAXA CDI CETIP,,,14.40,,
2026-06-01,,DIF OPER CASADA - COMPRA,,,35.45,,
2026-06-01,,DÓLAR CUPOM LIMPO,,5.0152,,,
2026-06-01,,DÓLAR BMF SPOT - 2 DIAS,,5.0179,,,
2026-06-01,,DOLAR SPOT BMF PARA 1 DIA,,5.0157,,,
2026-06-01,,TAXA SOFR,,3.63,,,
2026-06-01,,TAXA SELIC,,,14.40,,
2026-06-01,,TAXA CDI CETIP,,,14.40,,
2026-06-01,,DIF OPER CASADA - COMPRA,,,35.45,,
2026-06-01,,DÓLAR CUPOM LIMPO,,5.0152,,,
2026-06-01,,DÓLAR BMF SPOT - 2 DIAS,,5.0179,,,
2026-06-01,,DOLAR SPOT BMF PARA 1 DIA,,5.0157,,,
2026-06-01,,TAXA SOFR,,3.63,,,
2026-06-01,,TAXA SELIC,,,14.40,,
2026-06-01,,TAXA CDI CETIP,,,14.40,,
2026-06-01,,DIF OPER CASADA - COMPRA,,,35.45,,
2026-06-01,,DÓLAR CUPOM LIMPO,,5.0152,,,
2026-06-01,,DÓLAR BMF SPOT - 2 DIAS,,5.0179,,,
2026-06-01,,DOLAR SPOT BMF PARA 1 DIA,,5.0157,,,
2026-06-01,,TAXA SOFR,,3.63,,,
2026-06-01,,TAXA SELIC,,,14.40,,
2026-06-01,,TAXA CDI CETIP,,,14.40,,
2026-06-01,10014464,DIF OPER CASADA - COMPRA,TAXAS DE CÂMBIO,,35.45,2026-06-01,
2026-06-01,10008989,DÓLAR CUPOM LIMPO,TAXAS DE CÂMBIO,5.0152,,2026-06-01,
2026-06-01,10009506,DÓLAR BMF SPOT - 2 DIAS,TAXAS DE CÂMBIO,5.0179,,2026-06-01,
2026-06-01,9800508,DOLAR SPOT BMF PARA 1 DIA,TAXAS DE CÂMBIO,5.0157,,2026-06-01,
2026-06-01,200001169997,TAXA SOFR,TAXAS DE JUROS INTERNACIONAL,3.63,,2026-06-01,
2026-06-01,9800656,TAXA SELIC,TAXAS DE JUROS NACIONAL,,14.40,2026-06-01,
2026-06-01,9800334,TAXA CDI CETIP,TAXAS DE JUROS NACIONAL,,14.40,2026-06-01,
2026-06-02,10014464,DIF OPER CASADA - COMPRA,TAXAS DE CÂMBIO,,34.15,2026-06-02,
2026-06-02,10008989,DÓLAR CUPOM LIMPO,TAXAS DE CÂMBIO,5.0110,,2026-06-02,
2026-06-02,10009506,DÓLAR BMF SPOT - 2 DIAS,TAXAS DE CÂMBIO,5.0121,,2026-06-02,
2026-06-02,9800508,DOLAR SPOT BMF PARA 1 DIA,TAXAS DE CÂMBIO,5.0099,,2026-06-02,
2026-06-02,200001169997,TAXA SOFR,TAXAS DE JUROS INTERNACIONAL,3.65,,2026-06-02,
2026-06-02,9800656,TAXA SELIC,TAXAS DE JUROS NACIONAL,,14.40,2026-06-02,
2026-06-02,9800334,TAXA CDI CETIP,TAXAS DE JUROS NACIONAL,,14.40,2026-06-02,
2026-06-03,10014464,DIF OPER CASADA - COMPRA,TAXAS DE CÂMBIO,,33.45,2026-06-03,
2026-06-03,10008989,DÓLAR CUPOM LIMPO,TAXAS DE CÂMBIO,5.0764,,2026-06-03,
2026-06-03,10009506,DÓLAR BMF SPOT - 2 DIAS,TAXAS DE CÂMBIO,5.0802,,2026-06-03,
2026-06-03,9800508,DOLAR SPOT BMF PARA 1 DIA,TAXAS DE CÂMBIO,5.0785,,2026-06-03,
2026-06-03,200001169997,TAXA SOFR,TAXAS DE JUROS INTERNACIONAL,3.63,,2026-06-03,
2026-06-03,9800656,TAXA SELIC,TAXAS DE JUROS NACIONAL,,14.40,2026-06-03,
2026-06-03,9800334,TAXA CDI CETIP,TAXAS DE JUROS NACIONAL,,14.40,2026-06-03,
2026-06-04,10014464,DIF OPER CASADA - COMPRA,TAXAS DE CÂMBIO,,33.45,2026-06-03,
2026-06-04,10008989,DÓLAR CUPOM LIMPO,TAXAS DE CÂMBIO,5.0764,,2026-06-03,
2026-06-04,10009506,DÓLAR BMF SPOT - 2 DIAS,TAXAS DE CÂMBIO,5.0802,,2026-06-03,
2026-06-04,9800508,DOLAR SPOT BMF PARA 1 DIA,TAXAS DE CÂMBIO,5.0785,,2026-06-03,
2026-06-04,200001169997,TAXA SOFR,TAXAS DE JUROS INTERNACIONAL,3.63,,2026-06-03,
2026-06-04,9800656,TAXA SELIC,TAXAS DE JUROS NACIONAL,,14.40,2026-06-03,
2026-06-04,9800334,TAXA CDI CETIP,TAXAS DE JUROS NACIONAL,,14.40,2026-06-03,
2026-06-05,10014464,DIF OPER CASADA - COMPRA,TAXAS DE CÂMBIO,,31.47,2026-06-05,
2026-06-05,10008989,DÓLAR CUPOM LIMPO,TAXAS DE CÂMBIO,5.1503,,2026-06-05,
2026-06-05,10009506,DÓLAR BMF SPOT - 2 DIAS,TAXAS DE CÂMBIO,5.1465,,2026-06-05,
2026-06-05,9800508,DOLAR SPOT BMF PARA 1 DIA,TAXAS DE CÂMBIO,5.1453,,2026-06-05,
2026-06-05,200001169997,TAXA SOFR,TAXAS DE JUROS INTERNACIONAL,3.62,,2026-06-05,
2026-06-05,9800656,TAXA SELIC,TAXAS DE JUROS NACIONAL,,14.40,2026-06-05,
2026-06-05,9800334,TAXA CDI CETIP,TAXAS DE JUROS NACIONAL,,14.40,2026-06-05,
2026-06-06,10014464,DIF OPER CASADA - COMPRA,TAXAS DE CÂMBIO,,31.47,2026-06-05,
2026-06-06,10008989,DÓLAR CUPOM LIMPO,TAXAS DE CÂMBIO,5.1503,,2026-06-05,
2026-06-06,10009506,DÓLAR BMF SPOT - 2 DIAS,TAXAS DE CÂMBIO,5.1465,,2026-06-05,
2026-06-06,9800508,DOLAR SPOT BMF PARA 1 DIA,TAXAS DE CÂMBIO,5.1453,,2026-06-05,
2026-06-06,200001169997,TAXA SOFR,TAXAS DE JUROS INTERNACIONAL,3.62,,2026-06-05,
2026-06-06,9800656,TAXA SELIC,TAXAS DE JUROS NACIONAL,,14.40,2026-06-05,
2026-06-06,9800334,TAXA CDI CETIP,TAXAS DE JUROS NACIONAL,,14.40,2026-06-05,
2026-06-08,10014464,DIF OPER CASADA - COMPRA,TAXAS DE CÂMBIO,,29.62,2026-06-08,
2026-06-08,10008989,DÓLAR CUPOM LIMPO,TAXAS DE CÂMBIO,5.1824,,2026-06-08,
2026-06-08,10009506,DÓLAR BMF SPOT - 2 DIAS,TAXAS DE CÂMBIO,5.1781,,2026-06-08,
2026-06-08,9800508,DOLAR SPOT BMF PARA 1 DIA,TAXAS DE CÂMBIO,5.1759,,2026-06-08,
2026-06-08,200001169997,TAXA SOFR,TAXAS DE JUROS INTERNACIONAL,3.63,,2026-06-08,
2026-06-08,9800656,TAXA SELIC,TAXAS DE JUROS NACIONAL,,14.40,2026-06-08,
2026-06-08,9800334,TAXA CDI CETIP,TAXAS DE JUROS NACIONAL,,14.40,2026-06-08,
2026-06-09,10014464,DIF OPER CASADA - COMPRA,TAXAS DE CÂMBIO,,27.56,2026-06-09,
2026-06-09,10008989,DÓLAR CUPOM LIMPO,TAXAS DE CÂMBIO,5.1695,,2026-06-09,
2026-06-09,10009506,DÓLAR BMF SPOT - 2 DIAS,TAXAS DE CÂMBIO,5.1749,,2026-06-09,
2026-06-09,9800508,DOLAR SPOT BMF PARA 1 DIA,TAXAS DE CÂMBIO,5.1727,,2026-06-09,
2026-06-09,200001169997,TAXA SOFR,TAXAS DE JUROS INTERNACIONAL,3.63,,2026-06-09,
2026-06-09,9800656,TAXA SELIC,TAXAS DE JUROS NACIONAL,,14.40,2026-06-09,
2026-06-09,9800334,TAXA CDI CETIP,TAXAS DE JUROS NACIONAL,,14.40,2026-06-09,
2026-06-10,10014464,DIF OPER CASADA - COMPRA,TAXAS DE CÂMBIO,,27.56,2026-06-09,
2026-06-10,10008989,DÓLAR CUPOM LIMPO,TAXAS DE CÂMBIO,5.1695,,2026-06-09,
2026-06-10,10009506,DÓLAR BMF SPOT - 2 DIAS,TAXAS DE CÂMBIO,5.1749,,2026-06-09,
2026-06-10,1001-44-64,DIF OPER CASADA - COMPRA,TAXAS DE CÂMBIO,,25.55,2026-06-10,
2026-06-10,1000-89-89,DÓLAR CUPOM LIMPO,TAXAS DE CÂMBIO,5.1663,,2026-06-10,
2026-06-10,1000-95-06,DÓLAR BMF SPOT - 2 DIAS,TAXAS DE CÂMBIO,5.1668,,2026-06-10,
2026-06-10,9800508,DOLAR SPOT BMF PARA 1 DIA,TAXAS DE CÂMBIO,5.1646,,2026-06-10,
2026-06-10,200001169997,TAXA SOFR,TAXAS DE JUROS INTERNACIONAL,3.60,,2026-06-10,
2026-06-10,9800656,TAXA SELIC,TAXAS DE JUROS NACIONAL,,14.40,2026-06-10,
2026-06-10,9800334,TAXA CDI CETIP,TAXAS DE JUROS NACIONAL,,14.40,2026-06-10,
2026-06-11,1001-44-64,DIF OPER CASADA - COMPRA,TAXAS DE CÂMBIO,,24.55,,2026-06-11
2026-06-11,1000-89-89,DÓLAR CUPOM LIMPO,TAXAS DE CÂMBIO,5.1158,,,2026-06-11
2026-06-11,1000-95-06,DÓLAR BMF SPOT - 2 DIAS,TAXAS DE CÂMBIO,5.1178,,,2026-06-11
2026-06-11,9800508,DOLAR SPOT BMF PARA 1 DIA,TAXAS DE CÂMBIO,5.1156,,,2026-06-11
2026-06-11,200001169997,TAXA SOFR,TAXAS DE JUROS INTERNACIONAL,3.59,,,2026-06-11
2026-06-11,9800656,TAXA SELIC,TAXAS DE JUROS NACIONAL,,14.40,,2026-06-11
2026-06-11,9800334,TAXA CDI CETIP,TAXAS DE JUROS NACIONAL,,14.40,,2026-06-11
2026-06-12,1001-44-64,DIF OPER CASADA - COMPRA,TAXAS DE CÂMBIO,,22.02,,2026-06-12
2026-06-12,1000-89-89,DÓLAR CUPOM LIMPO,TAXAS DE CÂMBIO,5.0620,,,2026-06-12
2026-06-12,1000-95-06,DÓLAR BMF SPOT - 2 DIAS,TAXAS DE CÂMBIO,5.0611,,,2026-06-12
2026-06-12,9800508,DOLAR SPOT BMF PARA 1 DIA,TAXAS DE CÂMBIO,5.0599,,,2026-06-12
2026-06-12,200001169997,TAXA SOFR,TAXAS DE JUROS INTERNACIONAL,3.60,,,2026-06-12
2026-06-12,9800656,TAXA SELIC,TAXAS DE JUROS NACIONAL,,14.40,,2026-06-12
2026-06-12,9800334,TAXA CDI CETIP,TAXAS DE JUROS NACIONAL,,14.40,,2026-06-12
2026-06-13,1001-44-64,DIF OPER CASADA - COMPRA,TAXAS DE CÂMBIO,,22.02,,2026-06-12
2026-06-13,1000-89-89,DÓLAR CUPOM LIMPO,TAXAS DE CÂMBIO,5.0620,,,2026-06-12
2026-06-13,1000-95-06,DÓLAR BMF SPOT - 2 DIAS,TAXAS DE CÂMBIO,5.0611,,,2026-06-12
2026-06-13,9800508,DOLAR SPOT BMF PARA 1 DIA,TAXAS DE CÂMBIO,5.0599,,,2026-06-12
2026-06-13,200001169997,TAXA SOFR,TAXAS DE JUROS INTERNACIONAL,3.60,,,2026-06-12
2026-06-13,9800656,TAXA SELIC,TAXAS DE JUROS NACIONAL,,14.40,,2026-06-12
2026-06-13,9800334,TAXA CDI CETIP,TAXAS DE JUROS NACIONAL,,14.40,,2026-06-12
2026-06-15,1001-44-64,DIF OPER CASADA - COMPRA,TAXAS DE CÂMBIO,,19.43,,2026-06-15
2026-06-15,1000-89-89,DÓLAR CUPOM LIMPO,TAXAS DE CÂMBIO,5.0658,,,2026-06-15
2026-06-15,1000-95-06,DÓLAR BMF SPOT - 2 DIAS,TAXAS DE CÂMBIO,5.0666,,,2026-06-15
2026-06-15,9800508,DOLAR SPOT BMF PARA 1 DIA,TAXAS DE CÂMBIO,5.0644,,,2026-06-15
2026-06-15,200001169997,TAXA SOFR,TAXAS DE JUROS INTERNACIONAL,3.65,,,2026-06-15
2026-06-15,9800656,TAXA SELIC,TAXAS DE JUROS NACIONAL,,14.40,,2026-06-15
2026-06-15,9800334,TAXA CDI CETIP,TAXAS DE JUROS NACIONAL,,14.40,,2026-06-15
2026-06-16,1001-44-64,DIF OPER CASADA - COMPRA,TAXAS DE CÂMBIO,,17.95,,2026-06-16
2026-06-16,1000-89-89,DÓLAR CUPOM LIMPO,TAXAS DE CÂMBIO,5.0902,,,2026-06-16
2026-06-16,1000-95-06,DÓLAR BMF SPOT - 2 DIAS,TAXAS DE CÂMBIO,5.0858,,,2026-06-16
2026-06-16,9800508,DOLAR SPOT BMF PARA 1 DIA,TAXAS DE CÂMBIO,5.0836,,,2026-06-16
2026-06-16,200001169997,TAXA SOFR,TAXAS DE JUROS INTERNACIONAL,3.69,,,2026-06-16
2026-06-16,9800656,TAXA SELIC,TAXAS DE JUROS NACIONAL,,14.40,,2026-06-16
2026-06-16,9800334,TAXA CDI CETIP,TAXAS DE JUROS NACIONAL,,14.40,,2026-06-16
2026-06-17,1001-44-64,DIF OPER CASADA - COMPRA,TAXAS DE CÂMBIO,,15.40,,2026-06-17
2026-06-17,1000-89-89,DÓLAR CUPOM LIMPO,TAXAS DE CÂMBIO,5.0785,,,2026-06-17
2026-06-17,1000-95-06,DÓLAR BMF SPOT - 2 DIAS,TAXAS DE CÂMBIO,5.0757,,,2026-06-17
2026-06-17,9800508,DOLAR SPOT BMF PARA 1 DIA,TAXAS DE CÂMBIO,5.0735,,,2026-06-17
2026-06-17,200001169997,TAXA SOFR,TAXAS DE JUROS INTERNACIONAL,3.63,,,2026-06-17
2026-06-17,9800656,TAXA SELIC,TAXAS DE JUROS NACIONAL,,14.40,,2026-06-17
2026-06-17,9800334,TAXA CDI CETIP,TAXAS DE JUROS NACIONAL,,14.40,,2026-06-17
2026-06-18,1001-44-64,DIF OPER CASADA - COMPRA,TAXAS DE CÂMBIO,,13.42,,2026-06-18
2026-06-18,1000-89-89,DÓLAR CUPOM LIMPO,TAXAS DE CÂMBIO,5.1692,,,2026-06-18
2026-06-18,1000-95-06,DÓLAR BMF SPOT - 2 DIAS,TAXAS DE CÂMBIO,5.1727,,,2026-06-18
2026-06-18,9800508,DOLAR SPOT BMF PARA 1 DIA,TAXAS DE CÂMBIO,5.1705,,,2026-06-18
2026-06-18,200001169997,TAXA SOFR,TAXAS DE JUROS INTERNACIONAL,3.63,,,2026-06-18
2026-06-18,9800656,TAXA SELIC,TAXAS DE JUROS NACIONAL,,14.15,,2026-06-18
2026-06-18,9800334,TAXA CDI CETIP,TAXAS DE JUROS NACIONAL,,14.15,,2026-06-18
2026-06-19,1001-44-64,DIF OPER CASADA - COMPRA,TAXAS DE CÂMBIO,,13.28,,2026-06-19
2026-06-19,1000-89-89,DÓLAR CUPOM LIMPO,TAXAS DE CÂMBIO,5.1407,,,2026-06-19
2026-06-19,1000-95-06,DÓLAR BMF SPOT - 2 DIAS,TAXAS DE CÂMBIO,5.1395,,,2026-06-19
2026-06-19,9800508,DOLAR SPOT BMF PARA 1 DIA,TAXAS DE CÂMBIO,5.1384,,,2026-06-19
2026-06-19,200001169997,TAXA SOFR,TAXAS DE JUROS INTERNACIONAL,3.63,,,2026-06-19
2026-06-19,9800656,TAXA SELIC,TAXAS DE JUROS NACIONAL,,14.15,,2026-06-19
2026-06-19,9800334,TAXA CDI CETIP,TAXAS DE JUROS NACIONAL,,14.15,,2026-06-19
2026-06-20,1001-44-64,DIF OPER CASADA - COMPRA,TAXAS DE CÂMBIO,,13.28,,2026-06-19
2026-06-20,1000-89-89,DÓLAR CUPOM LIMPO,TAXAS DE CÂMBIO,5.1407,,,2026-06-19
2026-06-20,1000-95-06,DÓLAR BMF SPOT - 2 DIAS,TAXAS DE CÂMBIO,5.1395,,,2026-06-19
2026-06-20,9800508,DOLAR SPOT BMF PARA 1 DIA,TAXAS DE CÂMBIO,5.1384,,,2026-06-19
2026-06-20,200001169997,TAXA SOFR,TAXAS DE JUROS INTERNACIONAL,3.63,,,2026-06-19
2026-06-20,9800656,TAXA SELIC,TAXAS DE JUROS NACIONAL,,14.15,,2026-06-19
2026-06-20,9800334,TAXA CDI CETIP,TAXAS DE JUROS NACIONAL,,14.15,,2026-06-19
2026-06-22,1001-44-64,DIF OPER CASADA - COMPRA,TAXAS DE CÂMBIO,,11.63,,2026-06-22
2026-06-22,1000-89-89,DÓLAR CUPOM LIMPO,TAXAS DE CÂMBIO,5.1403,,,2026-06-22
2026-06-22,1000-95-06,DÓLAR BMF SPOT - 2 DIAS,TAXAS DE CÂMBIO,5.1420,,,2026-06-22
2026-06-22,9800508,DOLAR SPOT BMF PARA 1 DIA,TAXAS DE CÂMBIO,5.1398,,,2026-06-22
2026-06-22,200001169997,TAXA SOFR,TAXAS DE JUROS INTERNACIONAL,3.62,,,2026-06-22
2026-06-22,9800656,TAXA SELIC,TAXAS DE JUROS NACIONAL,,14.15,,2026-06-22
2026-06-22,9800334,TAXA CDI CETIP,TAXAS DE JUROS NACIONAL,,14.15,,2026-06-22
2026-06-23,1001-44-64,DIF OPER CASADA - COMPRA,TAXAS DE CÂMBIO,,9.44,,2026-06-23
2026-06-23,1000-89-89,DÓLAR CUPOM LIMPO,TAXAS DE CÂMBIO,5.1895,,,2026-06-23
2026-06-23,1000-95-06,DÓLAR BMF SPOT - 2 DIAS,TAXAS DE CÂMBIO,5.1884,,,2026-06-23
2026-06-23,9800508,DOLAR SPOT BMF PARA 1 DIA,TAXAS DE CÂMBIO,5.1862,,,2026-06-23
2026-06-23,200001169997,TAXA SOFR,TAXAS DE JUROS INTERNACIONAL,3.61,,,2026-06-23
2026-06-23,9800656,TAXA SELIC,TAXAS DE JUROS NACIONAL,,14.15,,2026-06-23
2026-06-23,9800334,TAXA CDI CETIP,TAXAS DE JUROS NACIONAL,,14.15,,2026-06-23
2026-06-24,1001-44-64,DIF OPER CASADA - COMPRA,TAXAS DE CÂMBIO,,6.57,,2026-06-24
2026-06-24,1000-89-89,DÓLAR CUPOM LIMPO,TAXAS DE CÂMBIO,5.1989,,,2026-06-24
2026-06-24,1000-95-06,DÓLAR BMF SPOT - 2 DIAS,TAXAS DE CÂMBIO,5.1996,,,2026-06-24
2026-06-24,9800508,DOLAR SPOT BMF PARA 1 DIA,TAXAS DE CÂMBIO,5.1974,,,2026-06-24
2026-06-24,200001169997,TAXA SOFR,TAXAS DE JUROS INTERNACIONAL,3.62,,,2026-06-24
2026-06-24,9800656,TAXA SELIC,TAXAS DE JUROS NACIONAL,,14.15,,2026-06-24
2026-06-24,9800334,TAXA CDI CETIP,TAXAS DE JUROS NACIONAL,,14.15,,2026-06-24
2026-06-25,1001-44-64,DIF OPER CASADA - COMPRA,TAXAS DE CÂMBIO,,6.02,,2026-06-25
2026-06-25,1000-89-89,DÓLAR CUPOM LIMPO,TAXAS DE CÂMBIO,5.1800,,,2026-06-25
2026-06-25,1000-95-06,DÓLAR BMF SPOT - 2 DIAS,TAXAS DE CÂMBIO,5.1832,,,2026-06-25
2026-06-25,9800508,DOLAR SPOT BMF PARA 1 DIA,TAXAS DE CÂMBIO,5.1810,,,2026-06-25
2026-06-25,200001169997,TAXA SOFR,TAXAS DE JUROS INTERNACIONAL,3.62,,,2026-06-25
2026-06-25,9800656,TAXA SELIC,TAXAS DE JUROS NACIONAL,,14.15,,2026-06-25
2026-06-25,9800334,TAXA CDI CETIP,TAXAS DE JUROS NACIONAL,,14.15,,2026-06-25
2026-06-26,1001-44-64,DIF OPER CASADA - COMPRA,TAXAS DE CÂMBIO,,4.13,,2026-06-26
2026-06-26,1000-89-89,DÓLAR CUPOM LIMPO,TAXAS DE CÂMBIO,5.1696,,,2026-06-26
2026-06-26,1000-95-06,DÓLAR BMF SPOT - 2 DIAS,TAXAS DE CÂMBIO,5.1715,,,2026-06-26
2026-06-26,9800508,DOLAR SPOT BMF PARA 1 DIA,TAXAS DE CÂMBIO,5.1704,,,2026-06-26
2026-06-26,200001169997,TAXA SOFR,TAXAS DE JUROS INTERNACIONAL,3.64,,,2026-06-26
2026-06-26,9800656,TAXA SELIC,TAXAS DE JUROS NACIONAL,,14.15,,2026-06-26
2026-06-26,9800334,TAXA CDI CETIP,TAXAS DE JUROS NACIONAL,,14.15,,2026-06-26
2026-06-27,1001-44-64,DIF OPER CASADA - COMPRA,TAXAS DE CÂMBIO,,4.13,,2026-06-26
2026-06-27,1000-89-89,DÓLAR CUPOM LIMPO,TAXAS DE CÂMBIO,5.1696,,,2026-06-26
2026-06-27,1000-95-06,DÓLAR BMF SPOT - 2 DIAS,TAXAS DE CÂMBIO,5.1715,,,2026-06-26
2026-06-27,9800508,DOLAR SPOT BMF PARA 1 DIA,TAXAS DE CÂMBIO,5.1704,,,2026-06-26
2026-06-27,200001169997,TAXA SOFR,TAXAS DE JUROS INTERNACIONAL,3.64,,,2026-06-26
2026-06-27,9800656,TAXA SELIC,TAXAS DE JUROS NACIONAL,,14.15,,2026-06-26
2026-06-27,9800334,TAXA CDI CETIP,TAXAS DE JUROS NACIONAL,,14.15,,2026-06-26
2026-06-28,1001-44-64,DIF OPER CASADA - COMPRA,TAXAS DE CÂMBIO,,4.13,,2026-06-26
2026-06-28,1000-89-89,DÓLAR CUPOM LIMPO,TAXAS DE CÂMBIO,5.1696,,,2026-06-26
2026-06-28,1000-95-06,DÓLAR BMF SPOT - 2 DIAS,TAXAS DE CÂMBIO,5.1715,,,2026-06-26
2026-06-28,9800508,DOLAR SPOT BMF PARA 1 DIA,TAXAS DE CÂMBIO,5.1704,,,2026-06-26
2026-06-28,200001169997,TAXA SOFR,TAXAS DE JUROS INTERNACIONAL,3.64,,,2026-06-26
2026-06-28,9800656,TAXA SELIC,TAXAS DE JUROS NACIONAL,,14.15,,2026-06-26
2026-06-28,9800334,TAXA CDI CETIP,TAXAS DE JUROS NACIONAL,,14.15,,2026-06-26
2026-06-29,1001-44-64,DIF OPER CASADA - COMPRA,TAXAS DE CÂMBIO,,2.10,,2026-06-29
2026-06-29,1000-89-89,DÓLAR CUPOM LIMPO,TAXAS DE CÂMBIO,5.1656,,,2026-06-29
2026-06-29,1000-95-06,DÓLAR BMF SPOT - 2 DIAS,TAXAS DE CÂMBIO,5.1674,,,2026-06-29
2026-06-29,9800508,DOLAR SPOT BMF PARA 1 DIA,TAXAS DE CÂMBIO,5.1652,,,2026-06-29
2026-06-29,200001169997,TAXA SOFR,TAXAS DE JUROS INTERNACIONAL,3.62,,,2026-06-29
2026-06-29,9800656,TAXA SELIC,TAXAS DE JUROS NACIONAL,,14.15,,2026-06-29
2026-06-29,9800334,TAXA CDI CETIP,TAXAS DE JUROS NACIONAL,,14.15,,2026-06-29
2026-06-30,1001-44-64,DIF OPER CASADA - COMPRA,TAXAS DE CÂMBIO,,40.62,,2026-06-30
2026-06-30,1000-89-89,DÓLAR CUPOM LIMPO,TAXAS DE CÂMBIO,5.1683,,,2026-06-30
2026-06-30,1000-95-06,DÓLAR BMF SPOT - 2 DIAS,TAXAS DE CÂMBIO,5.1726,,,2026-06-30
2026-06-30,9800508,DOLAR SPOT BMF PARA 1 DIA,TAXAS DE CÂMBIO,5.1704,,,2026-06-30
2026-06-30,200001169997,TAXA SOFR,TAXAS DE JUROS INTERNACIONAL,3.62,,,2026-06-30
2026-06-30,9800656,TAXA SELIC,TAXAS DE JUROS NACIONAL,,14.15,,2026-06-30
2026-06-30,9800334,TAXA CDI CETIP,TAXAS DE JUROS NACIONAL,,14.15,,2026-06-30
2026-07-01,1001-44-64,DIF OPER CASADA - COMPRA,TAXAS DE CÂMBIO,,38.88,,2026-07-01
2026-07-01,1000-89-89,DÓLAR CUPOM LIMPO,TAXAS DE CÂMBIO,5.2086,,,2026-07-01
2026-07-01,1000-95-06,DÓLAR BMF SPOT - 2 DIAS,TAXAS DE CÂMBIO,5.2060,,,2026-07-01
2026-07-01,9800508,DOLAR SPOT BMF PARA 1 DIA,TAXAS DE CÂMBIO,5.2038,,,2026-07-01
2026-07-01,200001169997,TAXA SOFR,TAXAS DE JUROS INTERNACIONAL,3.68,,,2026-07-01
2026-07-01,9800656,TAXA SELIC,TAXAS DE JUROS NACIONAL,,14.15,,2026-07-01
2026-07-01,9800334,TAXA CDI CETIP,TAXAS DE JUROS NACIONAL,,14.15,,2026-07-01
2026-07-02,1001-44-64,DIF OPER CASADA - COMPRA,TAXAS DE CÂMBIO,,38.24,,2026-07-02
2026-07-02,1000-89-89,DÓLAR CUPOM LIMPO,TAXAS DE CÂMBIO,5.2043,,,2026-07-02
2026-07-02,1000-95-06,DÓLAR BMF SPOT - 2 DIAS,TAXAS DE CÂMBIO,5.2033,,,2026-07-02
2026-07-02,9800508,DOLAR SPOT BMF PARA 1 DIA,TAXAS DE CÂMBIO,5.2011,,,2026-07-02
2026-07-02,200001169997,TAXA SOFR,TAXAS DE JUROS INTERNACIONAL,3.66,,,2026-07-02
2026-07-02,9800656,TAXA SELIC,TAXAS DE JUROS NACIONAL,,14.15,,2026-07-02
2026-07-02,9800334,TAXA CDI CETIP,TAXAS DE JUROS NACIONAL,,14.15,,2026-07-02
2026-07-03,1001-44-64,DIF OPER CASADA - COMPRA,TAXAS DE CÂMBIO,,36.21,,2026-07-03
2026-07-03,1000-89-89,DÓLAR CUPOM LIMPO,TAXAS DE CÂMBIO,5.1683,,,2026-07-03
2026-07-03,1000-95-06,DÓLAR BMF SPOT - 2 DIAS,TAXAS DE CÂMBIO,5.1689,,,2026-07-03
2026-07-03,9800508,DOLAR SPOT BMF PARA 1 DIA,TAXAS DE CÂMBIO,5.1678,,,2026-07-03
2026-07-03,200001169997,TAXA SOFR,TAXAS DE JUROS INTERNACIONAL,3.66,,,2026-07-03
2026-07-03,9800656,TAXA SELIC,TAXAS DE JUROS NACIONAL,,14.15,,2026-07-03
2026-07-03,9800334,TAXA CDI CETIP,TAXAS DE JUROS NACIONAL,,14.15,,2026-07-03
2026-07-04,1001-44-64,DIF OPER CASADA - COMPRA,TAXAS DE CÂMBIO,,36.21,,2026-07-03
2026-07-04,1000-89-89,DÓLAR CUPOM LIMPO,TAXAS DE CÂMBIO,5.1683,,,2026-07-03
2026-07-04,1000-95-06,DÓLAR BMF SPOT - 2 DIAS,TAXAS DE CÂMBIO,5.1689,,,2026-07-03
2026-07-04,9800508,DOLAR SPOT BMF PARA 1 DIA,TAXAS DE CÂMBIO,5.1678,,,2026-07-03
2026-07-04,200001169997,TAXA SOFR,TAXAS DE JUROS INTERNACIONAL,3.66,,,2026-07-03
2026-07-04,9800656,TAXA SELIC,TAXAS DE JUROS NACIONAL,,14.15,,2026-07-03
2026-07-04,9800334,TAXA CDI CETIP,TAXAS DE JUROS NACIONAL,,14.15,,2026-07-03
2026-07-06,1001-44-64,DIF OPER CASADA - COMPRA,TAXAS DE CÂMBIO,,34.57,,2026-07-06
2026-07-06,1000-89-89,DÓLAR CUPOM LIMPO,TAXAS DE CÂMBIO,5.1285,,,2026-07-06
2026-07-06,1000-95-06,DÓLAR BMF SPOT - 2 DIAS,TAXAS DE CÂMBIO,5.1306,,,2026-07-06
2026-07-06,9800508,DOLAR SPOT BMF PARA 1 DIA,TAXAS DE CÂMBIO,5.1284,,,2026-07-06
2026-07-06,200001169997,TAXA SOFR,TAXAS DE JUROS INTERNACIONAL,3.64,,,2026-07-06
2026-07-06,9800656,TAXA SELIC,TAXAS DE JUROS NACIONAL,,14.15,,2026-07-06
2026-07-06,9800334,TAXA CDI CETIP,TAXAS DE JUROS NACIONAL,,14.15,,2026-07-06
2026-07-07,1001-44-64,DIF OPER CASADA - COMPRA,TAXAS DE CÂMBIO,,32.33,,2026-07-07
2026-07-07,1000-89-89,DÓLAR CUPOM LIMPO,TAXAS DE CÂMBIO,5.1541,,,2026-07-07
2026-07-07,1000-95-06,DÓLAR BMF SPOT - 2 DIAS,TAXAS DE CÂMBIO,5.1473,,,2026-07-07
2026-07-07,9800508,DOLAR SPOT BMF PARA 1 DIA,TAXAS DE CÂMBIO,5.1451,,,2026-07-07
2026-07-07,200001169997,TAXA SOFR,TAXAS DE JUROS INTERNACIONAL,3.63,,,2026-07-07
2026-07-07,9800656,TAXA SELIC,TAXAS DE JUROS NACIONAL,,14.15,,2026-07-07
2026-07-07,9800334,TAXA CDI CETIP,TAXAS DE JUROS NACIONAL,,14.15,,2026-07-07
2026-07-08,1001-44-64,DIF OPER CASADA - COMPRA,TAXAS DE CÂMBIO,,30.04,,2026-07-08
2026-07-08,1000-89-89,DÓLAR CUPOM LIMPO,TAXAS DE CÂMBIO,5.1457,,,2026-07-08
2026-07-08,1000-95-06,DÓLAR BMF SPOT - 2 DIAS,TAXAS DE CÂMBIO,5.1467,,,2026-07-08
2026-07-08,9800508,DOLAR SPOT BMF PARA 1 DIA,TAXAS DE CÂMBIO,5.1445,,,2026-07-08
2026-07-08,200001169997,TAXA SOFR,TAXAS DE JUROS INTERNACIONAL,3.62,,,2026-07-08
2026-07-08,9800656,TAXA SELIC,TAXAS DE JUROS NACIONAL,,14.15,,2026-07-07
2026-07-08,9800334,TAXA CDI CETIP,TAXAS DE JUROS NACIONAL,,14.15,,2026-07-07
2026-07-09,1001-44-64,DIF OPER CASADA - COMPRA,TAXAS DE CÂMBIO,,28.87,,2026-07-09
2026-07-09,1000-89-89,DÓLAR CUPOM LIMPO,TAXAS DE CÂMBIO,5.1178,,,2026-07-09
2026-07-09,1000-95-06,DÓLAR BMF SPOT - 2 DIAS,TAXAS DE CÂMBIO,5.1197,,,2026-07-09
2026-07-09,9800508,DOLAR SPOT BMF PARA 1 DIA,TAXAS DE CÂMBIO,5.1175,,,2026-07-09
2026-07-09,200001169997,TAXA SOFR,TAXAS DE JUROS INTERNACIONAL,3.58,,,2026-07-09
2026-07-09,9800656,TAXA SELIC,TAXAS DE JUROS NACIONAL,,14.15,,2026-07-09
2026-07-09,9800334,TAXA CDI CETIP,TAXAS DE JUROS NACIONAL,,14.15,,2026-07-09
2026-07-10,1001-44-64,DIF OPER CASADA - COMPRA,TAXAS DE CÂMBIO,,26.76,,2026-07-10
2026-07-10,1000-89-89,DÓLAR CUPOM LIMPO,TAXAS DE CÂMBIO,5.1066,,,2026-07-10
2026-07-10,1000-95-06,DÓLAR BMF SPOT - 2 DIAS,TAXAS DE CÂMBIO,5.1075,,,2026-07-10
2026-07-10,9800508,DOLAR SPOT BMF PARA 1 DIA,TAXAS DE CÂMBIO,5.1063,,,2026-07-10
2026-07-10,200001169997,TAXA SOFR,TAXAS DE JUROS INTERNACIONAL,3.53,,,2026-07-10
2026-07-10,9800656,TAXA SELIC,TAXAS DE JUROS NACIONAL,,14.15,,2026-07-10
2026-07-10,9800334,TAXA CDI CETIP,TAXAS DE JUROS NACIONAL,,14.15,,2026-07-10
2026-07-13,1001-44-64,DIF OPER CASADA - COMPRA,TAXAS DE CÂMBIO,,24.86,,2026-07-13
2026-07-13,1000-89-89,DÓLAR CUPOM LIMPO,TAXAS DE CÂMBIO,5.1303,,,2026-07-13
2026-07-13,1000-95-06,DÓLAR BMF SPOT - 2 DIAS,TAXAS DE CÂMBIO,5.1312,,,2026-07-13
2026-07-13,9800508,DOLAR SPOT BMF PARA 1 DIA,TAXAS DE CÂMBIO,5.1290,,,2026-07-13
2026-07-13,200001169997,TAXA SOFR,TAXAS DE JUROS INTERNACIONAL,3.55,,,2026-07-13
2026-07-13,9800656,TAXA SELIC,TAXAS DE JUROS NACIONAL,,14.15,,2026-07-13
2026-07-13,9800334,TAXA CDI CETIP,TAXAS DE JUROS NACIONAL,,14.15,,2026-07-13
2026-07-14,1001-44-64,DIF OPER CASADA - COMPRA,TAXAS DE CÂMBIO,,22.83,,2026-07-14
2026-07-14,1000-89-89,DÓLAR CUPOM LIMPO,TAXAS DE CÂMBIO,5.0729,,,2026-07-14
2026-07-14,1000-95-06,DÓLAR BMF SPOT - 2 DIAS,TAXAS DE CÂMBIO,5.0753,,,2026-07-14
2026-07-14,9800508,DOLAR SPOT BMF PARA 1 DIA,TAXAS DE CÂMBIO,5.0731,,,2026-07-14
2026-07-14,200001169997,TAXA SOFR,TAXAS DE JUROS INTERNACIONAL,3.60,,,2026-07-14
2026-07-14,9800656,TAXA SELIC,TAXAS DE JUROS NACIONAL,,14.15,,2026-07-14
2026-07-14,9800334,TAXA CDI CETIP,TAXAS DE JUROS NACIONAL,,14.15,,2026-07-14
2026-07-15,1001-44-64,DIF OPER CASADA - COMPRA,TAXAS DE CÂMBIO,,20.49,,2026-07-15
2026-07-15,1000-89-89,DÓLAR CUPOM LIMPO,TAXAS DE CÂMBIO,5.0758,,,2026-07-15
2026-07-15,1000-95-06,DÓLAR BMF SPOT - 2 DIAS,TAXAS DE CÂMBIO,5.0758,,,2026-07-15
2026-07-15,9800508,DOLAR SPOT BMF PARA 1 DIA,TAXAS DE CÂMBIO,5.0736,,,2026-07-15
2026-07-15,200001169997,TAXA SOFR,TAXAS DE JUROS INTERNACIONAL,3.63,,,2026-07-15
2026-07-15,9800656,TAXA SELIC,TAXAS DE JUROS NACIONAL,,14.15,,2026-07-15
2026-07-15,9800334,TAXA CDI CETIP,TAXAS DE JUROS NACIONAL,,14.15,,2026-07-15
2026-07-16,1001-44-64,DIF OPER CASADA - COMPRA,TAXAS DE CÂMBIO,,19.64,,2026-07-16
2026-07-16,1000-89-89,DÓLAR CUPOM LIMPO,TAXAS DE CÂMBIO,5.1011,,,2026-07-16
2026-07-16,1000-95-06,DÓLAR BMF SPOT - 2 DIAS,TAXAS DE CÂMBIO,5.1004,,,2026-07-16
2026-07-16,9800508,DOLAR SPOT BMF PARA 1 DIA,TAXAS DE CÂMBIO,5.0982,,,2026-07-16
2026-07-16,200001169997,TAXA SOFR,TAXAS DE JUROS INTERNACIONAL,3.64,,,2026-07-16
2026-07-16,9800656,TAXA SELIC,TAXAS DE JUROS NACIONAL,,14.15,,2026-07-16
2026-07-16,9800334,TAXA CDI CETIP,TAXAS DE JUROS NACIONAL,,14.15,,2026-07-16
2026-07-17,1001-44-64,DIF OPER CASADA - COMPRA,TAXAS DE CÂMBIO,,17.74,,2026-07-17
2026-07-17,1000-89-89,DÓLAR CUPOM LIMPO,TAXAS DE CÂMBIO,5.1102,,,2026-07-17
2026-07-17,1000-95-06,DÓLAR BMF SPOT - 2 DIAS,TAXAS DE CÂMBIO,5.1091,,,2026-07-17
2026-07-17,9800508,DOLAR SPOT BMF PARA 1 DIA,TAXAS DE CÂMBIO,5.1080,,,2026-07-17
2026-07-17,200001169997,TAXA SOFR,TAXAS DE JUROS INTERNACIONAL,3.62,,,2026-07-17
2026-07-17,9800656,TAXA SELIC,TAXAS DE JUROS NACIONAL,,14.15,,2026-07-17
2026-07-17,9800334,TAXA CDI CETIP,TAXAS DE JUROS NACIONAL,,14.15,,2026-07-17
2026-07-20,1001-44-64,DIF OPER CASADA - COMPRA,TAXAS DE CÂMBIO,,15.60,,2026-07-20
2026-07-20,1000-89-89,DÓLAR CUPOM LIMPO,TAXAS DE CÂMBIO,5.0904,,,2026-07-20
2026-07-20,1000-95-06,DÓLAR BMF SPOT - 2 DIAS,TAXAS DE CÂMBIO,5.0911,,,2026-07-20
2026-07-20,9800508,DOLAR SPOT BMF PARA 1 DIA,TAXAS DE CÂMBIO,5.0889,,,2026-07-20
2026-07-20,200001169997,TAXA SOFR,TAXAS DE JUROS INTERNACIONAL,3.59,,,2026-07-20
2026-07-20,9800656,TAXA SELIC,TAXAS DE JUROS NACIONAL,,14.15,,2026-07-20
2026-07-20,9800334,TAXA CDI CETIP,TAXAS DE JUROS NACIONAL,,14.15,,2026-07-20
2026-07-21,1001-44-64,DIF OPER CASADA - COMPRA,TAXAS DE CÂMBIO,,13.47,,2026-07-21
2026-07-21,1000-89-89,DÓLAR CUPOM LIMPO,TAXAS DE CÂMBIO,5.0704,,,2026-07-21
2026-07-21,1000-95-06,DÓLAR BMF SPOT - 2 DIAS,TAXAS DE CÂMBIO,5.0712,,,2026-07-21
2026-07-21,9800508,DOLAR SPOT BMF PARA 1 DIA,TAXAS DE CÂMBIO,5.0690,,,2026-07-21
2026-07-21,200001169997,TAXA SOFR,TAXAS DE JUROS INTERNACIONAL,3.57,,,2026-07-21
2026-07-21,9800656,TAXA SELIC,TAXAS DE JUROS NACIONAL,,14.15,,2026-07-21
2026-07-21,9800334,TAXA CDI CETIP,TAXAS DE JUROS NACIONAL,,14.15,,2026-07-21
2026-07-22,1001-44-64,DIF OPER CASADA - COMPRA,TAXAS DE CÂMBIO,,11.40,,2026-07-22
2026-07-22,1000-89-89,DÓLAR CUPOM LIMPO,TAXAS DE CÂMBIO,5.0570,,,2026-07-22
2026-07-22,1000-95-06,DÓLAR BMF SPOT - 2 DIAS,TAXAS DE CÂMBIO,5.0573,,,2026-07-22
2026-07-22,9800508,DOLAR SPOT BMF PARA 1 DIA,TAXAS DE CÂMBIO,5.0552,,,2026-07-22
2026-07-22,200001169997,TAXA SOFR,TAXAS DE JUROS INTERNACIONAL,3.61,,,2026-07-22
2026-07-22,9800656,TAXA SELIC,TAXAS DE JUROS NACIONAL,,14.15,,2026-07-22
2026-07-22,9800334,TAXA CDI CETIP,TAXAS DE JUROS NACIONAL,,14.15,,2026-07-22
2026-07-23,1001-44-64,DIF OPER CASADA - COMPRA,TAXAS DE CÂMBIO,,10.68,,2026-07-23
2026-07-23,1000-89-89,DÓLAR CUPOM LIMPO,TAXAS DE CÂMBIO,5.0898,,,2026-07-23
2026-07-23,1000-95-06,DÓLAR BMF SPOT - 2 DIAS,TAXAS DE CÂMBIO,5.0890,,,2026-07-23
2026-07-23,9800508,DOLAR SPOT BMF PARA 1 DIA,TAXAS DE CÂMBIO,5.0868,,,2026-07-23
2026-07-23,200001169997,TAXA SOFR,TAXAS DE JUROS INTERNACIONAL,3.62,,,2026-07-23
2026-07-23,9800656,TAXA SELIC,TAXAS DE JUROS NACIONAL,,14.15,,2026-07-23
2026-07-23,9800334,TAXA CDI CETIP,TAXAS DE JUROS NACIONAL,,14.15,,2026-07-23
2026-07-24,1001-44-64,DIF OPER CASADA - COMPRA,TAXAS DE CÂMBIO,,8.76,,2026-07-24
2026-07-24,1000-89-89,DÓLAR CUPOM LIMPO,TAXAS DE CÂMBIO,5.0743,,,2026-07-24
2026-07-24,1000-95-06,DÓLAR BMF SPOT - 2 DIAS,TAXAS DE CÂMBIO,5.0742,,,2026-07-24
2026-07-24,9800508,DOLAR SPOT BMF PARA 1 DIA,TAXAS DE CÂMBIO,5.0731,,,2026-07-24
2026-07-24,200001169997,TAXA SOFR,TAXAS DE JUROS INTERNACIONAL,3.64,,,2026-07-24
2026-07-24,9800656,TAXA SELIC,TAXAS DE JUROS NACIONAL,,14.15,,2026-07-24
2026-07-24,9800334,TAXA CDI CETIP,TAXAS DE JUROS NACIONAL,,14.15,,2026-07-24
2026-07-27,1001-44-64,DIF OPER CASADA - COMPRA,TAXAS DE CÂMBIO,,6.86,,2026-07-27
2026-07-27,1000-89-89,DÓLAR CUPOM LIMPO,TAXAS DE CÂMBIO,5.1103,,,2026-07-27
2026-07-27,1000-95-06,DÓLAR BMF SPOT - 2 DIAS,TAXAS DE CÂMBIO,5.1091,,,2026-07-27
2026-07-27,9800508,DOLAR SPOT BMF PARA 1 DIA,TAXAS DE CÂMBIO,5.1069,,,2026-07-27
2026-07-27,200001169997,TAXA SOFR,TAXAS DE JUROS INTERNACIONAL,3.64,,,2026-07-27
2026-07-27,9800656,TAXA SELIC,TAXAS DE JUROS NACIONAL,,14.15,,2026-07-27
2026-07-27,9800334,TAXA CDI CETIP,TAXAS DE JUROS NACIONAL,,14.15,,2026-07-27
2026-07-28,1001-44-64,DIF OPER CASADA - COMPRA,TAXAS DE CÂMBIO,,4.85,,2026-07-28
2026-07-28,1000-89-89,DÓLAR CUPOM LIMPO,TAXAS DE CÂMBIO,5.1201,,,2026-07-28
2026-07-28,1000-95-06,DÓLAR BMF SPOT - 2 DIAS,TAXAS DE CÂMBIO,5.1202,,,2026-07-28
2026-07-28,9800508,DOLAR SPOT BMF PARA 1 DIA,TAXAS DE CÂMBIO,5.1180,,,2026-07-28
2026-07-28,200001169997,TAXA SOFR,TAXAS DE JUROS INTERNACIONAL,3.64,,,2026-07-28
2026-07-28,9800656,TAXA SELIC,TAXAS DE JUROS NACIONAL,,14.15,,2026-07-28
2026-07-28,9800334,TAXA CDI CETIP,TAXAS DE JUROS NACIONAL,,14.15,,2026-07-28
2026-07-29,1001-44-64,DIF OPER CASADA - COMPRA,TAXAS DE CÂMBIO,,3.00,,2026-07-29
2026-07-29,1000-89-89,DÓLAR CUPOM LIMPO,TAXAS DE CÂMBIO,5.0983,,,2026-07-29
2026-07-29,1000-95-06,DÓLAR BMF SPOT - 2 DIAS,TAXAS DE CÂMBIO,5.1133,,,2026-07-29
2026-07-29,9800508,DOLAR SPOT BMF PARA 1 DIA,TAXAS DE CÂMBIO,5.1111,,,2026-07-29
2026-07-29,200001169997,TAXA SOFR,TAXAS DE JUROS INTERNACIONAL,3.65,,,2026-07-29
2026-07-29,9800656,TAXA SELIC,TAXAS DE JUROS NACIONAL,,14.15,,2026-07-28
2026-07-29,9800334,TAXA CDI CETIP,TAXAS DE JUROS NACIONAL,,14.15,,2026-07-28
2026-07-30,1001-44-64,DIF OPER CASADA - COMPRA,TAXAS DE CÂMBIO,,3.00,,2026-07-29
2026-07-30,1000-89-89,DÓLAR CUPOM LIMPO,TAXAS DE CÂMBIO,5.0983,,,2026-07-29
2026-07-30,1000-95-06,DÓLAR BMF SPOT - 2 DIAS,TAXAS DE CÂMBIO,5.1133,,,2026-07-29
2026-07-30,9800508,DOLAR SPOT BMF PARA 1 DIA,TAXAS DE CÂMBIO,5.1111,,,2026-07-29
2026-07-30,200001169997,TAXA SOFR,TAXAS DE JUROS INTERNACIONAL,3.65,,,2026-07-29
2026-07-30,9800656,TAXA SELIC,TAXAS DE JUROS NACIONAL,,14.15,,2026-07-29
2026-07-30,9800334,TAXA CDI CETIP,TAXAS DE JUROS NACIONAL,,14.15,,2026-07-29
