data_captura,data_referencia,empresa,pertence_ibov,pertence_ibrx100,valor_mercado_brl,valor_mercado_brl_anterior,variacao_brl_pct,valor_mercado_usd,valor_mercado_usd_anterior,variacao_usd_pct
2026-09-13,2026-08-31,PETROBRAS,SIM,SIM,619471308283.36,601454116849.46,3.0,119552128354.82,118459440420.98,0.92
2026-09-13,2026-08-31,ITAUUNIBANCO,SIM,SIM,455668680606.42,488391212831.63,-6.7,87939763896.56,96191127731.6,-8.58
2026-09-13,2026-08-31,VALE,SIM,SIM,345588586693.2,338619105882.56,2.06,66695342499.07,66692751242.31,0.0
2026-09-13,2026-08-31,AMBEV S/A,SIM,SIM,232734513281.67,252061001575.11,-7.67,44915569183.59,49644693355.74,-9.53
2026-09-13,2026-08-31,BTGP BANCO,SIM,SIM,212823057797.29,220953201233.93,-3.68,41072845800.0,43517854220.54,-5.62
2026-09-13,2026-08-31,WEG,SIM,SIM,210495497599.7,198113409505.6,6.25,40623648602.69,39019441338.03,4.11
2026-09-13,2026-08-31,BRADESCO,SIM,SIM,171362867783.7,182269336970.4,-5.98,33071419596.98,35898870850.73,-7.88
2026-09-13,2026-08-31,AXIA ENERGIA,SIM,SIM,156355797182.86,154969864214.85,0.89,30175196306.71,30522101159.05,-1.14
2026-09-13,2026-08-31,ITAUSA,SIM,SIM,148710505655.14,155358515599.1,-4.28,28699727044.76,30598648021.41,-6.21
2026-09-13,2026-08-31,BRASIL,SIM,SIM,118857497989.6,122353306754.0,-2.86,22938377719.16,24098104652.87,-4.81
2026-09-13,2026-08-31,SANTANDER BR,SIM,SIM,110828288933.78,107303979339.81,3.28,21388815990.0,21134063250.12,1.21
2026-09-13,2026-08-31,TELEF BRASIL,SIM,SIM,96312416666.7,105282216275.86,-8.52,18587389352.07,20735866755.14,-10.36
2026-09-13,2026-08-31,SABESP,SIM,SIM,89100220152.0,97629592492.5,-8.74,17195503348.77,19228643667.4,-10.57
2026-09-13,2026-08-31,B3,SIM,SIM,81854230000.0,79381445000.0,3.12,15797095491.74,15634578417.66,1.04
2026-09-13,2026-08-31,REDE D OR,SIM,SIM,78813493316.2,77603735317.6,1.56,15210261949.24,15284449474.64,-0.49
2026-09-13,2026-08-31,BBSEGURIDADE,SIM,SIM,78432560000.0,80102164000.0,-2.08,15136745406.82,15776527682.04,-4.06
2026-09-13,2026-08-31,EMBRAER,SIM,SIM,69226076963.56,64339007673.16,7.6,13359980886.9,12671894052.58,5.43
2026-09-13,2026-08-31,CAIXA SEGURI,SIM,SIM,58020000000.0,60750000000.0,-4.49,11197313571.1,11965020778.76,-6.42
2026-09-13,2026-08-31,SUZANO S.A.,SIM,SIM,57264527959.5,54761575081.8,4.57,11051514582.27,10785570102.57,2.47
2026-09-13,2026-08-31,PRIO,SIM,SIM,54688003084.84,53091336753.55,3.01,10554269547.02,10456608188.12,0.93
2026-09-13,2026-08-31,CPFL ENERGIA,SIM,SIM,51321412757.6,53165019861.6,-3.47,9904549320.21,10471120450.16,-5.41
2026-09-13,2026-08-31,ENEVA,SIM,SIM,50961971039.12,50963246592.27,0.0,9835180453.74,10037470031.76,-2.02
2026-09-13,2026-08-31,EQUATORIAL,SIM,SIM,46181723013.49,48687903237.02,-5.15,8912637604.89,9589329611.61,-7.06
2026-09-13,2026-08-31,COPEL,SIM,SIM,44593018320.5,44235081049.7,0.81,8606032561.47,8712323685.76,-1.22
2026-09-13,2026-08-31,GERDAU,SIM,SIM,44592128610.56,47086386123.71,-5.3,8605860855.83,9273902689.17,-7.2
2026-09-13,2026-08-31,TIM,SIM,SIM,44517462794.29,46479006023.27,-4.22,8591451056.49,9154276096.21,-6.15
2026-09-13,2026-08-31,ENGIE BRASIL,SIM,SIM,41613289057.6,42208169296.0,-1.41,8030972876.64,8313113130.21,-3.39
2026-09-13,2026-08-31,VIBRA,SIM,SIM,41254556737.02,43208215292.55,-4.52,7961740917.29,8510077264.01,-6.44
2026-09-13,2026-08-31,BRADSAUDE,NAO,SIM,40558650268.97,46553259717.52,-12.88,7827437522.96,9168900738.09,-14.63
2026-09-13,2026-08-31,LOCALIZA,SIM,SIM,39402375667.9,42238424250.45,-6.71,7604287414.68,8319071997.02,-8.59
2026-09-13,2026-08-31,ULTRAPAR,SIM,SIM,38853892577.86,36878838302.65,5.36,7498435343.88,7263474347.12,3.23
2026-09-13,2026-08-31,CEMIG,SIM,SIM,36140659302.97,37235616244.3,-2.94,6974806874.9,7333743573.22,-4.89
2026-09-13,2026-08-31,RAIADROGASIL,SIM,SIM,34346399942.4,32383748517.12,6.06,6628531716.54,6378143603.32,3.93
2026-09-13,2026-08-31,CSNMINERACAO,SIM,SIM,32157703664.96,31016974311.98,3.68,6206133948.0,6108950487.85,1.59
2026-09-13,2026-08-31,PORTO SEGURO,SIM,SIM,31734443824.8,35368257482.0,-10.27,6124448785.09,6965957788.98,-12.08
2026-09-13,2026-08-31,MOTIVA SA,SIM,SIM,31229200000.0,29815200000.0,4.74,6026941485.26,5872254938.65,2.63
2026-09-13,2026-08-31,RUMO S.A.,SIM,SIM,28031135544.36,26841485229.48,4.43,5409745164.5,5286566724.34,2.33
2026-09-13,2026-08-31,MARFRIG,SIM,SIM,25206826055.18,24212909584.22,4.1,4864680032.26,4768855412.17,2.01
2026-09-13,2026-08-31,ENERGISA,SIM,SIM,24176324448.0,25087973349.06,-3.63,4665802927.28,4941203661.21,-5.57
2026-09-13,2026-08-31,KLABIN S/A,SIM,SIM,23592790053.0,22781397802.5,3.56,4553186284.74,4486911902.49,1.48
2026-09-13,2026-08-31,COPASA,SIM,SIM,20997574470.18,24400839437.73,-13.95,4052334118.84,4805869150.48,-15.68
2026-09-13,2026-08-31,TOTVS,SIM,SIM,20539786046.45,18617413105.86,10.33,3963985264.48,3666793986.15,8.1
2026-09-13,2026-08-31,ISA ENERGIA,SIM,SIM,20318211855.92,19974721361.56,1.72,3921223532.48,3934122734.83,-0.33
2026-09-13,2026-08-31,COMGAS,NAO,NAO,16466589432.37,16445651954.22,0.13,3177896679.09,3239054606.63,-1.89
2026-09-13,2026-08-31,COMPASS,NAO,NAO,16426372185.0,17740481959.8,-7.41,3170135129.11,3494077946.9,-9.27
2026-09-13,2026-08-31,COSAN,SIM,SIM,15469626634.8,16143943693.24,-4.18,2985492248.49,3179631633.59,-6.11
2026-09-13,2026-08-31,HYPERA,SIM,SIM,15276996580.3,14974272684.93,2.02,2948316462.15,2949258992.95,-0.03
2026-09-13,2026-08-31,MULTIPLAN,SIM,SIM,14327530531.92,14435294909.13,-0.75,2765078456.83,2843104584.94,-2.74
2026-09-13,2026-08-31,REDE ENERGIA,NAO,NAO,14150805356.89,14946948670.98,-5.33,2730972162.44,2943877389.75,-7.23
2026-09-13,2026-08-31,TAESA,SIM,SIM,13469907229.25,13662826651.62,-1.41,2599565236.46,2690963041.7,-3.4
2026-09-13,2026-08-31,ALLOS,SIM,SIM,13456856375.43,13658532754.23,-1.48,2597046544.59,2690117336.82,-3.46
2026-09-13,2026-08-31,GERDAU MET,SIM,SIM,13255926054.72,13922775696.48,-4.79,2558268885.04,2742161325.21,-6.71
2026-09-13,2026-08-31,EQTL PARA,NAO,NAO,12429646004.25,11747275303.15,5.81,2398804617.15,2313685483.06,3.68
2026-09-13,2026-08-31,NATURA,SIM,SIM,12013633922.18,11518793165.66,4.3,2318518203.29,2268684766.64,2.2
2026-09-13,2026-08-31,AUREN,SIM,SIM,11753729529.06,11533150154.52,1.91,2268359103.18,2271512448.45,-0.14
2026-09-13,2026-08-31,COELBA,NAO,NAO,11540226862.55,11473347914.59,0.58,2227155099.3,2259734093.83,-1.44
2026-09-13,2026-08-31,ASSAI,SIM,SIM,11431080304.44,11505015727.0,-0.64,2206090841.52,2265971230.18,-2.64
2026-09-13,2026-08-31,LOJAS RENNER,SIM,SIM,10974611535.5,13693093292.0,-19.85,2117996668.11,2696924210.11,-21.47
2026-09-13,2026-08-31,CYRELA REALT,SIM,SIM,10905877808.5,9620704186.5,13.36,2104731706.13,1894846510.25,11.08
2026-09-13,2026-08-31,NORD BRASIL,NAO,NAO,10847102415.1,11449170884.0,-5.26,2093388608.75,2254972304.97,-7.17
2026-09-13,2026-08-31,ALUPAR,NAO,NAO,10791983592.62,10752428368.58,0.37,2082751195.12,2117745330.9,-1.65
2026-09-13,2026-08-31,FLEURY,SIM,SIM,10768719391.68,9378854185.64,14.82,2078261423.44,1847212925.3,12.51
2026-09-13,2026-08-31,GRUPO MATEUS,NAO,SIM,10666096589.84,9283881049.04,14.89,2058456189.18,1828507484.1,12.58
2026-09-13,2026-08-31,SMART FIT,SIM,SIM,10357142677.64,12137757926.8,-14.67,1998830993.83,2390593017.31,-16.39
2026-09-13,2026-08-31,SANEPAR,NAO,SIM,10131121799.38,10950195190.67,-7.48,1955211092.98,2156696510.09,-9.34
2026-09-13,2026-08-31,CURY S/A,SIM,SIM,10042351564.4,9269152103.46,8.34,1938079273.66,1825606543.53,6.16
2026-09-13,2026-08-31,GPS,NAO,SIM,9344193048.54,8817547707.64,5.97,1803341255.31,1736660766.08,3.84
2026-09-13,2026-08-31,ORIZON,NAO,SIM,9096348450.24,9681349120.5,-6.04,1755509582.03,1906790837.75,-7.93
2026-09-13,2026-08-31,CEG,NAO,NAO,9087320620.0,9087320620.0,0.0,1753767295.82,1789793910.15,-2.01
2026-09-13,2026-08-31,USIMINAS,SIM,SIM,8930225658.52,8616223523.33,3.64,1723449447.76,1697008946.36,1.56
2026-09-13,2026-08-31,ELEKTRO,NAO,NAO,8656675601.98,8780967119.44,-1.42,1670656863.13,1729456033.61,-3.4
2026-09-13,2026-08-31,ALPARGATAS,NAO,NAO,8612846507.47,7304924579.81,17.9,1662198260.67,1438741965.18,15.53
2026-09-13,2026-08-31,BRADESPAR,SIM,SIM,8230016029.06,8178959766.8,0.62,1588315583.81,1610887630.59,-1.4
2026-09-13,2026-08-31,SLC AGRICOLA,SIM,SIM,8014847095.1,6673220543.4,20.1,1546790006.0,1314324649.6,17.69
2026-09-13,2026-08-31,BRAVA,SIM,SIM,7957866000.84,9198233906.4,-13.48,1535793191.45,1811638844.74,-15.23
2026-09-13,2026-08-31,JHSF PART,NAO,SIM,7452941577.2,7562342554.48,-1.45,1438347533.04,1489441741.57,-3.43
2026-09-13,2026-08-31,CBA,NAO,SIM,7311546387.31,7213885482.76,1.35,1411059593.04,1420811353.03,-0.69
2026-09-13,2026-08-31,IGUATEMI S.A,SIM,SIM,7283577851.88,7372655478.62,-1.21,1405661929.11,1452081909.4,-3.2
2026-09-13,2026-08-31,ENERGISA MT,NAO,NAO,7208543910.55,7839096694.87,-8.04,1391181085.1,1543949873.92,-9.89
2026-09-13,2026-08-31,SID NACIONAL,SIM,SIM,7054819798.04,6418294703.48,9.92,1361513779.15,1264115711.79,7.7
2026-09-13,2026-08-31,AZUL,NAO,NAO,6928888971.2,8167243595.84,-15.16,1337210315.58,1608580071.27,-16.87
2026-09-13,2026-08-31,SAO MARTINHO,NAO,SIM,6565598972.25,4826961877.32,36.02,1267098767.22,950694636.39,33.28
2026-09-13,2026-08-31,MERCANTIL,NAO,NAO,6472187292.68,6420020253.9,0.81,1249071192.81,1264455567.7,-1.22
2026-09-13,2026-08-31,FRAS-LE,NAO,NAO,6453313794.82,5934693876.47,8.74,1245428785.48,1168868074.86,6.55
2026-09-13,2026-08-31,BANRISUL,NAO,NAO,6419975927.04,6501235496.44,-1.25,1238994890.97,1280451321.85,-3.24
2026-09-13,2026-08-31,UNIPAR,NAO,NAO,6326881513.9,6991205819.91,-9.5,1221028545.99,1376953463.44,-11.32
2026-09-13,2026-08-31,ABC BRASIL,NAO,NAO,6019884971.1,6254425944.0,-3.75,1161781104.5,1231840928.05,-5.69
2026-09-13,2026-08-31,M.DIASBRANCO,NAO,NAO,5857920000.0,5813850000.0,0.76,1130523390.46,1145067260.16,-1.27
2026-09-13,2026-08-31,DIRECIONAL,SIM,SIM,5787960000.0,5907675000.0,-2.03,1117021769.34,1163546570.03,-4.0
2026-09-13,2026-08-31,3TENTOS,NAO,NAO,5763490316.97,5908704234.6,-2.46,1112299350.97,1163749283.0,-4.42
2026-09-13,2026-08-31,LIGHT S/A,NAO,NAO,5717923467.85,5247979299.26,8.95,1103505378.23,1033616154.11,6.76
2026-09-13,2026-08-31,CELESC,NAO,NAO,5605976930.92,5255713175.45,6.66,1081900750.91,1035139380.27,4.52
2026-09-13,2026-08-31,WHIRLPOOL,NAO,NAO,5493845310.21,5753968793.25,-4.52,1060260404.16,1133273352.62,-6.44
2026-09-13,2026-08-31,MARCOPOLO,SIM,SIM,5355251138.96,6452073729.31,-17.0,1033513034.38,1270768662.34,-18.67
2026-09-13,2026-08-31,VIVARA S.A.,SIM,SIM,5262486293.32,5238866516.42,0.45,1015610292.83,1031821345.29,-1.57
2026-09-13,2026-08-31,ECORODOVIAS,NAO,SIM,5076276492.96,4825596172.32,5.19,979673555.07,950425653.86,3.08
2026-09-13,2026-08-31,INTELBRAS,NAO,SIM,4891233872.3,4799502761.5,1.91,943962072.0,945286424.18,-0.14
2026-09-13,2026-08-31,DEXCO,NAO,NAO,4778977819.2,4687074399.6,1.96,922297710.98,923143087.78,-0.09
2026-09-13,2026-08-31,COGNA ON,SIM,SIM,4747813711.3,4706528374.68,0.88,916283331.65,926974646.9,-1.15
2026-09-13,2026-08-31,HIDROVIAS,NAO,NAO,4693320118.35,4271601499.02,9.87,905766581.43,841313591.68,7.66
2026-09-13,2026-08-31,IRBBRASIL RE,NAO,SIM,4656041784.54,4588112189.16,1.48,898572214.09,903651978.25,-0.56
2026-09-13,2026-08-31,METAL LEVE,NAO,NAO,4436191470.0,4320983320.0,2.67,856143173.92,851039591.91,0.6
2026-09-13,2026-08-31,VULCABRAS,NAO,NAO,4280040008.2,4426311806.4,-3.3,826007412.42,871784571.8,-5.25
2026-09-13,2026-08-31,TENDA,NAO,SIM,4057336831.2,3717795350.16,9.13,783027796.67,732238660.34,6.94
2026-09-13,2026-08-31,AMPLA ENERG,NAO,NAO,3992902937.83,4536771669.43,-11.99,770592662.08,893540202.36,-13.76
2026-09-13,2026-08-31,SIMPAR,NAO,SIM,3852811320.6,4500784133.61,-14.4,743556299.33,886452274.56,-16.12
2026-09-13,2026-08-31,MINERVA,SIM,SIM,3822069080.08,3661979774.52,4.37,737623336.44,721245499.48,2.27
2026-09-13,2026-08-31,MAGAZ LUIZA,SIM,SIM,3732295498.1,3903003400.3,-4.37,720297880.6,768716325.67,-6.3
2026-09-13,2026-08-31,MILLS,NAO,NAO,3687674751.42,3689258910.75,-0.04,711686496.72,726618263.79,-2.06
2026-09-13,2026-08-31,VAMOS,SIM,SIM,3653262326.35,4080901729.1,-10.48,705045222.78,803754304.28,-12.28
2026-09-13,2026-08-31,AMAZONIA,NAO,NAO,3562505918.25,3531113261.85,0.89,687530090.75,695470675.72,-1.14
2026-09-13,2026-08-31,RIACHUELO,NAO,NAO,3529521160.97,3991421512.05,-11.57,681164343.25,786130721.46,-13.35
2026-09-13,2026-08-31,BANCO BMG,NAO,NAO,3494249121.44,3448869262.72,1.32,674357171.81,679272302.74,-0.72
2026-09-13,2026-08-31,GER PARANAP,NAO,NAO,3389840082.09,3493716693.39,-2.97,654207210.53,688105231.79,-4.93
2026-09-13,2026-08-31,HAPVIDA,SIM,SIM,3322390143.24,5669676371.52,-41.4,641190007.57,1116671532.41,-42.58
2026-09-13,2026-08-31,EZTEC,NAO,SIM,3300572421.3,3070364428.89,7.5,636979392.72,604723854.98,5.33
2026-09-13,2026-08-31,BRASKEM,NAO,NAO,3286070889.28,4321226540.24,-23.96,634180733.61,851087495.37,-25.49
2026-09-13,2026-08-31,DASA,NAO,NAO,3275568395.28,3275568395.28,0.0,632153851.18,645139817.48,-2.01
2026-09-13,2026-08-31,PETRORECSA,SIM,SIM,3196020352.14,3131454284.42,2.06,616801828.03,616755812.03,0.01
2026-09-13,2026-08-31,GRENDENE,NAO,NAO,3139516800.0,3383100000.0,-7.2,605897174.62,666318712.7,-9.07
2026-09-13,2026-08-31,MRV,SIM,SIM,3101225098.21,2667841554.54,16.24,598507236.8,525444932.26,13.9
2026-09-13,2026-08-31,AZZAS 2154,SIM,SIM,3068438621.18,3390562729.46,-9.5,592179755.52,667788535.14,-11.32
2026-09-13,2026-08-31,BANESTES,NAO,NAO,3026265000.44,3074545254.44,-1.57,584040643.9,605547289.79,-3.55
2026-09-13,2026-08-31,LOG-IN,NAO,NAO,3004581608.0,3031408229.5,-0.88,579855953.37,597051233.83,-2.88
2026-09-13,2026-08-31,PETZCOBASI,NAO,SIM,2961130709.84,3004170400.39,-1.43,571470339.25,591686605.16,-3.42
2026-09-13,2026-08-31,EMAE,NAO,NAO,2946006276.0,3016957299.0,-2.35,568551465.96,594205049.73,-4.32
2026-09-13,2026-08-31,MOVIDA,NAO,SIM,2935760269.3,3169012455.08,-7.36,566574083.16,624153084.33,-9.23
2026-09-13,2026-08-31,PINE,NAO,NAO,2760228093.12,3275741424.8,-15.74,532698026.31,645173896.52,-17.43
2026-09-13,2026-08-31,CEA MODAS,SIM,SIM,2564598965.76,2909833441.92,-11.86,494943447.15,573106462.47,-13.64
2026-09-13,2026-08-31,PAGUE MENOS,NAO,NAO,2555360667.18,2301996295.08,11.01,493160542.53,453389851.91,8.77
2026-09-13,2026-08-31,MOURA DUBEUX,NAO,SIM,2548041933.3,2575137675.74,-1.05,491748095.82,507186432.9,-3.04
2026-09-13,2026-08-31,COELCE,NAO,NAO,2544718138.2,2908093175.06,-12.5,491106634.67,572763708.09,-14.26
2026-09-13,2026-08-31,GRANJA FARIA,NAO,NAO,2540784273.99,2540784273.99,0.0,490347435.93,500420356.09,-2.01
2026-09-13,2026-08-31,YDUQS PART,SIM,SIM,2392795669.23,2263973909.26,5.69,461787028.95,445901150.07,3.56
2026-09-13,2026-08-31,RAIZEN,NAO,NAO,2381077181.32,2691652465.84,-11.54,459525471.15,530134612.07,-13.32
2026-09-13,2026-08-31,LWSA,NAO,NAO,2364924199.6,2115048222.0,11.81,456408097.81,416569480.24,9.56
2026-09-13,2026-08-31,FERBASA,NAO,NAO,2320359750.0,2558164250.0,-9.3,447807578.74,503843430.56,-11.12
2026-09-13,2026-08-31,TEGMA,NAO,NAO,2251359430.65,2009788761.75,12.02,434491166.95,395838095.4,9.76
2026-09-13,2026-08-31,DESKTOP,NAO,NAO,2197520482.5,2162183374.8,1.63,424100757.01,425852987.77,-0.41
2026-09-13,2026-08-31,BEMOBI TECH,NAO,NAO,2180445744.24,2037479729.6,7.02,420805493.33,401291972.03,4.86
2026-09-13,2026-08-31,BLAU,NAO,NAO,2164208482.88,2005624240.6,7.91,417671854.81,395017871.82,5.73
2026-09-13,2026-08-31,LOG COM PROP,NAO,NAO,2161335188.4,2234258286.22,-3.26,417117336.04,440048507.32,-5.21
2026-09-13,2026-08-31,RANDON PART,NAO,SIM,2145273999.35,1693516177.82,26.68,414017677.81,333546605.05,24.13
2026-09-13,2026-08-31,VITRUEDUCA,NAO,NAO,2106600478.22,1947781381.0,8.15,406554052.46,383625427.1,5.98
2026-09-13,2026-08-31,OCEANPACT,NAO,NAO,2051585024.04,2059583406.2,-0.39,395936587.93,405645403.3,-2.39
2026-09-13,2026-08-31,TUPY,NAO,NAO,2018544324.6,2082120523.8,-3.05,389560044.12,410084202.98,-5.0
2026-09-13,2026-08-31,LAVVI,NAO,NAO,1973886955.2,2016882512.64,-2.13,380941592.4,397235245.63,-4.1
2026-09-13,2026-08-31,BRASILAGRO,NAO,NAO,1972548959.24,1955092773.76,0.89,380683371.78,385065443.0,-1.14
2026-09-13,2026-08-31,TRACK FIELD,NAO,NAO,1958126059.17,2250772442.04,-13.0,377899887.91,443301054.11,-14.75
2026-09-13,2026-08-31,EUCATEX,NAO,NAO,1947180876.56,2098985188.0,-7.23,375787570.74,413405784.18,-9.1
2026-09-13,2026-08-31,UNIFIQUE,NAO,NAO,1943551966.02,2155067888.4,-9.81,375087225.19,424451556.61,-11.63
2026-09-13,2026-08-31,GRUPO SBF,NAO,NAO,1898364670.62,2179774743.3,-12.91,366366502.74,429317697.06,-14.66
2026-09-13,2026-08-31,DIMED,NAO,NAO,1803025997.19,1781973149.85,1.18,347967036.67,350968654.57,-0.86
2026-09-13,2026-08-31,CRUZEIRO EDU,NAO,NAO,1797194781.36,1640441484.0,9.56,346841666.93,323093274.77,7.35
2026-09-13,2026-08-31,CEB,NAO,NAO,1790999924.9,1834986174.0,-2.4,345646117.98,361409838.69,-4.36
2026-09-13,2026-08-31,CAMIL,NAO,NAO,1771000000.0,1641500000.0,7.89,341786320.83,323301754.87,5.72
2026-09-13,2026-08-31,IRANI,NAO,NAO,1742589215.64,1869364886.09,-6.78,336303307.02,368180900.5,-8.66
2026-09-13,2026-08-31,BANPARA,NAO,NAO,1648820539.56,1679480733.99,-1.83,318206835.64,330782253.16,-3.8
2026-09-13,2026-08-31,MATER DEI,NAO,NAO,1634389242.5,1614376313.0,1.24,315421731.22,317959607.07,-0.8
2026-09-13,2026-08-31,SCHULZ,NAO,NAO,1615334005.6,1601039014.4,0.89,311744249.96,315332758.43,-1.14
2026-09-13,2026-08-31,SER EDUCA,NAO,NAO,1614168362.4,1562679738.4,3.29,311519291.8,307777704.37,1.22
2026-09-13,2026-08-31,JSL,NAO,NAO,1563821665.16,1598065935.2,-2.14,301802853.4,314747195.4,-4.11
2026-09-13,2026-08-31,MULTILASER,NAO,NAO,1559024527.5,1452354428.25,7.34,300877051.01,286048574.69,5.18
2026-09-13,2026-08-31,TELEBRAS,NAO,NAO,1462162870.05,1021284341.48,43.17,282183663.36,201147133.61,40.29
2026-09-13,2026-08-31,PLANOEPLANO,NAO,NAO,1457892150.0,1500711360.0,-2.85,281359454.61,295572717.78,-4.81
2026-09-13,2026-08-31,ONCOCLINICAS,NAO,NAO,1430223211.62,624303782.85,129.09,276019610.09,122959798.09,124.48
2026-09-13,2026-08-31,BR PARTNERS,NAO,NAO,1406942444.09,1509838213.03,-6.82,271526641.21,297370297.8,-8.69
2026-09-13,2026-08-31,IOCHP-MAXION,NAO,NAO,1401922761.12,1492617325.71,-6.08,270557889.67,293978556.66,-7.97
2026-09-13,2026-08-31,OUROFINO S/A,NAO,NAO,1370304752.4,1456623162.0,-5.93,264455911.76,286889323.46,-7.82
2026-09-13,2026-08-31,P.ACUCAR-CBD,NAO,NAO,1344734568.45,1275773821.35,5.41,259521107.08,251270128.09,3.28
2026-09-13,2026-08-31,VALID,NAO,NAO,1337259281.25,1458610571.25,-8.32,258078447.05,287280753.8,-10.17
2026-09-13,2026-08-31,METALFRIO,NAO,NAO,1308387285.0,1308387285.0,0.0,252506423.69,257693515.25,-2.01
2026-09-13,2026-08-31,BRB BANCO,NAO,NAO,1275575034.95,1449179601.88,-11.98,246173968.46,285423276.52,-13.75
2026-09-13,2026-08-31,WIZ CO,NAO,NAO,1272861964.72,1335225804.7,-4.67,245650371.45,262979497.9,-6.59
2026-09-13,2026-08-31,ARMAC,NAO,NAO,1240448867.26,1233518985.32,0.56,239394948.91,242947823.71,-1.46
2026-09-13,2026-08-31,BRISANET,NAO,NAO,1204520726.75,1208900802.12,-0.36,232461156.16,238099147.6,-2.37
2026-09-13,2026-08-31,KEPLER WEBER,NAO,NAO,1182558455.4,1146614429.4,3.13,228222644.63,225831530.42,1.06
2026-09-13,2026-08-31,ORANJEBTC,NAO,NAO,1160024416.0,1053801250.0,10.08,223873787.25,207551503.75,7.86
2026-09-13,2026-08-31,ANIMA,NAO,SIM,1134871342.05,880433994.9,28.9,219019480.86,173405943.1,26.3
2026-09-13,2026-08-31,TRISUL,NAO,NAO,1123216702.66,994782360.36,12.91,216770245.23,195927433.94,10.64
2026-09-13,2026-08-31,AMERICANAS,NAO,NAO,1021251024.9,929138089.92,9.91,197091829.72,182998461.77,7.7
2026-09-13,2026-08-31,PRINER,NAO,NAO,1003325945.6,1124926459.44,-10.81,193632458.24,221559974.68,-12.6
2026-09-13,2026-08-31,B100 S.A.,NAO,NAO,1001639422.0,913259473.0,9.68,193306975.07,179871087.59,7.47
2026-09-13,2026-08-31,BOA SAFRA,NAO,NAO,979128547.2,781883810.88,25.23,188962588.24,153995984.26,22.71
2026-09-13,2026-08-31,CVC BRASIL,NAO,SIM,977599440.42,688524337.07,41.98,188667485.03,135608362.14,39.13
2026-09-13,2026-08-31,ESTAPAR,NAO,NAO,951786881.22,962752167.87,-1.14,183685904.2,189618924.99,-3.13
2026-09-13,2026-08-31,PROFARMA,NAO,NAO,922405158.85,856784389.16,7.66,178015508.5,168748033.24,5.49
2026-09-13,2026-08-31,BANESE,NAO,NAO,916691304.1,923385008.7,-0.72,176912788.35,181865363.22,-2.72
2026-09-13,2026-08-31,DEXXOS PAR,NAO,NAO,888910598.01,890590893.75,-0.19,171551373.71,175406395.87,-2.2
2026-09-13,2026-08-31,BIOMM,NAO,NAO,858065074.68,754057186.84,13.79,165598478.21,148515389.45,11.5
2026-09-13,2026-08-31,EVEN,NAO,NAO,854000000.0,966000000.0,-11.59,164813957.08,190258602.01,-13.37
2026-09-13,2026-08-31,TERRASANTAPA,NAO,NAO,841985917.5,876627623.82,-3.95,162495352.3,172656259.0,-5.89
2026-09-13,2026-08-31,CELGPAR,NAO,NAO,837400036.02,837400036.02,0.0,161610320.37,164930186.52,-2.01
2026-09-13,2026-08-31,JALLESMACHAD,NAO,NAO,801350520.96,622260821.2,28.78,154653103.47,122557426.43,26.19
2026-09-13,2026-08-31,TAURUS ARMAS,NAO,NAO,770456976.39,691013405.66,11.5,148690940.33,136098596.83,9.25
2026-09-13,2026-08-31,SAO CARLOS,NAO,NAO,756358878.9,769638462.27,-1.73,145970140.28,151584200.71,-3.7
2026-09-13,2026-08-31,PAR AL BAHIA,NAO,NAO,704968746.76,711830842.0,-0.96,136052328.77,140198696.55,-2.96
2026-09-13,2026-08-31,PANATLANTICA,NAO,NAO,687654934.6,722497985.26,-4.82,132710926.08,142299644.55,-6.74
2026-09-13,2026-08-31,CEEE-D,NAO,NAO,682549300.0,498260989.0,36.99,131725586.69,98135030.23,34.23
2026-09-13,2026-08-31,CASAS BAHIA,NAO,NAO,669081861.36,790733108.88,-15.38,129126497.87,155738898.41,-17.09
2026-09-13,2026-08-31,WLM IND COM,NAO,NAO,642206550.13,663112918.5,-3.15,123939815.91,130603454.3,-5.1
2026-09-13,2026-08-31,ALFA HOLDING,NAO,NAO,602932705.21,553041946.97,9.02,116360333.72,108924417.89,6.83
2026-09-13,2026-08-31,TECHNOS,NAO,NAO,599956863.55,570691234.55,5.13,115786024.31,112400534.64,3.01
2026-09-13,2026-08-31,MELIUZ,NAO,NAO,587529245.28,518919166.24,13.22,113387611.02,102203763.07,10.94
2026-09-13,2026-08-31,GRAZZIOTIN,NAO,NAO,584906840.5,617764378.3,-5.32,112881511.6,121671829.18,-7.22
2026-09-13,2026-08-31,MELNICK,NAO,NAO,579616848.21,591993008.67,-2.09,111860592.91,116596027.15,-4.06
2026-09-13,2026-08-31,CSU DIGITAL,NAO,NAO,574332000.0,593560000.0,-3.24,110840666.98,116904654.05,-5.19
2026-09-13,2026-08-31,SYN PROP TEC,NAO,NAO,563258002.05,624315780.05,-9.78,108703489.67,122962161.0,-11.6
2026-09-13,2026-08-31,ROMI,NAO,NAO,531073257.9,546912284.89,-2.9,102492137.16,107717149.84,-4.85
2026-09-13,2026-08-31,METISA,NAO,NAO,523930428.85,525303588.85,-0.26,101113638.42,103461207.5,-2.27
2026-09-13,2026-08-31,EXCELSIOR,NAO,NAO,490366645.8,490366645.8,0.0,94636144.4,96580199.28,-2.01
2026-09-13,2026-08-31,ALLIED,NAO,NAO,487484602.88,439503834.88,10.92,94079937.25,86562510.56,8.68
2026-09-13,2026-08-31,VITTIA,NAO,NAO,480649451.2,477497651.52,0.66,92760817.35,94045585.55,-1.37
2026-09-13,2026-08-31,POSITIVO TEC,NAO,NAO,467940000.0,503390000.0,-7.04,90308012.97,99145214.98,-8.91
2026-09-13,2026-08-31,AFLUENTE T,NAO,NAO,459256616.0,452317299.0,1.53,88632201.64,89086187.34,-0.51
2026-09-13,2026-08-31,ALLIAR,NAO,NAO,450984066.72,495168316.5,-8.92,87035677.54,97525912.69,-10.76
2026-09-13,2026-08-31,SEQUOIA LOG,NAO,NAO,445934207.04,445934207.04,0.0,86061102.18,87829004.99,-2.01
2026-09-13,2026-08-31,TRIUNFO PART,NAO,NAO,439560000.0,365200000.0,20.36,84830940.25,71927993.22,17.94
2026-09-13,2026-08-31,AUTOMOB,NAO,NAO,439478261.2,501990255.25,-12.45,84815165.43,98869528.14,-14.22
2026-09-13,2026-08-31,QUALICORP,NAO,NAO,437382060.5,434541917.25,0.65,84410618.44,85585235.71,-1.37
2026-09-13,2026-08-31,DOHLER,NAO,NAO,430006963.05,431991789.24,-0.46,82987294.09,85082975.05,-2.46
2026-09-13,2026-08-31,LOJAS MARISA,NAO,NAO,385137226.5,292704292.14,31.58,74327857.52,57649595.68,28.93
2026-09-13,2026-08-31,BOMBRIL,NAO,NAO,364713690.6,315216832.59,15.7,70386307.43,62083554.76,13.37
2026-09-13,2026-08-31,CAMBUCI,NAO,NAO,359338180.0,394426496.4,-8.9,69348884.51,77684300.0,-10.73
2026-09-13,2026-08-31,CRISTAL,NAO,NAO,351027161.65,394357652.4,-10.99,67744936.25,77670740.83,-12.78
2026-09-13,2026-08-31,D1000VFARMA,NAO,NAO,330942586.68,347641524.54,-4.8,63868802.43,68469762.38,-6.72
2026-09-13,2026-08-31,MITRE REALTY,NAO,NAO,328959690.2,305689229.8,7.61,63486122.09,60207045.04,5.45
2026-09-13,2026-08-31,AZEVEDO,NAO,NAO,318007090.34,327464531.18,-2.89,61372373.46,64495801.15,-4.84
2026-09-13,2026-08-31,RENOVA,NAO,NAO,298492342.4,305330941.09,-2.24,57606210.9,60136478.26,-4.21
2026-09-13,2026-08-31,HABITASUL,NAO,NAO,292277984.0,295748785.06,-1.17,56406898.26,58249224.01,-3.16
2026-09-13,2026-08-31,HELBOR,NAO,NAO,289118315.52,250301504.64,15.51,55797112.0,49298151.51,13.18
2026-09-13,2026-08-31,AMBIPAR,NAO,NAO,283971177.3,283971177.3,0.0,54803762.8,55929564.39,-2.01
2026-09-13,2026-08-31,HBR REALTY,NAO,NAO,282737807.94,214633080.48,31.73,54565734.12,42273074.37,29.08
2026-09-13,2026-08-31,MINUPAR,NAO,NAO,279033930.0,279743940.0,-0.25,53850920.57,55096988.56,-2.26
2026-09-13,2026-08-31,VESTE,NAO,NAO,275946229.1,321746433.1,-14.23,53255023.37,63369592.72,-15.96
2026-09-13,2026-08-31,ACO ALTONA,NAO,NAO,257164597.43,266623556.96,-3.55,49630345.34,52512862.54,-5.49
2026-09-13,2026-08-31,ESPACOLASER,NAO,NAO,246851949.98,291306986.36,-15.26,47640101.51,57374389.21,-16.97
2026-09-13,2026-08-31,QUERO-QUERO,NAO,NAO,240024025.08,258646578.75,-7.2,46322376.31,50941756.2,-9.07
2026-09-13,2026-08-31,MELHOR SP,NAO,NAO,237766033.4,254097223.9,-6.43,45886605.18,50045737.68,-8.31
2026-09-13,2026-08-31,RIOSULENSE,NAO,NAO,233716206.72,257458227.2,-9.22,45105026.77,50707704.33,-11.05
2026-09-13,2026-08-31,KARSTEN,NAO,NAO,230617619.75,235242109.44,-1.97,44507028.67,46332127.2,-3.94
2026-09-13,2026-08-31,ETERNIT,NAO,NAO,226102264.5,232897687.75,-2.92,43635607.63,45870381.45,-4.87
2026-09-13,2026-08-31,PORTOBELLO,NAO,NAO,225579017.6,236857968.48,-4.76,43534625.91,46650378.84,-6.68
2026-09-13,2026-08-31,VIVEO,NAO,NAO,219518013.44,222746219.52,-1.45,42364909.19,43870998.27,-3.43
2026-09-13,2026-08-31,CONST A LIND,NAO,NAO,209594112.0,209594112.0,0.0,40449689.67,41280623.95,-2.01
2026-09-13,2026-08-31,SPTURIS,NAO,NAO,208753167.53,208564261.3,0.09,40287395.31,41077789.63,-1.92
2026-09-13,2026-08-31,BAUMER,NAO,NAO,203105000.0,205849000.0,-1.33,39197352.17,40543005.14,-3.32
2026-09-13,2026-08-31,LOPES BRASIL,NAO,NAO,185918835.06,213954214.95,-13.1,35880584.19,42139368.36,-14.85
2026-09-13,2026-08-31,IMC S/A,NAO,NAO,183472985.6,174872689.4,4.92,35408558.28,34442063.58,2.81
2026-09-13,2026-08-31,MUNDIAL,NAO,NAO,183440029.6,183539240.0,-0.05,35402198.09,36148984.7,-2.07
2026-09-13,2026-08-31,JOSAPAR,NAO,NAO,181076604.3,181076604.3,0.0,34946079.26,35663956.1,-2.01
2026-09-13,2026-08-31,BIC MONARK,NAO,NAO,168257500.0,171536247.5,-1.91,32472112.86,33784934.41,-3.89
2026-09-13,2026-08-31,FER HERINGER,NAO,NAO,168034726.08,185807629.8,-9.57,32429119.59,36595755.58,-11.39
2026-09-13,2026-08-31,BIOMA EDUC,NAO,NAO,164326825.49,191492686.43,-14.19,31713529.7,37715456.33,-15.91
2026-09-13,2026-08-31,ENJOEI,NAO,NAO,159914032.2,143512593.0,11.43,30861902.15,28265533.45,9.19
2026-09-13,2026-08-31,SONDOTECNICA,NAO,NAO,157023348.09,151836492.09,3.42,30304027.34,29904967.62,1.33
2026-09-13,2026-08-31,WDC NETWORKS,NAO,NAO,149134438.05,145961364.9,2.17,28781542.0,28747831.5,0.12
2026-09-13,2026-08-31,DOTZ SA,NAO,NAO,142145505.26,74336637.24,91.22,27432743.8,14640977.93,87.37
2026-09-13,2026-08-31,PADTEC,NAO,NAO,137482452.98,151786985.66,-9.42,26532818.62,29895217.08,-11.25
2026-09-13,2026-08-31,HOTEIS OTHON,NAO,NAO,134302324.41,122360257.26,9.76,25919083.76,24099473.59,7.55
2026-09-13,2026-08-31,AERIS,NAO,NAO,129210007.68,133558421.4,-3.26,24936314.59,26305008.84,-5.2
2026-09-13,2026-08-31,TREVISA,NAO,NAO,106414080.0,114727680.0,-7.25,20536915.24,22596198.77,-9.11
2026-09-13,2026-08-31,MERC INVEST,NAO,NAO,93644009.91,100931091.73,-7.22,18072411.98,19878890.7,-9.09
2026-09-13,2026-08-31,INEPAR,NAO,NAO,79248471.68,84610606.72,-6.34,15294208.68,16664488.35,-8.22
2026-09-13,2026-08-31,INVEST BEMGE,NAO,NAO,77873819.6,77873819.6,0.0,15028913.77,15337643.94,-2.01
2026-09-13,2026-08-31,UNICASA,NAO,NAO,75338454.96,74677591.32,0.88,14539612.27,14708130.57,-1.15
2026-09-13,2026-08-31,CEDRO,NAO,NAO,73815782.08,78151607.04,-5.55,14245750.75,15392355.59,-7.45
2026-09-13,2026-08-31,ARANDU,NAO,NAO,70495903.0,70495903.0,0.0,13605045.35,13884525.83,-2.01
2026-09-13,2026-08-31,PET MANGUINH,NAO,NAO,57537884.65,77845373.35,-26.09,11104269.85,15332041.31,-27.57
2026-09-13,2026-08-31,AZT ENERGIA,NAO,NAO,56417593.98,65218767.82,-13.49,10888064.3,12845167.28,-15.24
2026-09-13,2026-08-31,ALPHAVILLE,NAO,NAO,53911093.8,82038621.0,-34.29,10404333.37,16157922.71,-35.61
2026-09-13,2026-08-31,RECRUSUL,NAO,NAO,49216223.6,81404112.4,-39.54,9498267.64,16032953.03,-40.76
2026-09-13,2026-08-31,PARANAPANEMA,NAO,NAO,49087192.48,71327575.92,-31.18,9473365.85,14048328.03,-32.57
2026-09-13,2026-08-31,INFRACOMM,NAO,NAO,48227810.75,39409011.07,22.38,9307513.27,7761804.71,19.91
2026-09-13,2026-08-31,WETZEL S/A,NAO,NAO,46648068.0,32777127.78,42.32,9002637.8,6455621.65,39.45
2026-09-13,2026-08-31,TECNISA,NAO,NAO,46380114.9,56686807.1,-18.18,8950925.37,11164754.32,-19.83
2026-09-13,2026-08-31,TIME FOR FUN,NAO,NAO,44155266.1,40784635.1,8.26,8521550.51,8032740.85,6.09
2026-09-13,2026-08-31,ECONOMATICA,NAO,NAO,42422280.14,40821439.38,3.92,8187100.54,8039989.64,1.83
2026-09-13,2026-08-31,SANSUY,NAO,NAO,36913009.6,36862424.8,0.14,7123863.21,7260241.62,-1.88
2026-09-13,2026-08-31,OI,NAO,NAO,33643082.6,40008926.56,-15.91,6492798.09,7879961.11,-17.6
2026-09-13,2026-08-31,GAFISA,NAO,NAO,33047481.81,42489619.47,-22.22,6377852.75,8368546.17,-23.79
2026-09-13,2026-08-31,ROSSI RESID,NAO,NAO,32435526.4,32435526.4,0.0,6259751.12,6388341.52,-2.01
2026-09-13,2026-08-31,WESTWING,NAO,NAO,31915809.17,33695087.73,-5.28,6159450.59,6636418.52,-7.19
2026-09-13,2026-08-31,MANGELS INDL,NAO,NAO,31749833.88,30072702.4,5.58,6127418.92,5922971.34,3.45
2026-09-13,2026-08-31,PLASCAR PART,NAO,NAO,30318019.92,30442274.1,-0.41,5851092.31,5995760.36,-2.41
2026-09-13,2026-08-31,ATOM EDUC,NAO,NAO,29756122.5,35469298.02,-16.11,5742651.4,6985858.24,-17.8
2026-09-13,2026-08-31,NUTRIPLANT,NAO,NAO,29270124.0,29270124.0,0.0,5648858.27,5764899.45,-2.01
2026-09-13,2026-08-31,HAGA S/A,NAO,NAO,27171666.91,22134000.32,22.76,5243875.81,4359403.68,20.29
2026-09-13,2026-08-31,AGROGALAXY,NAO,NAO,26747095.11,33386444.96,-19.89,5161937.45,6575629.76,-21.5
2026-09-13,2026-08-31,DTCOM-DIRECT,NAO,NAO,22262262.0,25601601.3,-13.04,4296406.9,5042365.29,-14.79
2026-09-13,2026-08-31,EMBPAR S/A,NAO,NAO,19467344.08,19615949.76,-0.76,3757014.07,3863460.85,-2.76
2026-09-13,2026-08-31,FICA,NAO,NAO,18626356.57,22744016.67,-18.1,3594711.4,4479549.5,-19.75
2026-09-13,2026-08-31,LUPATECH,NAO,NAO,18170150.4,30283585.92,-40.0,3506667.9,5964505.92,-41.21
2026-09-13,2026-08-31,TEX RENAUX,NAO,NAO,17733845.7,17733845.7,0.0,3422465.2,3492770.9,-2.01
2026-09-13,2026-08-31,GRUPO TOKY,NAO,NAO,17342956.8,15175089.44,14.29,3347027.33,2988810.87,11.99
2026-09-13,2026-08-31,ESTRELA,NAO,NAO,15870605.0,17271745.0,-8.11,3062877.3,3401757.82,-9.96
2026-09-13,2026-08-31,CONTAX,NAO,NAO,11298330.0,8814300.0,28.18,2180471.28,1736021.11,25.6
2026-09-13,2026-08-31,SANTANENSE,NAO,NAO,10661565.54,10661565.54,0.0,2057581.74,2099849.44,-2.01
2026-09-13,2026-08-31,NORDON MET,NAO,NAO,9866014.14,9534939.84,3.47,1904047.81,1877954.79,1.39
2026-09-13,2026-08-31,FASA,NAO,NAO,8333818.95,,,1608348.57,,
2026-09-13,2026-08-31,VIVER,NAO,NAO,7417660.8,8149666.8,-8.98,1431538.68,1605118.23,-10.81
2026-09-13,2026-08-31,REVEE,NAO,NAO,7323228.0,8543766.0,-14.29,1413314.03,1682738.07,-16.01
2026-09-13,2026-08-31,NEXPE,NAO,NAO,6240587.15,6293698.53,-0.84,1204374.55,1239575.86,-2.84
2026-09-13,2026-08-31,BARDELLA,NAO,NAO,6182904.32,6063596.0,1.97,1193242.3,1194256.0,-0.08
2026-09-13,2026-08-31,JOAO FORTES,NAO,NAO,5633207.8,6913482.3,-18.52,1087156.05,1361645.42,-20.16
2026-09-13,2026-08-31,GENERALSHOPP,NAO,NAO,5304114.75,6943568.4,-23.61,1023644.19,1367571.03,-25.15
2026-09-13,2026-08-31,OSX BRASIL,NAO,NAO,3777645.6,3462841.8,9.09,729050.02,682024.26,6.9
2026-09-13,2026-08-31,PDG REALT,NAO,NAO,3747734.04,4043607.78,-7.32,723277.37,796409.07,-9.18
2026-09-13,2026-08-31,CEMEPE,NAO,NAO,2529457.5,2529457.5,0.0,488161.48,498189.49,-2.01
2026-09-13,2026-08-31,HERCULES,NAO,NAO,2447995.2,2447995.2,0.0,472440.02,482145.08,-2.01
2026-09-13,2026-08-31,RDVC CITY,NAO,NAO,882418.0,1259939.44,-29.96,170298.36,248151.47,-31.37
2026-09-13,2026-08-31,FER C ATLANT,NAO,NAO,6166.31,6166.31,0.0,1190.04,1214.49,-2.01
2026-09-13,2026-08-31,IND CATAGUAS,NAO,NAO,0.0,0.0,,0.0,0.0,
2026-09-13,2026-08-31,IGUA SA,NAO,NAO,0.0,0.0,,0.0,0.0,
2026-09-13,2026-08-31,GAMA PART,NAO,NAO,0.0,0.0,,0.0,0.0,
2026-09-13,2026-08-31,GRUPO SALTA,NAO,NAO,0.0,0.0,,0.0,0.0,
2026-09-13,2026-08-31,SUL 116 PART,NAO,NAO,0.0,0.0,,0.0,0.0,
2026-09-13,2026-08-31,SUZANO HOLD,NAO,NAO,0.0,0.0,,0.0,0.0,
2026-09-13,2026-08-31,ALIPERTI,NAO,NAO,0.0,0.0,,0.0,0.0,
2026-09-13,2026-08-31,INC SA,NAO,NAO,0.0,0.0,,0.0,0.0,
2026-09-13,2026-08-31,HMOBI S.A,NAO,NAO,0.0,0.0,,0.0,0.0,
2026-09-13,2026-08-31,LE BISCUIT,NAO,NAO,0.0,0.0,,0.0,0.0,
2026-09-13,2026-08-31,MINASMAQUINA,NAO,NAO,0.0,0.0,,0.0,0.0,
2026-09-13,2026-08-31,KALLAS,NAO,NAO,0.0,0.0,,0.0,0.0,
2026-09-13,2026-08-31,LIFEMED,NAO,NAO,0.0,0.0,,0.0,0.0,
2026-09-13,2026-08-31,EUROFARMA SA,NAO,NAO,0.0,0.0,,0.0,0.0,
2026-09-13,2026-08-31,COMERC PAR,NAO,NAO,0.0,0.0,,0.0,0.0,
2026-09-13,2026-08-31,CONC RIO TER,NAO,NAO,0.0,0.0,,0.0,0.0,
2026-09-13,2026-08-31,CTC S.A.,NAO,NAO,0.0,0.0,,0.0,0.0,
2026-09-13,2026-08-31,ODERICH,NAO,NAO,0.0,0.0,,0.0,0.0,
2026-09-13,2026-08-31,POLPAR,NAO,NAO,0.0,0.0,,0.0,0.0,
2026-09-13,2026-08-31,PRATICA,NAO,NAO,0.0,0.0,,0.0,0.0,
2026-09-13,2026-08-31,PROMPT PART,NAO,NAO,0.0,0.0,,0.0,0.0,
2026-09-13,2026-08-31,QUALITY SOFT,NAO,NAO,0.0,0.0,,0.0,0.0,
2026-09-13,2026-08-31,CASAN,NAO,NAO,0.0,0.0,,0.0,0.0,
2026-09-13,2026-08-31,BRQ,NAO,NAO,0.0,0.0,,0.0,0.0,
2026-09-13,2026-08-31,BBMLOGISTICA,NAO,NAO,0.0,0.0,,0.0,0.0,
2026-09-13,2026-08-31,BETAPART,NAO,NAO,0.0,0.0,,0.0,0.0,
2026-09-13,2026-08-31,RODOBENS,NAO,NAO,0.0,0.0,,0.0,0.0,
2026-09-13,2026-08-31,SUDESTE S/A,NAO,NAO,0.0,0.0,,0.0,0.0,
2026-09-13,2026-08-31,AESOPERACOES,NAO,NAO,0.0,0.0,,0.0,0.0,
2026-09-13,2026-08-31,524 PARTICIP,NAO,NAO,0.0,0.0,,0.0,0.0,
2026-09-13,2026-08-31,FICTORALIMEN,NAO,NAO,,8772441.0,,,1727776.77,
