data_captura,data_referencia,cotacao_compra,cotacao_venda
2026-06-10,2020-01-02,4.0207,4.0213
2026-06-10,2020-01-03,4.0516,4.0522
2026-06-10,2020-01-06,4.0548,4.0554
2026-06-10,2020-01-07,4.0835,4.0841
2026-06-10,2020-01-08,4.0666,4.0672
2026-06-10,2020-01-09,4.0738,4.0744
2026-06-10,2020-01-10,4.0739,4.0745
2026-06-10,2020-01-13,4.1303,4.1309
2026-06-10,2020-01-14,4.1437,4.1443
2026-06-10,2020-01-15,4.1616,4.1622
2026-06-10,2020-01-16,4.172,4.1726
2026-06-10,2020-01-17,4.1831,4.1837
2026-06-10,2020-01-20,4.1823,4.1829
2026-06-10,2020-01-21,4.2008,4.2014
2026-06-10,2020-01-22,4.1883,4.1889
2026-06-10,2020-01-23,4.1656,4.1662
2026-06-10,2020-01-24,4.1763,4.1769
2026-06-10,2020-01-27,4.219,4.2196
2026-06-10,2020-01-28,4.2058,4.2064
2026-06-10,2020-01-29,4.2007,4.2013
2026-06-10,2020-01-30,4.2517,4.2523
2026-06-10,2020-01-31,4.2689,4.2695
2026-06-10,2020-02-03,4.2469,4.2475
2026-06-10,2020-02-04,4.2375,4.2381
2026-06-10,2020-02-05,4.2443,4.2449
2026-06-10,2020-02-06,4.2471,4.2477
2026-06-10,2020-02-07,4.307,4.3076
2026-06-10,2020-02-10,4.3189,4.3195
2026-06-10,2020-02-11,4.3142,4.3148
2026-06-10,2020-02-12,4.336,4.3366
2026-06-10,2020-02-13,4.3383,4.3389
2026-06-10,2020-02-14,4.3157,4.3163
2026-06-10,2020-02-17,4.3151,4.3157
2026-06-10,2020-02-18,4.3465,4.3471
2026-06-10,2020-02-19,4.3722,4.3728
2026-06-10,2020-02-20,4.3867,4.3873
2026-06-10,2020-02-21,4.3918,4.3924
2026-06-10,2020-02-26,4.4353,4.4359
2026-06-10,2020-02-27,4.4758,4.4764
2026-06-10,2020-02-28,4.4981,4.4987
2026-06-10,2020-03-02,4.494,4.4946
2026-06-10,2020-03-03,4.4877,4.4883
2026-06-10,2020-03-04,4.5252,4.5258
2026-06-10,2020-03-05,4.6201,4.6207
2026-06-10,2020-03-06,4.6453,4.6459
2026-06-10,2020-03-09,4.7373,4.7379
2026-06-10,2020-03-10,4.6687,4.6693
2026-06-10,2020-03-11,4.6732,4.6738
2026-06-10,2020-03-12,4.8825,4.8833
2026-06-10,2020-03-13,4.7355,4.7362
2026-06-10,2020-03-16,4.9464,4.9471
2026-06-10,2020-03-17,5.0489,5.0496
2026-06-10,2020-03-18,5.1101,5.1107
2026-06-10,2020-03-19,5.1437,5.1444
2026-06-10,2020-03-20,5.0241,5.0248
2026-06-10,2020-03-23,5.0798,5.0805
2026-06-10,2020-03-24,5.0707,5.0713
2026-06-10,2020-03-25,5.07,5.0706
2026-06-10,2020-03-26,5.0004,5.001
2026-06-10,2020-03-27,5.1103,5.1109
2026-06-10,2020-03-30,5.1588,5.1594
2026-06-10,2020-03-31,5.1981,5.1987
2026-06-10,2020-04-01,5.2399,5.2404
2026-06-10,2020-04-02,5.2645,5.2651
2026-06-10,2020-04-03,5.2991,5.2997
2026-06-10,2020-04-06,5.2465,5.2471
2026-06-10,2020-04-07,5.2211,5.2217
2026-06-10,2020-04-08,5.2117,5.2123
2026-06-10,2020-04-09,5.0773,5.0779
2026-06-10,2020-04-13,5.1818,5.1824
2026-06-10,2020-04-14,5.1852,5.1858
2026-06-10,2020-04-15,5.2573,5.2579
2026-06-10,2020-04-16,5.2371,5.2377
2026-06-10,2020-04-17,5.2567,5.2573
2026-06-10,2020-04-20,5.2831,5.2837
2026-06-10,2020-04-22,5.3841,5.3847
2026-06-10,2020-04-23,5.4461,5.4467
2026-06-10,2020-04-24,5.6504,5.651
2026-06-10,2020-04-27,5.6352,5.6358
2026-06-10,2020-04-28,5.5677,5.5683
2026-06-10,2020-04-29,5.4285,5.4291
2026-06-10,2020-04-30,5.4264,5.427
2026-06-10,2020-05-04,5.5811,5.5816
2026-06-10,2020-05-05,5.5348,5.5354
2026-06-10,2020-05-06,5.667,5.6676
2026-06-10,2020-05-07,5.8359,5.8365
2026-06-10,2020-05-08,5.7647,5.7653
2026-06-10,2020-05-11,5.7948,5.7954
2026-06-10,2020-05-12,5.7717,5.7723
2026-06-10,2020-05-13,5.9016,5.9022
2026-06-10,2020-05-14,5.9366,5.9372
2026-06-10,2020-05-15,5.8223,5.8229
2026-06-10,2020-05-18,5.7369,5.7375
2026-06-10,2020-05-19,5.721,5.7216
2026-06-10,2020-05-20,5.6962,5.6968
2026-06-10,2020-05-21,5.6013,5.6019
2026-06-10,2020-05-22,5.5802,5.5808
2026-06-10,2020-05-25,5.4766,5.4772
2026-06-10,2020-05-26,5.3701,5.3707
2026-06-10,2020-05-27,5.2986,5.2992
2026-06-10,2020-05-28,5.3399,5.3405
2026-06-10,2020-05-29,5.4257,5.4263
2026-06-10,2020-06-01,5.3633,5.3639
2026-06-10,2020-06-02,5.2595,5.2601
2026-06-10,2020-06-03,5.051,5.0516
2026-06-10,2020-06-04,5.1035,5.1041
2026-06-10,2020-06-05,4.9769,4.9775
2026-06-10,2020-06-08,4.9325,4.9331
2026-06-10,2020-06-09,4.9051,4.9057
2026-06-10,2020-06-10,4.8888,4.8894
2026-06-10,2020-06-12,5.0367,5.0373
2026-06-10,2020-06-15,5.1877,5.1883
2026-06-10,2020-06-16,5.1279,5.1285
2026-06-10,2020-06-17,5.2492,5.2499
2026-06-10,2020-06-18,5.3462,5.3468
2026-06-10,2020-06-19,5.346,5.3466
2026-06-10,2020-06-22,5.222,5.2226
2026-06-10,2020-06-23,5.1699,5.1705
2026-06-10,2020-06-24,5.2429,5.2435
2026-06-10,2020-06-25,5.3281,5.3287
2026-06-10,2020-06-26,5.4623,5.4629
2026-06-10,2020-06-29,5.441,5.4416
2026-06-10,2020-06-30,5.4754,5.476
2026-06-10,2020-07-01,5.3646,5.3651
2026-06-10,2020-07-02,5.3022,5.3028
2026-06-10,2020-07-03,5.3368,5.3374
2026-06-10,2020-07-06,5.3079,5.3085
2026-06-10,2020-07-07,5.3312,5.3318
2026-06-10,2020-07-08,5.3476,5.3482
2026-06-10,2020-07-09,5.2972,5.2978
2026-06-10,2020-07-10,5.3434,5.344
2026-06-10,2020-07-13,5.348,5.3486
2026-06-10,2020-07-14,5.4282,5.4288
2026-06-10,2020-07-15,5.3485,5.3491
2026-06-10,2020-07-16,5.3554,5.356
2026-06-10,2020-07-17,5.3504,5.351
2026-06-10,2020-07-20,5.3629,5.3635
2026-06-10,2020-07-21,5.2277,5.2283
2026-06-10,2020-07-22,5.1105,5.1111
2026-06-10,2020-07-23,5.1641,5.1647
2026-06-10,2020-07-24,5.214,5.2146
2026-06-10,2020-07-27,5.1883,5.1889
2026-06-10,2020-07-28,5.1771,5.1777
2026-06-10,2020-07-29,5.1389,5.1395
2026-06-10,2020-07-30,5.1831,5.1837
2026-06-10,2020-07-31,5.2027,5.2033
2026-06-10,2020-08-03,5.3069,5.3075
2026-06-10,2020-08-04,5.3323,5.3329
2026-06-10,2020-08-05,5.2754,5.276
2026-06-10,2020-08-06,5.3425,5.3431
2026-06-10,2020-08-07,5.4221,5.4227
2026-06-10,2020-08-10,5.3927,5.3933
2026-06-10,2020-08-11,5.4279,5.4285
2026-06-10,2020-08-12,5.4545,5.4551
2026-06-10,2020-08-13,5.3795,5.3801
2026-06-10,2020-08-14,5.3846,5.3852
2026-06-10,2020-08-17,5.4491,5.4497
2026-06-10,2020-08-18,5.4653,5.4659
2026-06-10,2020-08-19,5.49,5.4906
2026-06-10,2020-08-20,5.6504,5.651
2026-06-10,2020-08-21,5.6058,5.6064
2026-06-10,2020-08-24,5.5948,5.5954
2026-06-10,2020-08-25,5.5991,5.5997
2026-06-10,2020-08-26,5.5674,5.568
2026-06-10,2020-08-27,5.595,5.5956
2026-06-10,2020-08-28,5.4673,5.4679
2026-06-10,2020-08-31,5.4707,5.4713
2026-06-10,2020-09-01,5.3726,5.3732
2026-06-10,2020-09-02,5.3735,5.3741
2026-06-10,2020-09-03,5.3073,5.3079
2026-06-10,2020-09-04,5.2842,5.2848
2026-06-10,2020-09-08,5.3692,5.3698
2026-06-10,2020-09-09,5.3018,5.3024
2026-06-10,2020-09-10,5.293,5.2936
2026-06-10,2020-09-11,5.2848,5.2854
2026-06-10,2020-09-14,5.2978,5.2984
2026-06-10,2020-09-15,5.2722,5.2728
2026-06-10,2020-09-16,5.2526,5.2532
2026-06-10,2020-09-17,5.2587,5.2593
2026-06-10,2020-09-18,5.2883,5.2889
2026-06-10,2020-09-21,5.4434,5.444
2026-06-10,2020-09-22,5.4323,5.4329
2026-06-10,2020-09-23,5.5305,5.5311
2026-06-10,2020-09-24,5.5708,5.5714
2026-06-10,2020-09-25,5.5661,5.5667
2026-06-10,2020-09-28,5.5852,5.5858
2026-06-10,2020-09-29,5.6521,5.6528
2026-06-10,2020-09-30,5.6401,5.6407
2026-06-10,2020-10-01,5.6435,5.6441
2026-06-10,2020-10-02,5.6458,5.6464
2026-06-10,2020-10-05,5.6293,5.6299
2026-06-10,2020-10-06,5.5199,5.5205
2026-06-10,2020-10-07,5.6012,5.6018
2026-06-10,2020-10-08,5.6194,5.62
2026-06-10,2020-10-09,5.5387,5.5393
2026-06-10,2020-10-13,5.5854,5.5859
2026-06-10,2020-10-14,5.5669,5.5675
2026-06-10,2020-10-15,5.6166,5.6172
2026-06-10,2020-10-16,5.622,5.6226
2026-06-10,2020-10-19,5.6017,5.6023
2026-06-10,2020-10-20,5.5824,5.583
2026-06-10,2020-10-21,5.6,5.6006
2026-06-10,2020-10-22,5.5814,5.582
2026-06-10,2020-10-23,5.6114,5.612
2026-06-10,2020-10-26,5.6322,5.6328
2026-06-10,2020-10-27,5.6484,5.6491
2026-06-10,2020-10-28,5.7319,5.7325
2026-06-10,2020-10-29,5.7797,5.7803
2026-06-10,2020-10-30,5.7712,5.7718
2026-06-10,2020-11-03,5.6889,5.6895
2026-06-10,2020-11-04,5.6926,5.6932
2026-06-10,2020-11-05,5.5618,5.5624
2026-06-10,2020-11-06,5.5307,5.5313
2026-06-10,2020-11-09,5.2815,5.2821
2026-06-10,2020-11-10,5.369,5.3696
2026-06-10,2020-11-11,5.4014,5.402
2026-06-10,2020-11-12,5.4088,5.4094
2026-06-10,2020-11-13,5.4848,5.4854
2026-06-10,2020-11-16,5.4192,5.4198
2026-06-10,2020-11-17,5.3962,5.3968
2026-06-10,2020-11-18,5.2926,5.2932
2026-06-10,2020-11-19,5.3324,5.333
2026-06-10,2020-11-20,5.3499,5.3505
2026-06-10,2020-11-23,5.3822,5.3828
2026-06-10,2020-11-24,5.4031,5.4037
2026-06-10,2020-11-25,5.3502,5.3508
2026-06-10,2020-11-26,5.3195,5.3201
2026-06-10,2020-11-27,5.3488,5.3494
2026-06-10,2020-11-30,5.3311,5.3317
2026-06-10,2020-12-01,5.2783,5.2789
2026-06-10,2020-12-02,5.2261,5.2267
2026-06-10,2020-12-03,5.1619,5.1625
2026-06-10,2020-12-04,5.17,5.1706
2026-06-10,2020-12-07,5.1012,5.1018
2026-06-10,2020-12-08,5.0914,5.092
2026-06-10,2020-12-09,5.1103,5.1109
2026-06-10,2020-12-10,5.0846,5.0852
2026-06-10,2020-12-11,5.0685,5.0691
2026-06-10,2020-12-14,5.0572,5.0578
2026-06-10,2020-12-15,5.0962,5.0968
2026-06-10,2020-12-16,5.1051,5.1057
2026-06-10,2020-12-17,5.0606,5.0612
2026-06-10,2020-12-18,5.098,5.0986
2026-06-10,2020-12-21,5.1566,5.1572
2026-06-10,2020-12-22,5.1467,5.1473
2026-06-10,2020-12-23,5.1734,5.174
2026-06-10,2020-12-24,5.1785,5.18
2026-06-10,2020-12-28,5.2384,5.239
2026-06-10,2020-12-29,5.1936,5.1942
2026-06-10,2020-12-30,5.1961,5.1967
2026-06-10,2020-12-31,5.1961,5.1967
2026-06-10,2021-01-04,5.162,5.1626
2026-06-10,2021-01-05,5.3263,5.3269
2026-06-10,2021-01-06,5.3176,5.3182
2026-06-10,2021-01-07,5.3427,5.3433
2026-06-10,2021-01-08,5.3677,5.3683
2026-06-10,2021-01-11,5.496,5.4966
2026-06-10,2021-01-12,5.4631,5.4637
2026-06-10,2021-01-13,5.3064,5.307
2026-06-10,2021-01-14,5.2611,5.2617
2026-06-10,2021-01-15,5.2708,5.2714
2026-06-10,2021-01-18,5.2782,5.2788
2026-06-10,2021-01-19,5.2939,5.2945
2026-06-10,2021-01-20,5.3027,5.3033
2026-06-10,2021-01-21,5.316,5.3166
2026-06-10,2021-01-22,5.4295,5.4301
2026-06-10,2021-01-25,5.5074,5.5089
2026-06-10,2021-01-26,5.3859,5.3865
2026-06-10,2021-01-27,5.3818,5.3824
2026-06-10,2021-01-28,5.4276,5.4282
2026-06-10,2021-01-29,5.4753,5.4759
2026-06-10,2021-02-01,5.4602,5.4608
2026-06-10,2021-02-02,5.3869,5.3875
2026-06-10,2021-02-03,5.3417,5.3423
2026-06-10,2021-02-04,5.3904,5.391
2026-06-10,2021-02-05,5.3878,5.3884
2026-06-10,2021-02-08,5.3664,5.367
2026-06-10,2021-02-09,5.421,5.4216
2026-06-10,2021-02-10,5.4018,5.4024
2026-06-10,2021-02-11,5.362,5.3626
2026-06-10,2021-02-12,5.3809,5.3815
2026-06-10,2021-02-17,5.4132,5.4138
2026-06-10,2021-02-18,5.4232,5.4238
2026-06-10,2021-02-19,5.3918,5.3924
2026-06-10,2021-02-22,5.5038,5.5044
2026-06-10,2021-02-23,5.4484,5.449
2026-06-10,2021-02-24,5.4176,5.4182
2026-06-10,2021-02-25,5.4594,5.46
2026-06-10,2021-02-26,5.5296,5.5302
2026-06-10,2021-03-01,5.5826,5.5832
2026-06-10,2021-03-02,5.6838,5.6844
2026-06-10,2021-03-03,5.7336,5.7342
2026-06-10,2021-03-04,5.6002,5.6008
2026-06-10,2021-03-05,5.6864,5.687
2026-06-10,2021-03-08,5.7337,5.7343
2026-06-10,2021-03-09,5.8391,5.8397
2026-06-10,2021-03-10,5.7443,5.7449
2026-06-10,2021-03-11,5.5884,5.589
2026-06-10,2021-03-12,5.5634,5.564
2026-06-10,2021-03-15,5.629,5.6296
2026-06-10,2021-03-16,5.5845,5.5851
2026-06-10,2021-03-17,5.6573,5.6579
2026-06-10,2021-03-18,5.5468,5.5474
2026-06-10,2021-03-19,5.5076,5.5082
2026-06-10,2021-03-22,5.5263,5.5269
2026-06-10,2021-03-23,5.4945,5.4951
2026-06-10,2021-03-24,5.5324,5.533
2026-06-10,2021-03-25,5.6579,5.6585
2026-06-10,2021-03-26,5.7036,5.7042
2026-06-10,2021-03-29,5.7919,5.7925
2026-06-10,2021-03-30,5.7636,5.7642
2026-06-10,2021-03-31,5.6967,5.6973
2026-06-10,2021-04-01,5.6843,5.6849
2026-06-10,2021-04-05,5.6573,5.6579
2026-06-10,2021-04-06,5.6257,5.6263
2026-06-10,2021-04-07,5.5858,5.5864
2026-06-10,2021-04-08,5.5811,5.5817
2026-06-10,2021-04-09,5.6439,5.6445
2026-06-10,2021-04-12,5.6576,5.6582
2026-06-10,2021-04-13,5.7058,5.7064
2026-06-10,2021-04-14,5.693,5.6936
2026-06-10,2021-04-15,5.6228,5.6234
2026-06-10,2021-04-16,5.6322,5.6328
2026-06-10,2021-04-19,5.5744,5.575
2026-06-10,2021-04-20,5.526,5.5266
2026-06-10,2021-04-22,5.4964,5.497
2026-06-10,2021-04-23,5.4781,5.4787
2026-06-10,2021-04-26,5.456,5.4566
2026-06-10,2021-04-27,5.4418,5.4424
2026-06-10,2021-04-28,5.3999,5.4005
2026-06-10,2021-04-29,5.3656,5.3662
2026-06-10,2021-04-30,5.403,5.4036
2026-06-10,2021-05-03,5.4081,5.4087
2026-06-10,2021-05-04,5.4499,5.4505
2026-06-10,2021-05-05,5.3866,5.3872
2026-06-10,2021-05-06,5.2891,5.2897
2026-06-10,2021-05-07,5.2211,5.2217
2026-06-10,2021-05-10,5.2221,5.2227
2026-06-10,2021-05-11,5.2397,5.2403
2026-06-10,2021-05-12,5.2347,5.2353
2026-06-10,2021-05-13,5.2809,5.2815
2026-06-10,2021-05-14,5.2695,5.2701
2026-06-10,2021-05-17,5.2749,5.2755
2026-06-10,2021-05-18,5.2582,5.2588
2026-06-10,2021-05-19,5.2816,5.2822
2026-06-10,2021-05-20,5.2899,5.2905
2026-06-10,2021-05-21,5.3021,5.3027
2026-06-10,2021-05-24,5.3192,5.3198
2026-06-10,2021-05-25,5.3137,5.3143
2026-06-10,2021-05-26,5.3158,5.3164
2026-06-10,2021-05-27,5.2833,5.284
2026-06-10,2021-05-28,5.2274,5.2281
2026-06-10,2021-05-31,5.2316,5.2322
2026-06-10,2021-06-01,5.163,5.1636
2026-06-10,2021-06-02,5.114,5.1147
2026-06-10,2021-06-04,5.0661,5.0666
2026-06-10,2021-06-07,5.0492,5.0498
2026-06-10,2021-06-08,5.0483,5.0489
2026-06-10,2021-06-09,5.0527,5.0533
2026-06-10,2021-06-10,5.0629,5.0635
2026-06-10,2021-06-11,5.1184,5.119
2026-06-10,2021-06-14,5.0701,5.0707
2026-06-10,2021-06-15,5.0868,5.0874
2026-06-10,2021-06-16,5.0201,5.0207
2026-06-10,2021-06-17,5.0353,5.0359
2026-06-10,2021-06-18,5.0308,5.0314
2026-06-10,2021-06-21,5.0367,5.0373
2026-06-10,2021-06-22,5.0172,5.0178
2026-06-10,2021-06-23,4.9513,4.9519
2026-06-10,2021-06-24,4.9271,4.9277
2026-06-10,2021-06-25,4.92,4.9206
2026-06-10,2021-06-28,4.9414,4.942
2026-06-10,2021-06-29,4.9444,4.945
2026-06-10,2021-06-30,5.0016,5.0022
2026-06-10,2021-07-01,5.0049,5.0055
2026-06-10,2021-07-02,5.0287,5.0293
2026-06-10,2021-07-05,5.0743,5.0749
2026-06-10,2021-07-06,5.1639,5.1645
2026-06-10,2021-07-07,5.2322,5.2328
2026-06-10,2021-07-08,5.2581,5.2587
2026-06-10,2021-07-09,5.237,5.2393
2026-06-10,2021-07-12,5.2233,5.2239
2026-06-10,2021-07-13,5.1764,5.177
2026-06-10,2021-07-14,5.0874,5.088
2026-06-10,2021-07-15,5.0994,5.1
2026-06-10,2021-07-16,5.0935,5.0941
2026-06-10,2021-07-19,5.1972,5.1978
2026-06-10,2021-07-20,5.2459,5.2465
2026-06-10,2021-07-21,5.251,5.2516
2026-06-10,2021-07-22,5.1972,5.1978
2026-06-10,2021-07-23,5.1695,5.1701
2026-06-10,2021-07-26,5.1857,5.1863
2026-06-10,2021-07-27,5.1663,5.1669
2026-06-10,2021-07-28,5.1521,5.1527
2026-06-10,2021-07-29,5.0676,5.0682
2026-06-10,2021-07-30,5.121,5.1216
2026-06-10,2021-08-02,5.1373,5.1379
2026-06-10,2021-08-03,5.2458,5.2464
2026-06-10,2021-08-04,5.2085,5.2091
2026-06-10,2021-08-05,5.1459,5.1464
2026-06-10,2021-08-06,5.2404,5.241
2026-06-10,2021-08-09,5.2768,5.2774
2026-06-10,2021-08-10,5.2211,5.2217
2026-06-10,2021-08-11,5.2007,5.2013
2026-06-10,2021-08-12,5.2345,5.2351
2026-06-10,2021-08-13,5.2468,5.2474
2026-06-10,2021-08-16,5.2489,5.2495
2026-06-10,2021-08-17,5.2579,5.2585
2026-06-10,2021-08-18,5.3019,5.3025
2026-06-10,2021-08-19,5.4174,5.418
2026-06-10,2021-08-20,5.4268,5.4274
2026-06-10,2021-08-23,5.368,5.3686
2026-06-10,2021-08-24,5.3011,5.3017
2026-06-10,2021-08-25,5.2459,5.2465
2026-06-10,2021-08-26,5.2423,5.2429
2026-06-10,2021-08-27,5.2194,5.22
2026-06-10,2021-08-30,5.1946,5.1952
2026-06-10,2021-08-31,5.1427,5.1433
2026-06-10,2021-09-01,5.157,5.1576
2026-06-10,2021-09-02,5.1729,5.1735
2026-06-10,2021-09-03,5.1679,5.1685
2026-06-10,2021-09-06,5.1767,5.1773
2026-06-10,2021-09-08,5.2518,5.2524
2026-06-10,2021-09-09,5.2819,5.2825
2026-06-10,2021-09-10,5.2152,5.2158
2026-06-10,2021-09-13,5.2184,5.219
2026-06-10,2021-09-14,5.2254,5.226
2026-06-10,2021-09-15,5.257,5.2576
2026-06-10,2021-09-16,5.2588,5.2594
2026-06-10,2021-09-17,5.3097,5.3103
2026-06-10,2021-09-20,5.3326,5.3332
2026-06-10,2021-09-21,5.3038,5.3044
2026-06-10,2021-09-22,5.2777,5.2783
2026-06-10,2021-09-23,5.2885,5.2891
2026-06-10,2021-09-24,5.3429,5.3435
2026-06-10,2021-09-27,5.3472,5.3478
2026-06-10,2021-09-28,5.42,5.4206
2026-06-10,2021-09-29,5.4167,5.4173
2026-06-10,2021-09-30,5.4388,5.4394
2026-06-10,2021-10-01,5.3905,5.3911
2026-06-10,2021-10-04,5.4198,5.4204
2026-06-10,2021-10-05,5.4605,5.4611
2026-06-10,2021-10-06,5.5091,5.5097
2026-06-10,2021-10-07,5.5134,5.514
2026-06-10,2021-10-08,5.5078,5.5084
2026-06-10,2021-10-11,5.5155,5.5161
2026-06-10,2021-10-13,5.5464,5.5471
2026-06-10,2021-10-14,5.4982,5.4988
2026-06-10,2021-10-15,5.4504,5.451
2026-06-10,2021-10-18,5.5187,5.5193
2026-06-10,2021-10-19,5.5515,5.5521
2026-06-10,2021-10-20,5.5565,5.5571
2026-06-10,2021-10-21,5.6417,5.6423
2026-06-10,2021-10-22,5.7111,5.7117
2026-06-10,2021-10-25,5.5967,5.5973
2026-06-10,2021-10-26,5.5794,5.58
2026-06-10,2021-10-27,5.5661,5.5667
2026-06-10,2021-10-28,5.6118,5.6124
2026-06-10,2021-10-29,5.6424,5.643
2026-06-10,2021-11-01,5.6688,5.6694
2026-06-10,2021-11-03,5.6666,5.6672
2026-06-10,2021-11-04,5.5936,5.5942
2026-06-10,2021-11-05,5.5449,5.5455
2026-06-10,2021-11-08,5.5621,5.5627
2026-06-10,2021-11-09,5.4951,5.4957
2026-06-10,2021-11-10,5.4584,5.459
2026-06-10,2021-11-11,5.4165,5.4171
2026-06-10,2021-11-12,5.4193,5.4199
2026-06-10,2021-11-16,5.4766,5.4772
2026-06-10,2021-11-17,5.4987,5.4993
2026-06-10,2021-11-18,5.5464,5.547
2026-06-10,2021-11-19,5.5578,5.5584
2026-06-10,2021-11-22,5.5835,5.5841
2026-06-10,2021-11-23,5.645,5.6456
2026-06-10,2021-11-24,5.6021,5.6027
2026-06-10,2021-11-25,5.5734,5.574
2026-06-10,2021-11-26,5.5859,5.5865
2026-06-10,2021-11-29,5.6112,5.6118
2026-06-10,2021-11-30,5.6193,5.6199
2026-06-10,2021-12-01,5.6162,5.6168
2026-06-10,2021-12-02,5.6339,5.6345
2026-06-10,2021-12-03,5.6426,5.6432
2026-06-10,2021-12-06,5.6871,5.6877
2026-06-10,2021-12-07,5.6405,5.6411
2026-06-10,2021-12-08,5.5773,5.5779
2026-06-10,2021-12-09,5.5558,5.5564
2026-06-10,2021-12-10,5.5925,5.5931
2026-06-10,2021-12-13,5.6351,5.6357
2026-06-10,2021-12-14,5.6455,5.6461
2026-06-10,2021-12-15,5.7121,5.7127
2026-06-10,2021-12-16,5.6957,5.6963
2026-06-10,2021-12-17,5.6953,5.6959
2026-06-10,2021-12-20,5.7049,5.7055
2026-06-10,2021-12-21,5.7367,5.7372
2026-06-10,2021-12-22,5.7195,5.7201
2026-06-10,2021-12-23,5.6904,5.691
2026-06-10,2021-12-24,5.6541,5.6591
2026-06-10,2021-12-27,5.6644,5.665
2026-06-10,2021-12-28,5.6432,5.6438
2026-06-10,2021-12-29,5.6613,5.6619
2026-06-10,2021-12-30,5.5799,5.5805
2026-06-10,2021-12-31,5.5799,5.5805
2026-06-10,2022-01-03,5.6303,5.6309
2026-06-10,2022-01-04,5.677,5.6776
2026-06-10,2022-01-05,5.6622,5.6628
2026-06-10,2022-01-06,5.7036,5.7042
2026-06-10,2022-01-07,5.6747,5.6753
2026-06-10,2022-01-10,5.673,5.6736
2026-06-10,2022-01-11,5.6345,5.6351
2026-06-10,2022-01-12,5.5605,5.5611
2026-06-10,2022-01-13,5.524,5.5246
2026-06-10,2022-01-14,5.5343,5.5349
2026-06-10,2022-01-17,5.5052,5.5058
2026-06-10,2022-01-18,5.5207,5.5213
2026-06-10,2022-01-19,5.4972,5.4978
2026-06-10,2022-01-20,5.416,5.4166
2026-06-10,2022-01-21,5.4395,5.4401
2026-06-10,2022-01-24,5.4904,5.491
2026-06-10,2022-01-25,5.4965,5.4971
2026-06-10,2022-01-26,5.4318,5.4324
2026-06-10,2022-01-27,5.3806,5.3812
2026-06-10,2022-01-28,5.3948,5.3954
2026-06-10,2022-01-31,5.3568,5.3574
2026-06-10,2022-02-01,5.2804,5.281
2026-06-10,2022-02-02,5.295,5.2956
2026-06-10,2022-02-03,5.3019,5.3025
2026-06-10,2022-02-04,5.3278,5.3284
2026-06-10,2022-02-07,5.2907,5.2913
2026-06-10,2022-02-08,5.2693,5.2699
2026-06-10,2022-02-09,5.2729,5.2735
2026-06-10,2022-02-10,5.2095,5.2101
2026-06-10,2022-02-11,5.1981,5.1987
2026-06-10,2022-02-14,5.21,5.2106
2026-06-10,2022-02-15,5.1875,5.1881
2026-06-10,2022-02-16,5.1624,5.163
2026-06-10,2022-02-17,5.1559,5.1565
2026-06-10,2022-02-18,5.1333,5.1339
2026-06-10,2022-02-21,5.0991,5.0997
2026-06-10,2022-02-22,5.0605,5.0611
2026-06-10,2022-02-23,5.0137,5.0143
2026-06-10,2022-02-24,5.1168,5.1174
2026-06-10,2022-02-25,5.1388,5.1394
2026-06-10,2022-03-02,5.1341,5.1347
2026-06-10,2022-03-03,5.0473,5.0479
2026-06-10,2022-03-04,5.0752,5.0758
2026-06-10,2022-03-07,5.0573,5.0579
2026-06-10,2022-03-08,5.0897,5.0903
2026-06-10,2022-03-09,5.0088,5.0094
2026-06-10,2022-03-10,5.0507,5.0513
2026-06-10,2022-03-11,5.0249,5.0255
2026-06-10,2022-03-14,5.0641,5.0647
2026-06-10,2022-03-15,5.1308,5.1314
2026-06-10,2022-03-16,5.1281,5.1287
2026-06-10,2022-03-17,5.0758,5.0764
2026-06-10,2022-03-18,5.0405,5.0411
2026-06-10,2022-03-21,4.966,4.9666
2026-06-10,2022-03-22,4.9202,4.9208
2026-06-10,2022-03-23,4.8698,4.8704
2026-06-10,2022-03-24,4.8061,4.8067
2026-06-10,2022-03-25,4.7776,4.7782
2026-06-10,2022-03-28,4.7899,4.7905
2026-06-10,2022-03-29,4.748,4.7486
2026-06-10,2022-03-30,4.7491,4.7497
2026-06-10,2022-03-31,4.7372,4.7378
2026-06-10,2022-04-01,4.6978,4.6984
2026-06-10,2022-04-04,4.6169,4.6175
2026-06-10,2022-04-05,4.6394,4.64
2026-06-10,2022-04-06,4.6961,4.6967
2026-06-10,2022-04-07,4.7416,4.7422
2026-06-10,2022-04-08,4.7507,4.7513
2026-06-10,2022-04-11,4.7019,4.7025
2026-06-10,2022-04-12,4.6477,4.6483
2026-06-10,2022-04-13,4.6805,4.6811
2026-06-10,2022-04-14,4.7152,4.7158
2026-06-10,2022-04-18,4.674,4.6746
2026-06-10,2022-04-19,4.6658,4.6664
2026-06-10,2022-04-20,4.6391,4.6397
2026-06-10,2022-04-22,4.732,4.7326
2026-06-10,2022-04-25,4.8812,4.8818
2026-06-10,2022-04-26,4.966,4.9666
2026-06-10,2022-04-27,5.0161,5.0167
2026-06-10,2022-04-28,5.0104,5.011
2026-06-10,2022-04-29,4.9185,4.9191
2026-06-10,2022-05-02,5.026,5.0266
2026-06-10,2022-05-03,5.0161,5.0167
2026-06-10,2022-05-04,5.0087,5.0093
2026-06-10,2022-05-05,5.0045,5.0051
2026-06-10,2022-05-06,5.0744,5.075
2026-06-10,2022-05-09,5.1334,5.134
2026-06-10,2022-05-10,5.1384,5.139
2026-06-10,2022-05-11,5.1238,5.1244
2026-06-10,2022-05-12,5.1476,5.1482
2026-06-10,2022-05-13,5.1069,5.1075
2026-06-10,2022-05-16,5.066,5.0666
2026-06-10,2022-05-17,4.967,4.9676
2026-06-10,2022-05-18,4.9586,4.9592
2026-06-10,2022-05-19,4.9192,4.9198
2026-06-10,2022-05-20,4.8771,4.8777
2026-06-10,2022-05-23,4.7967,4.7973
2026-06-10,2022-05-24,4.81,4.8106
2026-06-10,2022-05-25,4.8353,4.8359
2026-06-10,2022-05-26,4.7961,4.7967
2026-06-10,2022-05-27,4.7428,4.7434
2026-06-10,2022-05-30,4.721,4.7216
2026-06-10,2022-05-31,4.7283,4.7289
2026-06-10,2022-06-01,4.7759,4.7765
2026-06-10,2022-06-02,4.7873,4.7879
2026-06-10,2022-06-03,4.795,4.7956
2026-06-10,2022-06-06,4.7833,4.7839
2026-06-10,2022-06-07,4.8903,4.8909
2026-06-10,2022-06-08,4.8705,4.8711
2026-06-10,2022-06-09,4.8945,4.8951
2026-06-10,2022-06-10,4.983,4.9836
2026-06-10,2022-06-13,5.1027,5.1033
2026-06-10,2022-06-14,5.1197,5.1203
2026-06-10,2022-06-15,5.1113,5.1119
2026-06-10,2022-06-17,5.1307,5.1313
2026-06-10,2022-06-20,5.1635,5.1641
2026-06-10,2022-06-21,5.1456,5.1462
2026-06-10,2022-06-22,5.1503,5.1509
2026-06-10,2022-06-23,5.1827,5.1833
2026-06-10,2022-06-24,5.2328,5.2334
2026-06-10,2022-06-27,5.2208,5.2214
2026-06-10,2022-06-28,5.2173,5.2179
2026-06-10,2022-06-29,5.2262,5.2268
2026-06-10,2022-06-30,5.2374,5.238
2026-06-10,2022-07-01,5.3136,5.3142
2026-06-10,2022-07-04,5.3032,5.3038
2026-06-10,2022-07-05,5.3893,5.3899
2026-06-10,2022-07-06,5.4315,5.4321
2026-06-10,2022-07-07,5.3634,5.364
2026-06-10,2022-07-08,5.308,5.3086
2026-06-10,2022-07-11,5.3471,5.3477
2026-06-10,2022-07-12,5.4114,5.412
2026-06-10,2022-07-13,5.3987,5.3992
2026-06-10,2022-07-14,5.4562,5.4568
2026-06-10,2022-07-15,5.4008,5.4014
2026-06-10,2022-07-18,5.3669,5.3675
2026-06-10,2022-07-19,5.3898,5.3904
2026-06-10,2022-07-20,5.4282,5.4288
2026-06-10,2022-07-21,5.4744,5.475
2026-06-10,2022-07-22,5.4516,5.4522
2026-06-10,2022-07-25,5.4138,5.4144
2026-06-10,2022-07-26,5.3602,5.3608
2026-06-10,2022-07-27,5.3068,5.3074
2026-06-10,2022-07-28,5.2143,5.2149
2026-06-10,2022-07-29,5.1878,5.1884
2026-06-10,2022-08-01,5.16,5.1606
2026-06-10,2022-08-02,5.2323,5.2329
2026-06-10,2022-08-03,5.284,5.2846
2026-06-10,2022-08-04,5.2403,5.2409
2026-06-10,2022-08-05,5.2159,5.2165
2026-06-10,2022-08-08,5.1241,5.1247
2026-06-10,2022-08-09,5.1218,5.1224
2026-06-10,2022-08-10,5.0491,5.0497
2026-06-10,2022-08-11,5.1121,5.1127
2026-06-10,2022-08-12,5.1017,5.1023
2026-06-10,2022-08-15,5.0919,5.0925
2026-06-10,2022-08-16,5.1334,5.134
2026-06-10,2022-08-17,5.1779,5.1784
2026-06-10,2022-08-18,5.1767,5.1773
2026-06-10,2022-08-19,5.1955,5.1961
2026-06-10,2022-08-22,5.1703,5.1709
2026-06-10,2022-08-23,5.1024,5.103
2026-06-10,2022-08-24,5.1044,5.105
2026-06-10,2022-08-25,5.1167,5.1173
2026-06-10,2022-08-26,5.0897,5.0903
2026-06-10,2022-08-29,5.0423,5.0428
2026-06-10,2022-08-30,5.0611,5.0617
2026-06-10,2022-08-31,5.1784,5.179
2026-06-10,2022-09-01,5.2001,5.2007
2026-06-10,2022-09-02,5.1872,5.1878
2026-06-10,2022-09-05,5.168,5.1686
2026-06-10,2022-09-06,5.2222,5.2228
2026-06-10,2022-09-08,5.2149,5.2155
2026-06-10,2022-09-09,5.1627,5.1633
2026-06-10,2022-09-12,5.1177,5.1183
2026-06-10,2022-09-13,5.1788,5.1794
2026-06-10,2022-09-14,5.1768,5.1774
2026-06-10,2022-09-15,5.2205,5.2211
2026-06-10,2022-09-16,5.2876,5.2882
2026-06-10,2022-09-19,5.2361,5.2367
2026-06-10,2022-09-20,5.1699,5.1705
2026-06-10,2022-09-21,5.1686,5.1692
2026-06-10,2022-09-22,5.1671,5.1677
2026-06-10,2022-09-23,5.2251,5.2257
2026-06-10,2022-09-26,5.3542,5.3548
2026-06-10,2022-09-27,5.3502,5.3508
2026-06-10,2022-09-28,5.3588,5.3594
2026-06-10,2022-09-29,5.391,5.3916
2026-06-10,2022-09-30,5.406,5.4066
2026-06-10,2022-10-03,5.1996,5.2002
2026-06-10,2022-10-04,5.1405,5.1411
2026-06-10,2022-10-05,5.2138,5.2144
2026-06-10,2022-10-06,5.2002,5.2009
2026-06-10,2022-10-07,5.2215,5.2221
2026-06-10,2022-10-10,5.1935,5.1941
2026-06-10,2022-10-11,5.2061,5.2068
2026-06-10,2022-10-13,5.3011,5.3017
2026-06-10,2022-10-14,5.2818,5.2824
2026-06-10,2022-10-17,5.2707,5.2713
2026-06-10,2022-10-18,5.2691,5.2697
2026-06-10,2022-10-19,5.2802,5.2808
2026-06-10,2022-10-20,5.217,5.2176
2026-06-10,2022-10-21,5.1913,5.1919
2026-06-10,2022-10-24,5.2738,5.2744
2026-06-10,2022-10-25,5.3085,5.3091
2026-06-10,2022-10-26,5.3242,5.3248
2026-06-10,2022-10-27,5.2997,5.3003
2026-06-10,2022-10-28,5.3449,5.3454
2026-06-10,2022-10-31,5.2564,5.257
2026-06-10,2022-11-01,5.1494,5.15
2026-06-10,2022-11-03,5.1343,5.1349
2026-06-10,2022-11-04,5.0354,5.036
2026-06-10,2022-11-07,5.088,5.0886
2026-06-10,2022-11-08,5.1738,5.1744
2026-06-10,2022-11-09,5.1623,5.1629
2026-06-10,2022-11-10,5.3058,5.3064
2026-06-10,2022-11-11,5.3045,5.3051
2026-06-10,2022-11-14,5.3007,5.3013
2026-06-10,2022-11-16,5.3198,5.3204
2026-06-10,2022-11-17,5.4649,5.4655
2026-06-10,2022-11-18,5.3471,5.3477
2026-06-10,2022-11-21,5.3253,5.3259
2026-06-10,2022-11-22,5.3333,5.3339
2026-06-10,2022-11-23,5.3924,5.393
2026-06-10,2022-11-24,5.3143,5.3149
2026-06-10,2022-11-25,5.3502,5.3508
2026-06-10,2022-11-28,5.3791,5.3796
2026-06-10,2022-11-29,5.307,5.3076
2026-06-10,2022-11-30,5.2935,5.2941
2026-06-10,2022-12-01,5.1942,5.1948
2026-06-10,2022-12-02,5.1968,5.1974
2026-06-10,2022-12-05,5.2457,5.2464
2026-06-10,2022-12-06,5.239,5.2396
2026-06-10,2022-12-07,5.2202,5.2208
2026-06-10,2022-12-08,5.2085,5.2091
2026-06-10,2022-12-09,5.239,5.2396
2026-06-10,2022-12-12,5.306,5.3066
2026-06-10,2022-12-13,5.2663,5.2669
2026-06-10,2022-12-14,5.34,5.3406
2026-06-10,2022-12-15,5.3177,5.3183
2026-06-10,2022-12-16,5.2801,5.2806
2026-06-10,2022-12-19,5.3154,5.316
2026-06-10,2022-12-20,5.2421,5.2427
2026-06-10,2022-12-21,5.2025,5.2031
2026-06-10,2022-12-22,5.1865,5.1871
2026-06-10,2022-12-23,5.1439,5.1445
2026-06-10,2022-12-26,5.1866,5.1872
2026-06-10,2022-12-27,5.2826,5.2832
2026-06-10,2022-12-28,5.273,5.2736
2026-06-10,2022-12-29,5.2171,5.2177
2026-06-10,2022-12-30,5.2171,5.2177
2026-06-10,2023-01-02,5.343,5.3436
2026-06-10,2023-01-03,5.3753,5.3759
2026-06-10,2023-01-04,5.4453,5.4459
2026-06-10,2023-01-05,5.402,5.4026
2026-06-10,2023-01-06,5.2849,5.2855
2026-06-10,2023-01-09,5.2961,5.2967
2026-06-10,2023-01-10,5.2389,5.2395
2026-06-10,2023-01-11,5.2014,5.202
2026-06-10,2023-01-12,5.1394,5.14
2026-06-10,2023-01-13,5.114,5.1146
2026-06-10,2023-01-16,5.1109,5.1115
2026-06-10,2023-01-17,5.1197,5.1203
2026-06-10,2023-01-18,5.0903,5.0909
2026-06-10,2023-01-19,5.2138,5.2144
2026-06-10,2023-01-20,5.198,5.1986
2026-06-10,2023-01-23,5.1916,5.1922
2026-06-10,2023-01-24,5.169,5.1696
2026-06-10,2023-01-25,5.1036,5.1042
2026-06-10,2023-01-26,5.0945,5.0951
2026-06-10,2023-01-27,5.0761,5.0767
2026-06-10,2023-01-30,5.0953,5.0959
2026-06-10,2023-01-31,5.0987,5.0993
2026-06-10,2023-02-01,5.0715,5.0721
2026-06-10,2023-02-02,4.9895,4.9901
2026-06-10,2023-02-03,5.1024,5.103
2026-06-10,2023-02-06,5.1757,5.1763
2026-06-10,2023-02-07,5.1689,5.1695
2026-06-10,2023-02-08,5.203,5.2036
2026-06-10,2023-02-09,5.2309,5.2315
2026-06-10,2023-02-10,5.252,5.2526
2026-06-10,2023-02-13,5.1828,5.1834
2026-06-10,2023-02-14,5.1501,5.1507
2026-06-10,2023-02-15,5.2237,5.2243
2026-06-10,2023-02-16,5.2426,5.2432
2026-06-10,2023-02-17,5.2006,5.2012
2026-06-10,2023-02-22,5.1724,5.173
2026-06-10,2023-02-23,5.1324,5.133
2026-06-10,2023-02-24,5.1785,5.1791
2026-06-10,2023-02-27,5.1954,5.196
2026-06-10,2023-02-28,5.2072,5.2078
2026-06-10,2023-03-01,5.2064,5.207
2026-06-10,2023-03-02,5.2074,5.208
2026-06-10,2023-03-03,5.2031,5.2037
2026-06-10,2023-03-06,5.1964,5.197
2026-06-10,2023-03-07,5.1895,5.1901
2026-06-10,2023-03-08,5.1381,5.1387
2026-06-10,2023-03-09,5.1347,5.1353
2026-06-10,2023-03-10,5.1816,5.1822
2026-06-10,2023-03-13,5.2394,5.24
2026-06-10,2023-03-14,5.2356,5.2362
2026-06-10,2023-03-15,5.2975,5.2981
2026-06-10,2023-03-16,5.2886,5.2892
2026-06-10,2023-03-17,5.2673,5.2679
2026-06-10,2023-03-20,5.2461,5.2467
2026-06-10,2023-03-21,5.2438,5.2444
2026-06-10,2023-03-22,5.2642,5.2648
2026-06-10,2023-03-23,5.2626,5.2632
2026-06-10,2023-03-24,5.2915,5.2921
2026-06-10,2023-03-27,5.23,5.2306
2026-06-10,2023-03-28,5.1727,5.1733
2026-06-10,2023-03-29,5.1487,5.1493
2026-06-10,2023-03-30,5.1248,5.1254
2026-06-10,2023-03-31,5.0798,5.0804
2026-06-10,2023-04-03,5.0631,5.0637
2026-06-10,2023-04-04,5.0756,5.0762
2026-06-10,2023-04-05,5.0441,5.0447
2026-06-10,2023-04-06,5.0677,5.0683
2026-06-10,2023-04-10,5.0828,5.0834
2026-06-10,2023-04-11,5.0122,5.0128
2026-06-10,2023-04-12,4.949,4.9496
2026-06-10,2023-04-13,4.9091,4.9097
2026-06-10,2023-04-14,4.9449,4.9455
2026-06-10,2023-04-17,4.9415,4.9421
2026-06-10,2023-04-18,4.9672,4.9678
2026-06-10,2023-04-19,5.0461,5.0467
2026-06-10,2023-04-20,5.0491,5.0497
2026-06-10,2023-04-24,5.0589,5.0595
2026-06-10,2023-04-25,5.0607,5.0613
2026-06-10,2023-04-26,5.0579,5.0585
2026-06-10,2023-04-27,5.0144,5.015
2026-06-10,2023-04-28,5.0001,5.0007
2026-06-10,2023-05-02,5.0329,5.0334
2026-06-10,2023-05-03,5.0221,5.0227
2026-06-10,2023-05-04,5.01,5.0106
2026-06-10,2023-05-05,4.969,4.9696
2026-06-10,2023-05-08,4.969,4.9696
2026-06-10,2023-05-09,5.0001,5.0007
2026-06-10,2023-05-10,4.9541,4.9547
2026-06-10,2023-05-11,4.969,4.9696
2026-06-10,2023-05-12,4.9228,4.9234
2026-06-10,2023-05-15,4.9097,4.9103
2026-06-10,2023-05-16,4.9116,4.9122
2026-06-10,2023-05-17,4.9507,4.9513
2026-06-10,2023-05-18,4.9641,4.9647
2026-06-10,2023-05-19,4.9852,4.9858
2026-06-10,2023-05-22,4.9674,4.968
2026-06-10,2023-05-23,4.9668,4.9674
2026-06-10,2023-05-24,4.9468,4.9474
2026-06-10,2023-05-25,4.9984,4.999
2026-06-10,2023-05-26,5.0108,5.0114
2026-06-10,2023-05-29,4.9948,4.9954
2026-06-10,2023-05-30,5.0587,5.0593
2026-06-10,2023-05-31,5.0953,5.0959
2026-06-10,2023-06-01,5.0344,5.035
2026-06-10,2023-06-02,4.9552,4.9558
2026-06-10,2023-06-05,4.923,4.9236
2026-06-10,2023-06-06,4.9286,4.9292
2026-06-10,2023-06-07,4.9113,4.9119
2026-06-10,2023-06-09,4.8916,4.8922
2026-06-10,2023-06-12,4.8826,4.8832
2026-06-10,2023-06-13,4.8527,4.8533
2026-06-10,2023-06-14,4.8456,4.8462
2026-06-10,2023-06-15,4.8216,4.8222
2026-06-10,2023-06-16,4.828,4.8286
2026-06-10,2023-06-19,4.7797,4.7803
2026-06-10,2023-06-20,4.7924,4.793
2026-06-10,2023-06-21,4.7789,4.7795
2026-06-10,2023-06-22,4.7744,4.775
2026-06-10,2023-06-23,4.7793,4.7799
2026-06-10,2023-06-26,4.7692,4.7698
2026-06-10,2023-06-27,4.7897,4.7903
2026-06-10,2023-06-28,4.8557,4.8563
2026-06-10,2023-06-29,4.8578,4.8584
2026-06-10,2023-06-30,4.8186,4.8192
2026-06-10,2023-07-03,4.787,4.7876
2026-06-10,2023-07-04,4.805,4.8056
2026-06-10,2023-07-05,4.8571,4.8577
2026-06-10,2023-07-06,4.8971,4.8977
2026-06-10,2023-07-07,4.8793,4.8799
2026-06-10,2023-07-10,4.8729,4.8735
2026-06-10,2023-07-11,4.8943,4.8949
2026-06-10,2023-07-12,4.8052,4.8058
2026-06-10,2023-07-13,4.8032,4.8038
2026-06-10,2023-07-14,4.7951,4.7957
2026-06-10,2023-07-17,4.8296,4.8302
2026-06-10,2023-07-18,4.8034,4.804
2026-06-10,2023-07-19,4.7994,4.8
2026-06-10,2023-07-20,4.7882,4.7888
2026-06-10,2023-07-21,4.7726,4.7732
2026-06-10,2023-07-24,4.7451,4.7457
2026-06-10,2023-07-25,4.749,4.7496
2026-06-10,2023-07-26,4.7362,4.7368
2026-06-10,2023-07-27,4.7196,4.7202
2026-06-10,2023-07-28,4.7247,4.7253
2026-06-10,2023-07-31,4.7409,4.7415
2026-06-10,2023-08-01,4.7746,4.7752
2026-06-10,2023-08-02,4.8077,4.8083
2026-06-10,2023-08-03,4.8791,4.8797
2026-06-10,2023-08-04,4.8603,4.8609
2026-06-10,2023-08-07,4.9004,4.901
2026-06-10,2023-08-08,4.9211,4.9217
2026-06-10,2023-08-09,4.9009,4.9015
2026-06-10,2023-08-10,4.8512,4.8518
2026-06-10,2023-08-11,4.8912,4.8918
2026-06-10,2023-08-14,4.9475,4.9481
2026-06-10,2023-08-15,4.9806,4.9812
2026-06-10,2023-08-16,4.9765,4.9772
2026-06-10,2023-08-17,4.981,4.9816
2026-06-10,2023-08-18,4.9718,4.9724
2026-06-10,2023-08-21,4.9841,4.9847
2026-06-10,2023-08-22,4.9425,4.9431
2026-06-10,2023-08-23,4.8971,4.8977
2026-06-10,2023-08-24,4.8742,4.8748
2026-06-10,2023-08-25,4.8766,4.8772
2026-06-10,2023-08-28,4.8933,4.8938
2026-06-10,2023-08-29,4.87,4.8706
2026-06-10,2023-08-30,4.8647,4.8653
2026-06-10,2023-08-31,4.9213,4.9219
2026-06-10,2023-09-01,4.9312,4.9318
2026-06-10,2023-09-04,4.917,4.9176
2026-06-10,2023-09-05,4.9699,4.9705
2026-06-10,2023-09-06,4.9756,4.9762
2026-06-10,2023-09-08,4.9829,4.9835
2026-06-10,2023-09-11,4.936,4.9366
2026-06-10,2023-09-12,4.9499,4.9505
2026-06-10,2023-09-13,4.9165,4.9171
2026-06-10,2023-09-14,4.8745,4.8751
2026-06-10,2023-09-15,4.8683,4.8689
2026-06-10,2023-09-18,4.8529,4.8535
2026-06-10,2023-09-19,4.8569,4.8575
2026-06-10,2023-09-20,4.8481,4.8487
2026-06-10,2023-09-21,4.9223,4.9229
2026-06-10,2023-09-22,4.9125,4.9131
2026-06-10,2023-09-25,4.96,4.9606
2026-06-10,2023-09-26,4.9711,4.9717
2026-06-10,2023-09-27,5.0283,5.0289
2026-06-10,2023-09-28,5.0469,5.0475
2026-06-10,2023-09-29,5.007,5.0076
2026-06-10,2023-10-02,5.0673,5.0679
2026-06-10,2023-10-03,5.1094,5.11
2026-06-10,2023-10-04,5.152,5.1526
2026-06-10,2023-10-05,5.1707,5.1713
2026-06-10,2023-10-06,5.1912,5.1918
2026-06-10,2023-10-09,5.166,5.1666
2026-06-10,2023-10-10,5.0856,5.0862
2026-06-10,2023-10-11,5.049,5.0496
2026-06-10,2023-10-13,5.0619,5.0625
2026-06-10,2023-10-16,5.0612,5.0618
2026-06-10,2023-10-17,5.0378,5.0384
2026-06-10,2023-10-18,5.0562,5.0568
2026-06-10,2023-10-19,5.0534,5.054
2026-06-10,2023-10-20,5.0522,5.0528
2026-06-10,2023-10-23,5.0158,5.0164
2026-06-10,2023-10-24,5.0059,5.0065
2026-06-10,2023-10-25,4.9975,4.9981
2026-06-10,2023-10-26,5.0049,5.0055
2026-06-10,2023-10-27,4.9474,4.948
2026-06-10,2023-10-30,5.0068,5.0074
2026-06-10,2023-10-31,5.0569,5.0575
2026-06-10,2023-11-01,5.0188,5.0194
2026-06-10,2023-11-03,4.8904,4.891
2026-06-10,2023-11-06,4.8993,4.8999
2026-06-10,2023-11-07,4.8664,4.867
2026-06-10,2023-11-08,4.8849,4.8855
2026-06-10,2023-11-09,4.9001,4.9007
2026-06-10,2023-11-10,4.9213,4.9219
2026-06-10,2023-11-13,4.924,4.9247
2026-06-10,2023-11-14,4.8676,4.8682
2026-06-10,2023-11-16,4.8569,4.8575
2026-06-10,2023-11-17,4.8843,4.8849
2026-06-10,2023-11-20,4.8717,4.8723
2026-06-10,2023-11-21,4.88,4.8806
2026-06-10,2023-11-22,4.8962,4.8968
2026-06-10,2023-11-23,4.8925,4.8931
2026-06-10,2023-11-24,4.8921,4.8927
2026-06-10,2023-11-27,4.8945,4.8951
2026-06-10,2023-11-28,4.8861,4.8867
2026-06-10,2023-11-29,4.8927,4.8933
2026-06-10,2023-11-30,4.9349,4.9355
2026-06-10,2023-12-01,4.9185,4.9191
2026-06-10,2023-12-04,4.9085,4.9091
2026-06-10,2023-12-05,4.9516,4.9522
2026-06-10,2023-12-06,4.9025,4.9031
2026-06-10,2023-12-07,4.8943,4.8949
2026-06-10,2023-12-08,4.9152,4.9158
2026-06-10,2023-12-11,4.9434,4.944
2026-06-10,2023-12-12,4.947,4.9476
2026-06-10,2023-12-13,4.9573,4.958
2026-06-10,2023-12-14,4.8906,4.8912
2026-06-10,2023-12-15,4.9391,4.9397
2026-06-10,2023-12-18,4.9393,4.9399
2026-06-10,2023-12-19,4.8657,4.8663
2026-06-10,2023-12-20,4.876,4.8766
2026-06-10,2023-12-21,4.8749,4.8755
2026-06-10,2023-12-22,4.8613,4.8619
2026-06-10,2023-12-26,4.8362,4.8368
2026-06-10,2023-12-27,4.83,4.8306
2026-06-10,2023-12-28,4.8407,4.8413
2026-06-10,2023-12-29,4.8407,4.8413
2026-06-10,2024-01-02,4.891,4.8916
2026-06-10,2024-01-03,4.9206,4.9212
2026-06-10,2024-01-04,4.9182,4.9188
2026-06-10,2024-01-05,4.8893,4.8899
2026-06-10,2024-01-08,4.8844,4.885
2026-06-10,2024-01-09,4.8931,4.8937
2026-06-10,2024-01-10,4.8895,4.8901
2026-06-10,2024-01-11,4.8788,4.8794
2026-06-10,2024-01-12,4.8537,4.8543
2026-06-10,2024-01-15,4.8759,4.8765
2026-06-10,2024-01-16,4.9032,4.9038
2026-06-10,2024-01-17,4.934,4.9346
2026-06-10,2024-01-18,4.9397,4.9403
2026-06-10,2024-01-19,4.9217,4.9223
2026-06-10,2024-01-22,4.9484,4.949
2026-06-10,2024-01-23,4.9709,4.9715
2026-06-10,2024-01-24,4.9186,4.9192
2026-06-10,2024-01-25,4.9226,4.9232
2026-06-10,2024-01-26,4.9119,4.9125
2026-06-10,2024-01-29,4.9219,4.9225
2026-06-10,2024-01-30,4.9632,4.9638
2026-06-10,2024-01-31,4.9529,4.9535
2026-06-10,2024-02-01,4.9344,4.935
2026-06-10,2024-02-02,4.9465,4.9471
2026-06-10,2024-02-05,5.0047,5.0053
2026-06-10,2024-02-06,4.9681,4.9687
2026-06-10,2024-02-07,4.9602,4.9608
2026-06-10,2024-02-08,4.9798,4.9804
2026-06-10,2024-02-09,4.9711,4.9717
2026-06-10,2024-02-14,4.9717,4.9723
2026-06-10,2024-02-15,4.9704,4.971
2026-06-10,2024-02-16,4.9755,4.9761
2026-06-10,2024-02-19,4.9579,4.9585
2026-06-10,2024-02-20,4.9402,4.9408
2026-06-10,2024-02-21,4.9297,4.9303
2026-06-10,2024-02-22,4.9413,4.9419
2026-06-10,2024-02-23,4.9845,4.9851
2026-06-10,2024-02-26,4.9813,4.9819
2026-06-10,2024-02-27,4.9569,4.9575
2026-06-10,2024-02-28,4.9551,4.9557
2026-06-10,2024-02-29,4.9827,4.9833
2026-06-10,2024-03-01,4.959,4.9596
2026-06-10,2024-03-04,4.9469,4.9475
2026-06-10,2024-03-05,4.9482,4.9488
2026-06-10,2024-03-06,4.9392,4.9398
2026-06-10,2024-03-07,4.9358,4.9364
2026-06-10,2024-03-08,4.9745,4.9751
2026-06-10,2024-03-11,4.9771,4.9777
2026-06-10,2024-03-12,4.9807,4.9813
2026-06-10,2024-03-13,4.9797,4.9803
2026-06-10,2024-03-14,4.9762,4.9768
2026-06-10,2024-03-15,4.9931,4.9937
2026-06-10,2024-03-18,5.0118,5.0124
2026-06-10,2024-03-19,5.0346,5.0352
2026-06-10,2024-03-20,5.0114,5.012
2026-06-10,2024-03-21,4.9801,4.9807
2026-06-10,2024-03-22,4.9891,4.9897
2026-06-10,2024-03-25,4.9863,4.9869
2026-06-10,2024-03-26,4.9864,4.987
2026-06-10,2024-03-27,4.985,4.9856
2026-06-10,2024-03-28,4.9956,4.9962
2026-06-10,2024-04-01,5.0526,5.0532
2026-06-10,2024-04-02,5.0469,5.0476
2026-06-10,2024-04-03,5.0718,5.0724
2026-06-10,2024-04-04,5.0231,5.0237
2026-06-10,2024-04-05,5.0514,5.052
2026-06-10,2024-04-08,5.0415,5.0421
2026-06-10,2024-04-09,5.0074,5.008
2026-06-10,2024-04-10,5.0648,5.0654
2026-06-10,2024-04-11,5.0759,5.0765
2026-06-10,2024-04-12,5.1358,5.1364
2026-06-10,2024-04-15,5.174,5.1746
2026-06-10,2024-04-16,5.2628,5.2635
2026-06-10,2024-04-17,5.2463,5.2469
2026-06-10,2024-04-18,5.2506,5.2512
2026-06-10,2024-04-19,5.2263,5.2269
2026-06-10,2024-04-22,5.2037,5.2043
2026-06-10,2024-04-23,5.162,5.1626
2026-06-10,2024-04-24,5.1586,5.1592
2026-06-10,2024-04-25,5.1673,5.1679
2026-06-10,2024-04-26,5.1178,5.1184
2026-06-10,2024-04-29,5.1149,5.1155
2026-06-10,2024-04-30,5.1712,5.1718
2026-06-10,2024-05-02,5.1178,5.1184
2026-06-10,2024-05-03,5.0662,5.0668
2026-06-10,2024-05-06,5.0721,5.0727
2026-06-10,2024-05-07,5.0604,5.061
2026-06-10,2024-05-08,5.0881,5.0887
2026-06-10,2024-05-09,5.1571,5.1577
2026-06-10,2024-05-10,5.1458,5.1464
2026-06-10,2024-05-13,5.1406,5.1412
2026-06-10,2024-05-14,5.135,5.1356
2026-06-10,2024-05-15,5.1417,5.1423
2026-06-10,2024-05-16,5.1264,5.127
2026-06-10,2024-05-17,5.1151,5.1157
2026-06-10,2024-05-20,5.1079,5.1085
2026-06-10,2024-05-21,5.1031,5.1037
2026-06-10,2024-05-22,5.1496,5.1502
2026-06-10,2024-05-23,5.1437,5.1443
2026-06-10,2024-05-24,5.1502,5.1508
2026-06-10,2024-05-27,5.1698,5.1704
2026-06-10,2024-05-28,5.1532,5.1538
2026-06-10,2024-05-29,5.1966,5.1972
2026-06-10,2024-05-31,5.241,5.2416
2026-06-10,2024-06-03,5.2367,5.2373
2026-06-10,2024-06-04,5.2681,5.2687
2026-06-10,2024-06-05,5.2835,5.2841
2026-06-10,2024-06-06,5.2675,5.2681
2026-06-10,2024-06-07,5.2796,5.2802
2026-06-10,2024-06-10,5.366,5.3666
2026-06-10,2024-06-11,5.3519,5.3524
2026-06-10,2024-06-12,5.3885,5.3891
2026-06-10,2024-06-13,5.3968,5.3974
2026-06-10,2024-06-14,5.3624,5.363
2026-06-10,2024-06-17,5.4124,5.413
2026-06-10,2024-06-18,5.4068,5.4074
2026-06-10,2024-06-19,5.4641,5.4647
2026-06-10,2024-06-20,5.4248,5.4254
2026-06-10,2024-06-21,5.441,5.4416
2026-06-10,2024-06-24,5.3994,5.4
2026-06-10,2024-06-25,5.4283,5.429
2026-06-10,2024-06-26,5.5091,5.5097
2026-06-10,2024-06-27,5.5223,5.5229
2026-06-10,2024-06-28,5.5583,5.5589
2026-06-10,2024-07-01,5.5887,5.5893
2026-06-10,2024-07-02,5.6671,5.6677
2026-06-10,2024-07-03,5.5857,5.5863
2026-06-10,2024-07-04,5.4833,5.4839
2026-06-10,2024-07-05,5.4964,5.497
2026-06-10,2024-07-08,5.4714,5.472
2026-06-10,2024-07-09,5.4381,5.4387
2026-06-10,2024-07-10,5.3961,5.3967
2026-06-10,2024-07-11,5.4094,5.41
2026-06-10,2024-07-12,5.4523,5.4529
2026-06-10,2024-07-15,5.4557,5.4563
2026-06-10,2024-07-16,5.4268,5.4274
2026-06-10,2024-07-17,5.4664,5.467
2026-06-10,2024-07-18,5.542,5.5426
2026-06-10,2024-07-19,5.5537,5.5543
2026-06-10,2024-07-22,5.5592,5.5598
2026-06-10,2024-07-23,5.5801,5.5807
2026-06-10,2024-07-24,5.634,5.6346
2026-06-10,2024-07-25,5.6396,5.6402
2026-06-10,2024-07-26,5.6459,5.6465
2026-06-10,2024-07-29,5.6473,5.6479
2026-06-10,2024-07-30,5.6526,5.6532
2026-06-10,2024-07-31,5.6615,5.6621
2026-06-10,2024-08-01,5.6675,5.6681
2026-06-10,2024-08-02,5.736,5.7366
2026-06-10,2024-08-05,5.764,5.7646
2026-06-10,2024-08-06,5.6522,5.6528
2026-06-10,2024-08-07,5.6087,5.6093
2026-06-10,2024-08-08,5.6166,5.6172
2026-06-10,2024-08-09,5.5109,5.5115
2026-06-10,2024-08-12,5.4905,5.4911
2026-06-10,2024-08-13,5.4869,5.4875
2026-06-10,2024-08-14,5.4496,5.4502
2026-06-10,2024-08-15,5.4645,5.4651
2026-06-10,2024-08-16,5.4626,5.4632
2026-06-10,2024-08-19,5.4231,5.4237
2026-06-10,2024-08-20,5.4541,5.4547
2026-06-10,2024-08-21,5.4701,5.4707
2026-06-10,2024-08-22,5.5518,5.5524
2026-06-10,2024-08-23,5.5257,5.5263
2026-06-10,2024-08-26,5.4915,5.4921
2026-06-10,2024-08-27,5.4963,5.4969
2026-06-10,2024-08-28,5.5309,5.5315
2026-06-10,2024-08-29,5.6352,5.6358
2026-06-10,2024-08-30,5.6556,5.6562
2026-06-10,2024-09-02,5.6224,5.623
2026-06-10,2024-09-03,5.6218,5.6224
2026-06-10,2024-09-04,5.6353,5.6359
2026-06-10,2024-09-05,5.6043,5.6049
2026-06-10,2024-09-06,5.5696,5.5702
2026-06-10,2024-09-09,5.6091,5.6097
2026-06-10,2024-09-10,5.6248,5.6254
2026-06-10,2024-09-11,5.6381,5.6387
2026-06-10,2024-09-12,5.6548,5.6554
2026-06-10,2024-09-13,5.5711,5.5717
2026-06-10,2024-09-16,5.5201,5.5207
2026-06-10,2024-09-17,5.5004,5.501
2026-06-10,2024-09-18,5.4761,5.4767
2026-06-10,2024-09-19,5.4183,5.4189
2026-06-10,2024-09-20,5.4769,5.4775
2026-06-10,2024-09-23,5.544,5.5446
2026-06-10,2024-09-24,5.4696,5.4702
2026-06-10,2024-09-25,5.473,5.4736
2026-06-10,2024-09-26,5.4406,5.4412
2026-06-10,2024-09-27,5.4425,5.4431
2026-06-10,2024-09-30,5.4475,5.4481
2026-06-10,2024-10-01,5.4515,5.4521
2026-06-10,2024-10-02,5.4299,5.4305
2026-06-10,2024-10-03,5.4844,5.485
2026-06-10,2024-10-04,5.468,5.4686
2026-06-10,2024-10-07,5.462,5.4626
2026-06-10,2024-10-08,5.5191,5.5197
2026-06-10,2024-10-09,5.5731,5.5737
2026-06-10,2024-10-10,5.5813,5.5819
2026-06-10,2024-10-11,5.6257,5.6263
2026-06-10,2024-10-14,5.6039,5.6045
2026-06-10,2024-10-15,5.6372,5.6378
2026-06-10,2024-10-16,5.6743,5.6749
2026-06-10,2024-10-17,5.6752,5.6758
2026-06-10,2024-10-18,5.6666,5.6672
2026-06-10,2024-10-21,5.7062,5.7068
2026-06-10,2024-10-22,5.6952,5.6958
2026-06-10,2024-10-23,5.7143,5.7149
2026-06-10,2024-10-24,5.7081,5.7087
2026-06-10,2024-10-25,5.6963,5.6969
2026-06-10,2024-10-28,5.6982,5.6988
2026-06-10,2024-10-29,5.7134,5.714
2026-06-10,2024-10-30,5.7795,5.7801
2026-06-10,2024-10-31,5.7773,5.7779
2026-06-10,2024-11-01,5.8067,5.8073
2026-06-10,2024-11-04,5.7892,5.7898
2026-06-10,2024-11-05,5.784,5.7846
2026-06-10,2024-11-06,5.7642,5.7648
2026-06-10,2024-11-07,5.6618,5.6624
2026-06-10,2024-11-08,5.7642,5.7648
2026-06-10,2024-11-11,5.7974,5.798
2026-06-10,2024-11-12,5.7688,5.7694
2026-06-10,2024-11-13,5.7707,5.7713
2026-06-10,2024-11-14,5.7879,5.7885
2026-06-10,2024-11-18,5.7597,5.7603
2026-06-10,2024-11-19,5.7737,5.7743
2026-06-10,2024-11-21,5.8167,5.8173
2026-06-10,2024-11-22,5.8118,5.8124
2026-06-10,2024-11-25,5.7996,5.8002
2026-06-10,2024-11-26,5.7984,5.799
2026-06-10,2024-11-27,5.8285,5.8291
2026-06-10,2024-11-28,5.9865,5.9871
2026-06-10,2024-11-29,6.0529,6.0535
2026-06-10,2024-12-02,6.0628,6.0634
2026-06-10,2024-12-03,6.0701,6.0707
2026-06-10,2024-12-04,6.0575,6.0581
2026-06-10,2024-12-05,5.9843,5.9849
2026-06-10,2024-12-06,6.0287,6.0293
2026-06-10,2024-12-09,6.0564,6.057
2026-06-10,2024-12-10,6.0523,6.0529
2026-06-10,2024-12-11,6.0314,6.032
2026-06-10,2024-12-12,5.9402,5.9408
2026-06-10,2024-12-13,6.0394,6.04
2026-06-10,2024-12-16,6.0504,6.0509
2026-06-10,2024-12-17,6.1679,6.1685
2026-06-10,2024-12-18,6.1618,6.1624
2026-06-10,2024-12-19,6.1835,6.1841
2026-06-10,2024-12-20,6.0774,6.078
2026-06-10,2024-12-23,6.1606,6.1612
2026-06-10,2024-12-24,6.1527,6.1541
2026-06-10,2024-12-26,6.165,6.1656
2026-06-10,2024-12-27,6.1985,6.1991
2026-06-10,2024-12-30,6.1917,6.1923
2026-06-10,2024-12-31,6.1917,6.1923
2026-06-10,2025-01-02,6.208,6.2086
2026-06-10,2025-01-03,6.1557,6.1563
2026-06-10,2025-01-06,6.1113,6.1119
2026-06-10,2025-01-07,6.0735,6.0741
2026-06-10,2025-01-08,6.1315,6.1321
2026-06-10,2025-01-09,6.089,6.0896
2026-06-10,2025-01-10,6.0959,6.0965
2026-06-10,2025-01-13,6.1073,6.1079
2026-06-10,2025-01-14,6.0665,6.0671
2026-06-10,2025-01-15,6.0371,6.0377
2026-06-10,2025-01-16,6.0316,6.0322
2026-06-10,2025-01-17,6.0603,6.0609
2026-06-10,2025-01-20,6.0492,6.0498
2026-06-10,2025-01-21,6.0434,6.044
2026-06-10,2025-01-22,5.9668,5.9674
2026-06-10,2025-01-23,5.9393,5.9399
2026-06-10,2025-01-24,5.8919,5.8925
2026-06-10,2025-01-27,5.9266,5.9272
2026-06-10,2025-01-28,5.8924,5.893
2026-06-10,2025-01-29,5.859,5.8596
2026-06-10,2025-01-30,5.9,5.9006
2026-06-10,2025-01-31,5.8295,5.8301
2026-06-10,2025-02-03,5.8681,5.8687
2026-06-10,2025-02-04,5.7921,5.7927
2026-06-10,2025-02-05,5.7991,5.7997
2026-06-10,2025-02-06,5.785,5.7856
2026-06-10,2025-02-07,5.7551,5.7557
2026-06-10,2025-02-10,5.7802,5.7808
2026-06-10,2025-02-11,5.7782,5.7788
2026-06-10,2025-02-12,5.7705,5.7711
2026-06-10,2025-02-13,5.7782,5.7788
2026-06-10,2025-02-14,5.7277,5.7283
2026-06-10,2025-02-17,5.7099,5.7105
2026-06-10,2025-02-18,5.6973,5.6979
2026-06-10,2025-02-19,5.7081,5.7087
2026-06-10,2025-02-20,5.7013,5.7019
2026-06-10,2025-02-21,5.7021,5.7027
2026-06-10,2025-02-24,5.7252,5.7258
2026-06-10,2025-02-25,5.7773,5.7779
2026-06-10,2025-02-26,5.7751,5.7757
2026-06-10,2025-02-27,5.8222,5.8228
2026-06-10,2025-02-28,5.8482,5.8488
2026-06-10,2025-03-05,5.7908,5.7914
2026-06-10,2025-03-06,5.7483,5.7489
2026-06-10,2025-03-07,5.7682,5.7688
2026-06-10,2025-03-10,5.7924,5.793
2026-06-10,2025-03-11,5.8341,5.8346
2026-06-10,2025-03-12,5.8262,5.8268
2026-06-10,2025-03-13,5.8125,5.8131
2026-06-10,2025-03-14,5.7413,5.7419
2026-06-10,2025-03-17,5.7076,5.7082
2026-06-10,2025-03-18,5.6846,5.6852
2026-06-10,2025-03-19,5.6651,5.6657
2026-06-10,2025-03-20,5.6622,5.6628
2026-06-10,2025-03-21,5.7235,5.7241
2026-06-10,2025-03-24,5.7397,5.7403
2026-06-10,2025-03-25,5.6986,5.6992
2026-06-10,2025-03-26,5.7292,5.7298
2026-06-10,2025-03-27,5.7468,5.7474
2026-06-10,2025-03-28,5.7654,5.766
2026-06-10,2025-03-31,5.7416,5.7422
2026-06-10,2025-04-01,5.7045,5.7051
2026-06-10,2025-04-02,5.6918,5.6923
2026-06-10,2025-04-03,5.6062,5.6067
2026-06-10,2025-04-04,5.7771,5.7777
2026-06-10,2025-04-07,5.8871,5.8877
2026-06-10,2025-04-08,5.9362,5.9368
2026-06-10,2025-04-09,6.0599,6.0605
2026-06-10,2025-04-10,5.9109,5.9115
2026-06-10,2025-04-11,5.8731,5.8737
2026-06-10,2025-04-14,5.8419,5.8425
2026-06-10,2025-04-15,5.8701,5.8707
2026-06-10,2025-04-16,5.8802,5.8808
2026-06-10,2025-04-17,5.8553,5.8559
2026-06-10,2025-04-22,5.749,5.7496
2026-06-10,2025-04-23,5.6874,5.688
2026-06-10,2025-04-23,5.6874,5.688
2026-06-10,2025-04-24,5.6732,5.6738
2026-06-10,2025-04-25,5.684,5.6846
2026-06-10,2025-04-28,5.6675,5.6681
2026-06-10,2025-04-29,5.6461,5.6467
2026-06-10,2025-04-30,5.6602,5.6608
2026-06-10,2025-05-02,5.6388,5.6394
2026-06-10,2025-05-05,5.6514,5.652
2026-06-10,2025-05-06,5.7204,5.721
2026-06-10,2025-05-07,5.7368,5.7375
2026-06-10,2025-05-08,5.6854,5.686
2026-06-10,2025-05-09,5.6505,5.6511
2026-06-10,2025-05-12,5.6816,5.6822
2026-06-10,2025-05-13,5.6256,5.6262
2026-06-10,2025-05-14,5.6094,5.61
2026-06-10,2025-05-15,5.6322,5.6328
2026-06-10,2025-05-16,5.6919,5.6925
2026-06-10,2025-05-19,5.6585,5.6591
2026-06-10,2025-05-20,5.6614,5.662
2026-06-10,2025-05-21,5.6565,5.6571
2026-06-10,2025-05-22,5.6384,5.639
2026-06-10,2025-05-23,5.6926,5.6932
2026-06-10,2025-05-26,5.6613,5.6619
2026-06-10,2025-05-27,5.6533,5.6539
2026-06-10,2025-05-28,5.693,5.6936
2026-06-10,2025-05-29,5.6553,5.6559
2026-06-10,2025-05-30,5.7081,5.7087
2026-06-10,2025-06-02,5.6931,5.6937
2026-06-10,2025-06-03,5.6688,5.6694
2026-06-10,2025-06-04,5.6326,5.6332
2026-06-10,2025-06-05,5.5963,5.5969
2026-06-10,2025-06-06,5.5941,5.5947
2026-06-10,2025-06-09,5.5754,5.576
2026-06-10,2025-06-10,5.5551,5.5557
2026-06-10,2025-06-11,5.5384,5.539
2026-06-10,2025-06-12,5.5382,5.5388
2026-06-10,2025-06-13,5.5646,5.5652
2026-06-10,2025-06-16,5.5117,5.5123
2026-06-10,2025-06-17,5.4767,5.4773
2026-06-10,2025-06-18,5.4873,5.4879
2026-06-10,2025-06-20,5.4951,5.4957
2026-06-10,2025-06-23,5.5207,5.5213
2026-06-10,2025-06-24,5.4932,5.4938
2026-06-10,2025-06-25,5.5421,5.5427
2026-06-10,2025-06-26,5.5139,5.5145
2026-06-10,2025-06-27,5.4753,5.4759
2026-06-10,2025-06-30,5.4565,5.4571
2026-06-10,2025-07-01,5.4505,5.4511
2026-06-10,2025-07-02,5.4506,5.4512
2026-06-10,2025-07-03,5.4202,5.4208
2026-06-10,2025-07-04,5.4084,5.409
2026-06-10,2025-07-07,5.4546,5.4552
2026-06-10,2025-07-08,5.4565,5.4571
2026-06-10,2025-07-09,5.462,5.4626
2026-06-10,2025-07-10,5.5427,5.5433
2026-06-10,2025-07-11,5.5716,5.5722
2026-06-10,2025-07-14,5.5589,5.5595
2026-06-10,2025-07-15,5.5569,5.5576
2026-06-10,2025-07-16,5.5716,5.5722
2026-06-10,2025-07-17,5.5731,5.5737
2026-06-10,2025-07-18,5.546,5.5466
2026-06-10,2025-07-21,5.5619,5.5625
2026-06-10,2025-07-22,5.5703,5.5709
2026-06-10,2025-07-23,5.5531,5.5537
2026-06-10,2025-07-24,5.5233,5.5239
2026-06-10,2025-07-25,5.542,5.5426
2026-06-10,2025-07-28,5.5871,5.5877
2026-06-10,2025-07-29,5.5758,5.5764
2026-06-10,2025-07-30,5.6028,5.6034
2026-06-10,2025-07-31,5.6015,5.6021
2026-06-10,2025-08-01,5.543,5.5436
2026-06-10,2025-08-04,5.5107,5.5113
2026-06-10,2025-08-05,5.5113,5.5119
2026-06-10,2025-08-06,5.4796,5.4802
2026-06-10,2025-08-07,5.4632,5.4638
2026-06-10,2025-08-08,5.4248,5.4254
2026-06-10,2025-08-11,5.4467,5.4473
2026-06-10,2025-08-12,5.4046,5.4052
2026-06-10,2025-08-13,5.3922,5.3928
2026-06-10,2025-08-14,5.4089,5.4095
2026-06-10,2025-08-15,5.3922,5.3928
2026-06-10,2025-08-18,5.4149,5.4155
2026-06-10,2025-08-19,5.471,5.4716
2026-06-10,2025-08-20,5.472,5.4726
2026-06-10,2025-08-21,5.4822,5.4828
2026-06-10,2025-08-22,5.4386,5.4392
2026-06-10,2025-08-25,5.4168,5.4174
2026-06-10,2025-08-26,5.4212,5.4218
2026-06-10,2025-08-27,5.4422,5.4428
2026-06-10,2025-08-28,5.4109,5.4115
2026-06-10,2025-08-29,5.4258,5.4264
2026-06-10,2025-09-01,5.4372,5.4378
2026-06-10,2025-09-02,5.4674,5.468
2026-06-10,2025-09-03,5.4479,5.4485
2026-06-10,2025-09-04,5.4581,5.4587
2026-06-10,2025-09-05,5.3962,5.3968
2026-06-10,2025-09-08,5.4272,5.4278
2026-06-10,2025-09-09,5.4272,5.4278
2026-06-10,2025-09-10,5.4117,5.4123
2026-06-10,2025-09-11,5.3852,5.3858
2026-06-10,2025-09-12,5.3671,5.3677
2026-06-10,2025-09-15,5.3202,5.3208
2026-06-10,2025-09-16,5.309,5.3096
2026-06-10,2025-09-17,5.3005,5.3011
2026-06-10,2025-09-18,5.3004,5.301
2026-06-10,2025-09-19,5.327,5.3276
2026-06-10,2025-09-22,5.3451,5.3457
2026-06-10,2025-09-23,5.3057,5.3063
2026-06-10,2025-09-24,5.3106,5.3112
2026-06-10,2025-09-25,5.3419,5.3425
2026-06-10,2025-09-26,5.3439,5.3445
2026-06-10,2025-09-29,5.3223,5.3229
2026-06-10,2025-09-30,5.318,5.3186
2026-06-10,2025-10-01,5.3202,5.3208
2026-06-10,2025-10-02,5.3443,5.3449
2026-06-10,2025-10-03,5.3492,5.3498
2026-06-10,2025-10-06,5.322,5.3226
2026-06-10,2025-10-07,5.3357,5.3363
2026-06-10,2025-10-08,5.3421,5.3427
2026-06-10,2025-10-09,5.3532,5.3538
2026-06-10,2025-10-10,5.444,5.4446
2026-06-10,2025-10-13,5.4623,5.4629
2026-06-10,2025-10-14,5.4976,5.4982
2026-06-10,2025-10-15,5.4458,5.4464
2026-06-10,2025-10-16,5.4348,5.4354
2026-06-10,2025-10-17,5.4384,5.439
2026-06-10,2025-10-20,5.3765,5.3771
2026-06-10,2025-10-21,5.3842,5.3848
2026-06-10,2025-10-22,5.3892,5.3898
2026-06-10,2025-10-23,5.3834,5.384
2026-06-10,2025-10-24,5.3791,5.3797
2026-06-10,2025-10-27,5.3738,5.3744
2026-06-10,2025-10-28,5.3684,5.369
2026-06-10,2025-10-29,5.341,5.3416
2026-06-10,2025-10-30,5.3844,5.385
2026-06-10,2025-10-31,5.3837,5.3843
2026-06-10,2025-11-03,5.3499,5.3505
2026-06-10,2025-11-04,5.384,5.3846
2026-06-10,2025-11-05,5.3792,5.3798
2026-06-10,2025-11-06,5.3445,5.3451
2026-06-10,2025-11-07,5.3561,5.3567
2026-06-10,2025-11-10,5.3175,5.3181
2026-06-10,2025-11-11,5.2723,5.2729
2026-06-10,2025-11-12,5.2879,5.2885
2026-06-10,2025-11-13,5.2814,5.282
2026-06-10,2025-11-14,5.2946,5.2952
2026-06-10,2025-11-17,5.3102,5.3108
2026-06-10,2025-11-18,5.3355,5.3361
2026-06-10,2025-11-19,5.334,5.3346
2026-06-10,2025-11-21,5.3896,5.3902
2026-06-10,2025-11-24,5.3942,5.3948
2026-06-10,2025-11-25,5.3835,5.3841
2026-06-10,2025-11-26,5.3688,5.3694
2026-06-10,2025-11-27,5.3484,5.349
2026-06-10,2025-11-28,5.3332,5.3338
2026-06-10,2025-12-01,5.3463,5.3469
2026-06-10,2025-12-02,5.3459,5.3465
2026-06-10,2025-12-03,5.3108,5.3114
2026-06-10,2025-12-04,5.2946,5.2952
2026-06-10,2025-12-05,5.3399,5.3405
2026-06-10,2025-12-08,5.4243,5.4249
2026-06-10,2025-12-09,5.4564,5.457
2026-06-10,2025-12-10,5.465,5.4656
2026-06-10,2025-12-11,5.4231,5.4237
2026-06-10,2025-12-12,5.4005,5.4011
2026-06-10,2025-12-15,5.3923,5.3929
2026-06-10,2025-12-16,5.4499,5.4505
2026-06-10,2025-12-17,5.5087,5.5093
2026-06-10,2025-12-18,5.5277,5.5283
2026-06-10,2025-12-19,5.5154,5.516
2026-06-10,2025-12-22,5.5383,5.5389
2026-06-10,2025-12-23,5.5637,5.5643
2026-06-10,2025-12-24,5.5342,5.535
2026-06-10,2025-12-26,5.5407,5.5413
2026-06-10,2025-12-29,5.5733,5.5739
2026-06-10,2025-12-30,5.5018,5.5024
2026-06-10,2025-12-31,5.5018,5.5024
2026-06-10,2026-01-02,5.4366,5.4372
2026-06-10,2026-01-05,5.4345,5.4351
2026-06-10,2026-01-06,5.3791,5.3797
2026-06-10,2026-01-07,5.3874,5.388
2026-06-10,2026-01-08,5.3854,5.386
2026-06-10,2026-01-09,5.3701,5.3707
2026-06-10,2026-01-12,5.3754,5.376
2026-06-10,2026-01-13,5.3758,5.3764
2026-06-10,2026-01-14,5.3789,5.3795
2026-06-10,2026-01-15,5.384,5.3846
2026-06-10,2026-01-16,5.3792,5.3798
2026-06-10,2026-01-19,5.3647,5.3653
2026-06-10,2026-01-20,5.3784,5.379
2026-06-10,2026-01-21,5.3362,5.3368
2026-06-10,2026-01-22,5.3112,5.3118
2026-06-10,2026-01-23,5.2872,5.2879
2026-06-10,2026-01-26,5.2754,5.276
2026-06-10,2026-01-27,5.2386,5.2392
2026-06-10,2026-01-28,5.1832,5.1838
2026-06-10,2026-01-29,5.195,5.1956
2026-06-10,2026-01-30,5.2295,5.2301
2026-06-10,2026-02-02,5.2581,5.2587
2026-06-10,2026-02-03,5.223,5.2236
2026-06-10,2026-02-04,5.2353,5.2359
2026-06-10,2026-02-05,5.2574,5.258
2026-06-10,2026-02-06,5.2335,5.2341
2026-06-10,2026-02-09,5.1937,5.1943
2026-06-10,2026-02-10,5.2015,5.2021
2026-06-10,2026-02-11,5.183,5.1836
2026-06-10,2026-02-12,5.1668,5.1674
2026-06-10,2026-02-13,5.2282,5.2288
2026-06-10,2026-02-18,5.2343,5.2349
2026-06-10,2026-02-19,5.225,5.2257
2026-06-10,2026-02-20,5.2,5.2006
2026-06-10,2026-02-23,5.1629,5.1635
2026-06-10,2026-02-24,5.1676,5.1682
2026-06-10,2026-02-25,5.1434,5.144
2026-06-10,2026-02-26,5.1376,5.1382
2026-06-10,2026-02-27,5.1489,5.1495
2026-06-10,2026-03-02,5.1995,5.2001
2026-06-10,2026-03-03,5.2864,5.287
2026-06-10,2026-03-04,5.2085,5.2091
2026-06-10,2026-03-05,5.2441,5.2447
2026-06-10,2026-03-06,5.2872,5.2878
2026-06-10,2026-03-09,5.2133,5.2139
2026-06-10,2026-03-10,5.1616,5.1622
2026-06-10,2026-03-11,5.159,5.1596
2026-06-10,2026-03-12,5.2045,5.2051
2026-06-10,2026-03-13,5.2535,5.2541
2026-06-10,2026-03-16,5.2641,5.2647
2026-06-10,2026-03-17,5.2016,5.2022
2026-06-10,2026-03-18,5.2106,5.2112
2026-06-10,2026-03-19,5.2581,5.2587
2026-06-10,2026-03-20,5.2793,5.28
2026-06-10,2026-03-23,5.2434,5.244
2026-06-10,2026-03-24,5.2593,5.2599
2026-06-10,2026-03-25,5.2269,5.2275
2026-06-10,2026-03-26,5.2302,5.2308
2026-06-10,2026-03-27,5.237,5.2376
2026-06-10,2026-03-30,5.2347,5.2353
2026-06-10,2026-03-31,5.2188,5.2194
2026-06-10,2026-04-01,5.16,5.1606
2026-06-10,2026-04-02,5.1649,5.1655
2026-06-10,2026-04-06,5.1526,5.1532
2026-06-10,2026-04-07,5.1619,5.1625
2026-06-10,2026-04-08,5.0893,5.0899
2026-06-10,2026-04-09,5.0815,5.0821
2026-06-10,2026-04-10,5.0223,5.0229
2026-06-10,2026-04-13,5.0238,5.0244
2026-06-10,2026-04-14,4.98,4.9806
2026-06-10,2026-04-15,4.9922,4.9928
2026-06-10,2026-04-16,5.0001,5.0007
2026-06-10,2026-04-17,4.9689,4.9695
2026-06-10,2026-04-20,4.9838,4.9844
2026-06-10,2026-04-22,4.9647,4.9653
2026-06-10,2026-04-23,4.9533,4.9539
2026-06-10,2026-04-24,5.0077,5.0083
2026-06-10,2026-04-27,4.9694,4.97
2026-06-10,2026-04-28,4.9872,4.9878
2026-06-10,2026-04-29,4.9979,4.9985
2026-06-10,2026-04-30,4.988,4.9886
2026-06-10,2026-05-04,4.9581,4.9587
2026-06-10,2026-05-05,4.9236,4.9242
2026-06-10,2026-05-06,4.9268,4.9274
2026-06-10,2026-05-07,4.9164,4.917
2026-06-10,2026-05-08,4.8993,4.8999
2026-06-10,2026-05-11,4.8967,4.8973
2026-06-10,2026-05-12,4.8971,4.8977
2026-06-10,2026-05-13,4.9112,4.9118
2026-06-10,2026-05-14,4.9803,4.9809
2026-06-10,2026-05-15,5.0648,5.0654
2026-06-10,2026-05-18,5.0087,5.0093
2026-06-10,2026-05-19,5.0372,5.0378
2026-06-10,2026-05-20,5.0295,5.0301
2026-06-10,2026-05-21,5.0071,5.0077
2026-06-10,2026-05-22,5.0134,5.014
2026-06-10,2026-05-25,5.0066,5.0072
2026-06-10,2026-05-26,5.0205,5.0211
2026-06-10,2026-05-27,5.0573,5.0579
2026-06-10,2026-05-28,5.0511,5.0517
2026-06-10,2026-05-29,5.0563,5.0569
2026-06-10,2026-06-01,5.0297,5.0303
2026-06-10,2026-06-02,5.0154,5.016
2026-06-10,2026-06-03,5.0409,5.0415
2026-06-10,2026-06-05,5.1238,5.1244
2026-06-10,2026-06-08,5.1689,5.1695
2026-06-10,2026-06-09,5.1687,5.1693
2026-06-10,2026-06-10,5.1757,5.1763
