dataset,dataset_label,fonte,categoria,tipo,indicador,valor,unidade,data_referencia,captura_em,metrica
anbima_indicadores.csv,ANBIMA Indicadores,ANBIMA,Taxa de Juros,indicador,DI-B3,"13,65",% a.a.,2026-10-02,2026-10-02,valor
anbima_indicadores.csv,ANBIMA Indicadores,ANBIMA,Câmbio,indicador,Dólar Comercial Compra,"5,2232",R$,2026-10-02,2026-10-02,valor
anbima_indicadores.csv,ANBIMA Indicadores,ANBIMA,Câmbio,indicador,Dólar Comercial Venda,"5,2238",R$,2026-10-02,2026-10-02,valor
anbima_indicadores.csv,ANBIMA Indicadores,ANBIMA,Taxa de Juros,indicador,Estimativa SELIC,"13,65",% a.a.,2026-10-02,2026-10-02,valor
anbima_indicadores.csv,ANBIMA Indicadores,ANBIMA,Câmbio,indicador,Euro Compra,"5,8803",R$,2026-10-02,2026-10-02,valor
anbima_indicadores.csv,ANBIMA Indicadores,ANBIMA,Câmbio,indicador,Euro Venda,"5,8815",R$,2026-10-02,2026-10-02,valor
anbima_indicadores.csv,ANBIMA Indicadores,ANBIMA,FDS,indicador,FDS (registro 1),"0,0922",R$ cota,2026-10-02,2026-10-02,valor
anbima_indicadores.csv,ANBIMA Indicadores,ANBIMA,FDS,indicador,FDS (registro 2),"0,0921",R$ cota,2026-10-01,2026-10-02,valor
anbima_indicadores.csv,ANBIMA Indicadores,ANBIMA,Índice de Preços,indicador,IGP-M Número Índice,1.226,índice,2026-09-01,2026-09-29,valor
anbima_indicadores.csv,ANBIMA Indicadores,ANBIMA,Índice de Preços,indicador,IGP-M Projeção,"1,35",%,2026-10-01,2026-09-29,valor
anbima_indicadores.csv,ANBIMA Indicadores,ANBIMA,Índice de Preços,indicador,IGP-M Var % mês,"1,57",%,2026-09-01,2026-09-29,valor
anbima_indicadores.csv,ANBIMA Indicadores,ANBIMA,Índice de Preços,indicador,IPCA Número Índice,7.633,índice,2026-08-01,2026-09-11,valor
anbima_indicadores.csv,ANBIMA Indicadores,ANBIMA,Índice de Preços,indicador,IPCA Projeção,"0,5600",%,2026-09-01,2026-09-14,valor
anbima_indicadores.csv,ANBIMA Indicadores,ANBIMA,Índice de Preços,indicador,IPCA Var % mês,"-0,3200",%,2026-08-01,2026-09-11,valor
anbima_indicadores.csv,ANBIMA Indicadores,ANBIMA,Taxa de Referência,indicador,TBF,"0,9749",% mês,2026-10-01,2026-10-02,valor
anbima_indicadores.csv,ANBIMA Indicadores,ANBIMA,Taxa de Referência,indicador,TR,"0,1616",% mês,2026-10-01,2026-10-02,valor
anbima_indicadores.csv,ANBIMA Indicadores,ANBIMA,Taxa de Juros,indicador,Taxa SELIC (BC),"13,65",% a.a.,2026-10-02,2026-10-02,valor
anbima_indice_imab.csv,ANBIMA IMA-B,ANBIMA,IMA-B,indicador,IMA-GERAL,10.582,Número-índice,2026-10-02,2026-10-02,numero_indice
anbima_indice_imab.csv,ANBIMA IMA-B,ANBIMA,IMA-B,indicador,IMA-GERAL,"0,19%",Variação diária,2026-10-02,2026-10-02,variacao_diaria
anbima_indice_imab.csv,ANBIMA IMA-B,ANBIMA,IMA-B,indicador,IMA-GERAL,"505,00",Duration (d.u.),2026-10-02,2026-10-02,duration_du
anbima_titulos_publicos.csv,ANBIMA Títulos Públicos,ANBIMA,Títulos Públicos,indicador,100000 (LTN),"13,35%",Taxa indicativa,2026-10-02,2026-10-03,tx_indicativa
anbima_titulos_publicos.csv,ANBIMA Títulos Públicos,ANBIMA,Títulos Públicos,indicador,100000 (LTN),"941,59",PU,2026-10-02,2026-10-03,pu
anbima_titulos_publicos.csv,ANBIMA Títulos Públicos,ANBIMA,Títulos Públicos,indicador,210100 (LFT),"0,00%",Taxa indicativa,2026-10-02,2026-10-03,tx_indicativa
anbima_titulos_publicos.csv,ANBIMA Títulos Públicos,ANBIMA,Títulos Públicos,indicador,210100 (LFT),20.007,PU,2026-10-02,2026-10-03,pu
anbima_titulos_publicos.csv,ANBIMA Títulos Públicos,ANBIMA,Títulos Públicos,indicador,760199 (NTN-B),"5,61%",Taxa indicativa,2026-10-02,2026-10-03,tx_indicativa
anbima_titulos_publicos.csv,ANBIMA Títulos Públicos,ANBIMA,Títulos Públicos,indicador,760199 (NTN-B),4.870,PU,2026-10-02,2026-10-03,pu
anbima_titulos_publicos.csv,ANBIMA Títulos Públicos,ANBIMA,Títulos Públicos,indicador,770100 (NTN-C),"7,90%",Taxa indicativa,2026-10-02,2026-10-03,tx_indicativa
anbima_titulos_publicos.csv,ANBIMA Títulos Públicos,ANBIMA,Títulos Públicos,indicador,770100 (NTN-C),7.819,PU,2026-10-02,2026-10-03,pu
anbima_titulos_publicos.csv,ANBIMA Títulos Públicos,ANBIMA,Títulos Públicos,indicador,950199 (NTN-F),"13,32%",Taxa indicativa,2026-10-02,2026-10-03,tx_indicativa
anbima_titulos_publicos.csv,ANBIMA Títulos Públicos,ANBIMA,Títulos Públicos,indicador,950199 (NTN-F),1.018,PU,2026-10-02,2026-10-03,pu
anbima_titulos_publicos_estimativa_selic.csv.gz,ANBIMA Estimativa Selic,ANBIMA,Taxas de Juros,indicador,Estimativa Taxa Selic,"13,65%",,2026-10-02,2026-10-04,estimativa_taxa_selic
b3_bdi_di_over.csv,B3 DI Over,B3,,indicador,DI Over (SELIC equivalente),"13,65%",,2026-10-02,2026-10-03,average
b3_bdi_di_over.csv,B3 DI Over,B3,,indicador,DI Over — Volume financeiro,2.789.583,,2026-10-02,2026-10-03,financial_volume
b3_bmf_taxas_juros.csv,B3 BMF Taxas,B3,Taxas de Juros,indicador,DI1,"13,65%",,2026-10-02,2026-10-03,taxa
b3_indicadores_financeiros.csv,B3 Indicadores Financeiros,B3,Indicadores B3,indicador,DIF OPER CASADA - COMPRA,"27,73",,2026-10-02,2026-10-02,taxa
b3_indicadores_financeiros.csv,B3 Indicadores Financeiros,B3,Indicadores B3,indicador,DOLAR SPOT BMF PARA 1 DIA,"5,2221",,2026-10-02,2026-10-02,valor
b3_indicadores_financeiros.csv,B3 Indicadores Financeiros,B3,Indicadores B3,indicador,DÓLAR BMF SPOT - 2 DIAS,"5,2231",,2026-10-02,2026-10-02,valor
b3_indicadores_financeiros.csv,B3 Indicadores Financeiros,B3,Indicadores B3,indicador,DÓLAR CUPOM LIMPO,"5,2264",,2026-10-02,2026-10-02,valor
b3_indicadores_financeiros.csv,B3 Indicadores Financeiros,B3,Indicadores B3,indicador,TAXA CDI CETIP,"13,65",,2026-10-02,2026-10-02,taxa
b3_indicadores_financeiros.csv,B3 Indicadores Financeiros,B3,Indicadores B3,indicador,TAXA SELIC,"13,65",,2026-10-02,2026-10-02,taxa
b3_indicadores_financeiros.csv,B3 Indicadores Financeiros,B3,Indicadores B3,indicador,TAXA SOFR,"3,87",,2026-10-02,2026-10-02,valor
bcb_ptax.csv,BCB PTAX,BCB,Taxas de Câmbio,indicador,PTAX USD — Compra,"5,2232",,2026-10-02,2026-10-04,cotacao_compra
bcb_ptax.csv,BCB PTAX,BCB,Taxas de Câmbio,indicador,PTAX USD — Venda,"5,2238",,2026-10-02,2026-10-04,cotacao_venda
bcb_sgs.csv,BCB SGS,BCB,Séries SGS,indicador,IGP-M,"5,22%",,2026-10-02,2026-10-02,1
bcb_sgs.csv,BCB SGS,BCB,Séries SGS,indicador,IGP-M (índice),"1,57%",,2026-09-01,2026-10-02,189
bcb_sgs.csv,BCB SGS,BCB,Séries SGS,indicador,IGP-M 12m,"0,06%",,2026-08-01,2026-10-02,190
bcb_sgs.csv,BCB SGS,BCB,Séries SGS,indicador,IPCA 12m,"-0,32%",,2026-08-01,2026-10-02,433
bcb_sgs.csv,BCB SGS,BCB,Séries SGS,indicador,SELIC (% a.d.),"0,05%",,2026-10-01,2026-10-02,11
fred_brazil_export_commodities.csv.gz,FRED Commodities Exportação Brasil,FRED,Commodities Globais,indicador,Açúcar Global (US cents/lb),"36,06",,2026-07-01,2026-10-04,acucar_global_usd
fred_brazil_export_commodities.csv.gz,FRED Commodities Exportação Brasil,FRED,Commodities Globais,indicador,Café Arábica Global (US cents/lb),"359,16",,2026-07-01,2026-10-04,cafe_arabica_global_usd
fred_brazil_export_commodities.csv.gz,FRED Commodities Exportação Brasil,FRED,Commodities Globais,indicador,Minério de Ferro Global (USD/dmtu),"101,60",,2026-07-01,2026-10-04,minerio_ferro_global_usd
fred_brazil_export_commodities.csv.gz,FRED Commodities Exportação Brasil,FRED,Commodities Globais,indicador,Petróleo Brent Global (USD/bbl),"83,73",,2026-07-01,2026-10-04,petroleo_brent_global_usd
fred_brazil_export_commodities.csv.gz,FRED Commodities Exportação Brasil,FRED,Commodities Globais,indicador,Soja Global (USD/mt),"442,45",,2026-07-01,2026-10-04,soja_global_usd
fred_brazil_macro_fx_and_cycles.csv.gz,FRED Brasil Macro e Ciclos,FRED,Macroeconomia Brasil,indicador,Spread High Yield Emergentes OAS,"3,41",,2026-10-01,2026-10-04,spread_high_yield_emergentes_oas
fred_global_liquidity_credit_spreads.csv.gz,FRED Liquidez e Spreads,FRED,Liquidez & Crédito Global,indicador,CBOE VIX Volatility,"16,39",,2026-10-01,2026-10-04,vix
fred_global_liquidity_credit_spreads.csv.gz,FRED Liquidez e Spreads,FRED,Liquidez & Crédito Global,indicador,Fed Funds Effective Rate,"3,88%",,2026-10-01,2026-10-04,fed_funds_rate
fred_global_liquidity_credit_spreads.csv.gz,FRED Liquidez e Spreads,FRED,Liquidez & Crédito Global,indicador,SOFR Rate,"3,87%",,2026-10-01,2026-10-04,sofr_rate
fred_global_liquidity_credit_spreads.csv.gz,FRED Liquidez e Spreads,FRED,Liquidez & Crédito Global,indicador,US Corp IG Spread,"0,8600",,2026-10-01,2026-10-04,credit_spread_corp_ig
fred_global_liquidity_credit_spreads.csv.gz,FRED Liquidez e Spreads,FRED,Liquidez & Crédito Global,indicador,US High Yield Spread,"3,24",,2026-10-01,2026-10-04,credit_spread_corp_hy
fred_us_macro_indicators.csv.gz,FRED US Macro,FRED,Macroeconomia EUA,indicador,US Nonfarm Payrolls (k),159.044,,2026-09-01,2026-10-04,nonfarm_payroll
fred_us_macro_indicators.csv.gz,FRED US Macro,FRED,Macroeconomia EUA,indicador,US Unemployment Rate,"4,20%",,2026-09-01,2026-10-04,unemployment_rate
fred_us_treasuries_yield_curve.csv.gz,FRED US Treasuries,FRED,Curva Soberana EUA,indicador,US Breakeven Inflation 10Y,"2,36%",,2026-10-02,2026-10-04,t10y_breakeven
fred_us_treasuries_yield_curve.csv.gz,FRED US Treasuries,FRED,Curva Soberana EUA,indicador,US Breakeven Inflation 5Y,"2,37%",,2026-10-02,2026-10-04,t5y_breakeven
fred_us_treasuries_yield_curve.csv.gz,FRED US Treasuries,FRED,Curva Soberana EUA,indicador,US Yield Curve Spread 10Y-2Y,"0,45%",,2026-10-02,2026-10-04,t10y2y_spread
yahoo_acoes_brasileiras.csv,Yahoo Ações Brasileiras,Yahoo Finance,Ações Brasileiras (B3),indicador,ABEV3.SA,"15,84",,2026-10-02,2026-10-04,ABEV3.SA
yahoo_acoes_brasileiras.csv,Yahoo Ações Brasileiras,Yahoo Finance,Ações Brasileiras (B3),indicador,ALOS3.SA,"30,51",,2026-10-02,2026-10-04,ALOS3.SA
yahoo_acoes_brasileiras.csv,Yahoo Ações Brasileiras,Yahoo Finance,Ações Brasileiras (B3),indicador,ASAI3.SA,"11,15",,2026-10-02,2026-10-04,ASAI3.SA
yahoo_acoes_brasileiras.csv,Yahoo Ações Brasileiras,Yahoo Finance,Ações Brasileiras (B3),indicador,B3SA3.SA,"19,00",,2026-10-02,2026-10-04,B3SA3.SA
yahoo_acoes_brasileiras.csv,Yahoo Ações Brasileiras,Yahoo Finance,Ações Brasileiras (B3),indicador,BBAS3.SA,"23,72",,2026-10-02,2026-10-04,BBAS3.SA
yahoo_acoes_brasileiras.csv,Yahoo Ações Brasileiras,Yahoo Finance,Ações Brasileiras (B3),indicador,BBDC3.SA,"16,83",,2026-10-02,2026-10-04,BBDC3.SA
yahoo_acoes_brasileiras.csv,Yahoo Ações Brasileiras,Yahoo Finance,Ações Brasileiras (B3),indicador,BBDC4.SA,"19,23",,2026-10-02,2026-10-04,BBDC4.SA
yahoo_acoes_brasileiras.csv,Yahoo Ações Brasileiras,Yahoo Finance,Ações Brasileiras (B3),indicador,BEEF3.SA,"3,88",,2026-10-02,2026-10-04,BEEF3.SA
yahoo_acoes_brasileiras.csv,Yahoo Ações Brasileiras,Yahoo Finance,Ações Brasileiras (B3),indicador,BPAC11.SA,"66,02",,2026-10-02,2026-10-04,BPAC11.SA
yahoo_acoes_brasileiras.csv,Yahoo Ações Brasileiras,Yahoo Finance,Ações Brasileiras (B3),indicador,BRAP4.SA,"20,76",,2026-10-02,2026-10-04,BRAP4.SA
yahoo_acoes_brasileiras.csv,Yahoo Ações Brasileiras,Yahoo Finance,Ações Brasileiras (B3),indicador,BRKM5.SA,"4,03",,2026-10-02,2026-10-04,BRKM5.SA
yahoo_acoes_brasileiras.csv,Yahoo Ações Brasileiras,Yahoo Finance,Ações Brasileiras (B3),indicador,CMIG4.SA,"11,41",,2026-10-02,2026-10-04,CMIG4.SA
yahoo_acoes_brasileiras.csv,Yahoo Ações Brasileiras,Yahoo Finance,Ações Brasileiras (B3),indicador,CMIN3.SA,"4,97",,2026-10-02,2026-10-04,CMIN3.SA
yahoo_acoes_brasileiras.csv,Yahoo Ações Brasileiras,Yahoo Finance,Ações Brasileiras (B3),indicador,COGN3.SA,"2,43",,2026-10-02,2026-10-04,COGN3.SA
yahoo_acoes_brasileiras.csv,Yahoo Ações Brasileiras,Yahoo Finance,Ações Brasileiras (B3),indicador,CPFE3.SA,"48,09",,2026-10-02,2026-10-04,CPFE3.SA
yahoo_acoes_brasileiras.csv,Yahoo Ações Brasileiras,Yahoo Finance,Ações Brasileiras (B3),indicador,CSAN3.SA,"4,12",,2026-10-02,2026-10-04,CSAN3.SA
yahoo_acoes_brasileiras.csv,Yahoo Ações Brasileiras,Yahoo Finance,Ações Brasileiras (B3),indicador,CSNA3.SA,"6,17",,2026-10-02,2026-10-04,CSNA3.SA
yahoo_acoes_brasileiras.csv,Yahoo Ações Brasileiras,Yahoo Finance,Ações Brasileiras (B3),indicador,CVCB3.SA,"1,38",,2026-10-02,2026-10-04,CVCB3.SA
yahoo_acoes_brasileiras.csv,Yahoo Ações Brasileiras,Yahoo Finance,Ações Brasileiras (B3),indicador,CYRE3.SA,"27,99",,2026-10-02,2026-10-04,CYRE3.SA
yahoo_acoes_brasileiras.csv,Yahoo Ações Brasileiras,Yahoo Finance,Ações Brasileiras (B3),indicador,EGIE3.SA,"30,70",,2026-10-02,2026-10-04,EGIE3.SA
yahoo_acoes_brasileiras.csv,Yahoo Ações Brasileiras,Yahoo Finance,Ações Brasileiras (B3),indicador,ENEV3.SA,"28,71",,2026-10-02,2026-10-04,ENEV3.SA
yahoo_acoes_brasileiras.csv,Yahoo Ações Brasileiras,Yahoo Finance,Ações Brasileiras (B3),indicador,ENGI11.SA,"55,15",,2026-10-02,2026-10-04,ENGI11.SA
yahoo_acoes_brasileiras.csv,Yahoo Ações Brasileiras,Yahoo Finance,Ações Brasileiras (B3),indicador,EQTL3.SA,"41,91",,2026-10-02,2026-10-04,EQTL3.SA
yahoo_acoes_brasileiras.csv,Yahoo Ações Brasileiras,Yahoo Finance,Ações Brasileiras (B3),indicador,EZTC3.SA,"14,60",,2026-10-02,2026-10-04,EZTC3.SA
yahoo_acoes_brasileiras.csv,Yahoo Ações Brasileiras,Yahoo Finance,Ações Brasileiras (B3),indicador,FLRY3.SA,"23,50",,2026-10-02,2026-10-04,FLRY3.SA
yahoo_acoes_brasileiras.csv,Yahoo Ações Brasileiras,Yahoo Finance,Ações Brasileiras (B3),indicador,GGBR4.SA,"26,10",,2026-10-02,2026-10-04,GGBR4.SA
yahoo_acoes_brasileiras.csv,Yahoo Ações Brasileiras,Yahoo Finance,Ações Brasileiras (B3),indicador,HAPV3.SA,"7,80",,2026-10-02,2026-10-04,HAPV3.SA
yahoo_acoes_brasileiras.csv,Yahoo Ações Brasileiras,Yahoo Finance,Ações Brasileiras (B3),indicador,HYPE3.SA,"25,16",,2026-10-02,2026-10-04,HYPE3.SA
yahoo_acoes_brasileiras.csv,Yahoo Ações Brasileiras,Yahoo Finance,Ações Brasileiras (B3),indicador,IGTI11.SA,"28,47",,2026-10-02,2026-10-04,IGTI11.SA
yahoo_acoes_brasileiras.csv,Yahoo Ações Brasileiras,Yahoo Finance,Ações Brasileiras (B3),indicador,IRBR3.SA,"63,32",,2026-10-02,2026-10-04,IRBR3.SA
yahoo_acoes_brasileiras.csv,Yahoo Ações Brasileiras,Yahoo Finance,Ações Brasileiras (B3),indicador,ITSA4.SA,"14,67",,2026-10-02,2026-10-04,ITSA4.SA
yahoo_acoes_brasileiras.csv,Yahoo Ações Brasileiras,Yahoo Finance,Ações Brasileiras (B3),indicador,ITUB4.SA,"44,83",,2026-10-02,2026-10-04,ITUB4.SA
yahoo_acoes_brasileiras.csv,Yahoo Ações Brasileiras,Yahoo Finance,Ações Brasileiras (B3),indicador,JHSF3.SA,"12,05",,2026-10-02,2026-10-04,JHSF3.SA
yahoo_acoes_brasileiras.csv,Yahoo Ações Brasileiras,Yahoo Finance,Ações Brasileiras (B3),indicador,KLBN11.SA,"18,62",,2026-10-02,2026-10-04,KLBN11.SA
yahoo_acoes_brasileiras.csv,Yahoo Ações Brasileiras,Yahoo Finance,Ações Brasileiras (B3),indicador,LOGN3.SA,"28,00",,2026-10-02,2026-10-04,LOGN3.SA
yahoo_acoes_brasileiras.csv,Yahoo Ações Brasileiras,Yahoo Finance,Ações Brasileiras (B3),indicador,LREN3.SA,"11,76",,2026-10-02,2026-10-04,LREN3.SA
yahoo_acoes_brasileiras.csv,Yahoo Ações Brasileiras,Yahoo Finance,Ações Brasileiras (B3),indicador,MDIA3.SA,"17,04",,2026-10-02,2026-10-04,MDIA3.SA
yahoo_acoes_brasileiras.csv,Yahoo Ações Brasileiras,Yahoo Finance,Ações Brasileiras (B3),indicador,MGLU3.SA,"7,61",,2026-10-02,2026-10-04,MGLU3.SA
yahoo_acoes_brasileiras.csv,Yahoo Ações Brasileiras,Yahoo Finance,Ações Brasileiras (B3),indicador,MRVE3.SA,"5,63",,2026-10-02,2026-10-04,MRVE3.SA
yahoo_acoes_brasileiras.csv,Yahoo Ações Brasileiras,Yahoo Finance,Ações Brasileiras (B3),indicador,MULT3.SA,"32,97",,2026-10-02,2026-10-04,MULT3.SA
yahoo_acoes_brasileiras.csv,Yahoo Ações Brasileiras,Yahoo Finance,Ações Brasileiras (B3),indicador,ODPV3.SA,"14,62",,2026-07-06,2026-07-07,ODPV3.SA
yahoo_acoes_brasileiras.csv,Yahoo Ações Brasileiras,Yahoo Finance,Ações Brasileiras (B3),indicador,PCAR3.SA,"3,10",,2026-10-02,2026-10-04,PCAR3.SA
yahoo_acoes_brasileiras.csv,Yahoo Ações Brasileiras,Yahoo Finance,Ações Brasileiras (B3),indicador,PETR3.SA,"56,62",,2026-10-02,2026-10-04,PETR3.SA
yahoo_acoes_brasileiras.csv,Yahoo Ações Brasileiras,Yahoo Finance,Ações Brasileiras (B3),indicador,PETR4.SA,"51,17",,2026-10-02,2026-10-04,PETR4.SA
yahoo_acoes_brasileiras.csv,Yahoo Ações Brasileiras,Yahoo Finance,Ações Brasileiras (B3),indicador,PRIO3.SA,"63,01",,2026-10-02,2026-10-04,PRIO3.SA
yahoo_acoes_brasileiras.csv,Yahoo Ações Brasileiras,Yahoo Finance,Ações Brasileiras (B3),indicador,QUAL3.SA,"1,69",,2026-10-02,2026-10-04,QUAL3.SA
yahoo_acoes_brasileiras.csv,Yahoo Ações Brasileiras,Yahoo Finance,Ações Brasileiras (B3),indicador,RADL3.SA,"19,50",,2026-10-02,2026-10-04,RADL3.SA
yahoo_acoes_brasileiras.csv,Yahoo Ações Brasileiras,Yahoo Finance,Ações Brasileiras (B3),indicador,RECV3.SA,"11,20",,2026-10-02,2026-10-04,RECV3.SA
yahoo_acoes_brasileiras.csv,Yahoo Ações Brasileiras,Yahoo Finance,Ações Brasileiras (B3),indicador,RENT3.SA,"41,48",,2026-10-02,2026-10-04,RENT3.SA
yahoo_acoes_brasileiras.csv,Yahoo Ações Brasileiras,Yahoo Finance,Ações Brasileiras (B3),indicador,SANB11.SA,"28,09",,2026-10-02,2026-10-04,SANB11.SA
yahoo_acoes_brasileiras.csv,Yahoo Ações Brasileiras,Yahoo Finance,Ações Brasileiras (B3),indicador,SBSP3.SA,"28,23",,2026-10-02,2026-10-04,SBSP3.SA
yahoo_acoes_brasileiras.csv,Yahoo Ações Brasileiras,Yahoo Finance,Ações Brasileiras (B3),indicador,SLCE3.SA,"17,20",,2026-10-02,2026-10-04,SLCE3.SA
yahoo_acoes_brasileiras.csv,Yahoo Ações Brasileiras,Yahoo Finance,Ações Brasileiras (B3),indicador,SMTO3.SA,"19,34",,2026-10-02,2026-10-04,SMTO3.SA
yahoo_acoes_brasileiras.csv,Yahoo Ações Brasileiras,Yahoo Finance,Ações Brasileiras (B3),indicador,SUZB3.SA,"44,35",,2026-10-02,2026-10-04,SUZB3.SA
yahoo_acoes_brasileiras.csv,Yahoo Ações Brasileiras,Yahoo Finance,Ações Brasileiras (B3),indicador,TAEE11.SA,"42,85",,2026-10-02,2026-10-04,TAEE11.SA
yahoo_acoes_brasileiras.csv,Yahoo Ações Brasileiras,Yahoo Finance,Ações Brasileiras (B3),indicador,TEND3.SA,"28,12",,2026-10-02,2026-10-04,TEND3.SA
yahoo_acoes_brasileiras.csv,Yahoo Ações Brasileiras,Yahoo Finance,Ações Brasileiras (B3),indicador,TIMS3.SA,"18,55",,2026-10-02,2026-10-04,TIMS3.SA
yahoo_acoes_brasileiras.csv,Yahoo Ações Brasileiras,Yahoo Finance,Ações Brasileiras (B3),indicador,UGPA3.SA,"38,61",,2026-10-02,2026-10-04,UGPA3.SA
yahoo_acoes_brasileiras.csv,Yahoo Ações Brasileiras,Yahoo Finance,Ações Brasileiras (B3),indicador,USIM5.SA,"7,48",,2026-10-02,2026-10-04,USIM5.SA
yahoo_acoes_brasileiras.csv,Yahoo Ações Brasileiras,Yahoo Finance,Ações Brasileiras (B3),indicador,VALE3.SA,"72,10",,2026-10-02,2026-10-04,VALE3.SA
yahoo_acoes_brasileiras.csv,Yahoo Ações Brasileiras,Yahoo Finance,Ações Brasileiras (B3),indicador,VBBR3.SA,"38,15",,2026-10-02,2026-10-04,VBBR3.SA
yahoo_acoes_brasileiras.csv,Yahoo Ações Brasileiras,Yahoo Finance,Ações Brasileiras (B3),indicador,VIVT3.SA,"30,14",,2026-10-02,2026-10-04,VIVT3.SA
yahoo_acoes_brasileiras.csv,Yahoo Ações Brasileiras,Yahoo Finance,Ações Brasileiras (B3),indicador,WEGE3.SA,"51,45",,2026-10-02,2026-10-04,WEGE3.SA
yahoo_acoes_brasileiras.csv,Yahoo Ações Brasileiras,Yahoo Finance,Ações Brasileiras (B3),indicador,YDUQ3.SA,"11,08",,2026-10-02,2026-10-04,YDUQ3.SA
yahoo_acoes_internacionais.csv,Yahoo Ações Internacionais,Yahoo Finance,Ações Internacionais,indicador,AAPL,"333,69",,2026-10-02,2026-10-04,AAPL
yahoo_acoes_internacionais.csv,Yahoo Ações Internacionais,Yahoo Finance,Ações Internacionais,indicador,ABBV,"262,82",,2026-10-02,2026-10-04,ABBV
yahoo_acoes_internacionais.csv,Yahoo Ações Internacionais,Yahoo Finance,Ações Internacionais,indicador,ADBE,"237,69",,2026-10-02,2026-10-04,ADBE
yahoo_acoes_internacionais.csv,Yahoo Ações Internacionais,Yahoo Finance,Ações Internacionais,indicador,AMD,"633,91",,2026-10-02,2026-10-04,AMD
yahoo_acoes_internacionais.csv,Yahoo Ações Internacionais,Yahoo Finance,Ações Internacionais,indicador,AMZN,"251,52",,2026-10-02,2026-10-04,AMZN
yahoo_acoes_internacionais.csv,Yahoo Ações Internacionais,Yahoo Finance,Ações Internacionais,indicador,ASML,1.867,,2026-10-02,2026-10-04,ASML
yahoo_acoes_internacionais.csv,Yahoo Ações Internacionais,Yahoo Finance,Ações Internacionais,indicador,BABA,"105,85",,2026-10-02,2026-10-04,BABA
yahoo_acoes_internacionais.csv,Yahoo Ações Internacionais,Yahoo Finance,Ações Internacionais,indicador,BAC,"53,75",,2026-10-02,2026-10-04,BAC
yahoo_acoes_internacionais.csv,Yahoo Ações Internacionais,Yahoo Finance,Ações Internacionais,indicador,COST,"920,65",,2026-10-02,2026-10-04,COST
yahoo_acoes_internacionais.csv,Yahoo Ações Internacionais,Yahoo Finance,Ações Internacionais,indicador,CRM,"234,69",,2026-10-02,2026-10-04,CRM
yahoo_acoes_internacionais.csv,Yahoo Ações Internacionais,Yahoo Finance,Ações Internacionais,indicador,CVX,"206,69",,2026-10-02,2026-10-04,CVX
yahoo_acoes_internacionais.csv,Yahoo Ações Internacionais,Yahoo Finance,Ações Internacionais,indicador,DIS,"102,19",,2026-10-02,2026-10-04,DIS
yahoo_acoes_internacionais.csv,Yahoo Ações Internacionais,Yahoo Finance,Ações Internacionais,indicador,GOOGL,"343,50",,2026-10-02,2026-10-04,GOOGL
yahoo_acoes_internacionais.csv,Yahoo Ações Internacionais,Yahoo Finance,Ações Internacionais,indicador,HD,"282,85",,2026-10-02,2026-10-04,HD
yahoo_acoes_internacionais.csv,Yahoo Ações Internacionais,Yahoo Finance,Ações Internacionais,indicador,INTC,"119,33",,2026-10-02,2026-10-04,INTC
yahoo_acoes_internacionais.csv,Yahoo Ações Internacionais,Yahoo Finance,Ações Internacionais,indicador,JNJ,"256,03",,2026-10-02,2026-10-04,JNJ
yahoo_acoes_internacionais.csv,Yahoo Ações Internacionais,Yahoo Finance,Ações Internacionais,indicador,JPM,"332,38",,2026-10-02,2026-10-04,JPM
yahoo_acoes_internacionais.csv,Yahoo Ações Internacionais,Yahoo Finance,Ações Internacionais,indicador,KO,"85,65",,2026-10-02,2026-10-04,KO
yahoo_acoes_internacionais.csv,Yahoo Ações Internacionais,Yahoo Finance,Ações Internacionais,indicador,LLY,1.143,,2026-10-02,2026-10-04,LLY
yahoo_acoes_internacionais.csv,Yahoo Ações Internacionais,Yahoo Finance,Ações Internacionais,indicador,MA,"552,26",,2026-10-02,2026-10-04,MA
yahoo_acoes_internacionais.csv,Yahoo Ações Internacionais,Yahoo Finance,Ações Internacionais,indicador,MCD,"231,89",,2026-10-02,2026-10-04,MCD
yahoo_acoes_internacionais.csv,Yahoo Ações Internacionais,Yahoo Finance,Ações Internacionais,indicador,META,"728,08",,2026-10-02,2026-10-04,META
yahoo_acoes_internacionais.csv,Yahoo Ações Internacionais,Yahoo Finance,Ações Internacionais,indicador,MRK,"144,30",,2026-10-02,2026-10-04,MRK
yahoo_acoes_internacionais.csv,Yahoo Ações Internacionais,Yahoo Finance,Ações Internacionais,indicador,MSFT,"517,53",,2026-10-02,2026-10-04,MSFT
yahoo_acoes_internacionais.csv,Yahoo Ações Internacionais,Yahoo Finance,Ações Internacionais,indicador,NFLX,"67,06",,2026-10-02,2026-10-04,NFLX
yahoo_acoes_internacionais.csv,Yahoo Ações Internacionais,Yahoo Finance,Ações Internacionais,indicador,NKE,"33,87",,2026-10-02,2026-10-04,NKE
yahoo_acoes_internacionais.csv,Yahoo Ações Internacionais,Yahoo Finance,Ações Internacionais,indicador,NVDA,"233,95",,2026-10-02,2026-10-04,NVDA
yahoo_acoes_internacionais.csv,Yahoo Ações Internacionais,Yahoo Finance,Ações Internacionais,indicador,NVO,"37,32",,2026-10-02,2026-10-04,NVO
yahoo_acoes_internacionais.csv,Yahoo Ações Internacionais,Yahoo Finance,Ações Internacionais,indicador,ORCL,"142,30",,2026-10-02,2026-10-04,ORCL
yahoo_acoes_internacionais.csv,Yahoo Ações Internacionais,Yahoo Finance,Ações Internacionais,indicador,PEP,"125,89",,2026-10-02,2026-10-04,PEP
yahoo_acoes_internacionais.csv,Yahoo Ações Internacionais,Yahoo Finance,Ações Internacionais,indicador,PFE,"27,80",,2026-10-02,2026-10-04,PFE
yahoo_acoes_internacionais.csv,Yahoo Ações Internacionais,Yahoo Finance,Ações Internacionais,indicador,PG,"144,91",,2026-10-02,2026-10-04,PG
yahoo_acoes_internacionais.csv,Yahoo Ações Internacionais,Yahoo Finance,Ações Internacionais,indicador,QCOM,"184,87",,2026-10-02,2026-10-04,QCOM
yahoo_acoes_internacionais.csv,Yahoo Ações Internacionais,Yahoo Finance,Ações Internacionais,indicador,SBUX,"94,71",,2026-10-02,2026-10-04,SBUX
yahoo_acoes_internacionais.csv,Yahoo Ações Internacionais,Yahoo Finance,Ações Internacionais,indicador,TSLA,"370,59",,2026-10-02,2026-10-04,TSLA
yahoo_acoes_internacionais.csv,Yahoo Ações Internacionais,Yahoo Finance,Ações Internacionais,indicador,TSM,"472,78",,2026-10-02,2026-10-04,TSM
yahoo_acoes_internacionais.csv,Yahoo Ações Internacionais,Yahoo Finance,Ações Internacionais,indicador,UNH,"371,90",,2026-10-02,2026-10-04,UNH
yahoo_acoes_internacionais.csv,Yahoo Ações Internacionais,Yahoo Finance,Ações Internacionais,indicador,V,"360,66",,2026-10-02,2026-10-04,V
yahoo_acoes_internacionais.csv,Yahoo Ações Internacionais,Yahoo Finance,Ações Internacionais,indicador,WMT,"104,26",,2026-10-02,2026-10-04,WMT
yahoo_acoes_internacionais.csv,Yahoo Ações Internacionais,Yahoo Finance,Ações Internacionais,indicador,XOM,"164,01",,2026-10-02,2026-10-04,XOM
yahoo_cambio_moedas.csv,Yahoo Câmbio e Moedas,Yahoo Finance,Câmbio / Moedas,indicador,ARSBRL=X,"0,0034",,2026-10-02,2026-10-04,ARSBRL=X
yahoo_cambio_moedas.csv,Yahoo Câmbio e Moedas,Yahoo Finance,Câmbio / Moedas,indicador,AUDUSD=X,"0,6957",,2026-10-04,2026-10-04,AUDUSD=X
yahoo_cambio_moedas.csv,Yahoo Câmbio e Moedas,Yahoo Finance,Câmbio / Moedas,indicador,BRL=X,"5,2223",,2026-10-03,2026-10-04,BRL=X
yahoo_cambio_moedas.csv,Yahoo Câmbio e Moedas,Yahoo Finance,Câmbio / Moedas,indicador,CHFBRL=X,"6,2799",,2026-10-02,2026-10-04,CHFBRL=X
yahoo_cambio_moedas.csv,Yahoo Câmbio e Moedas,Yahoo Finance,Câmbio / Moedas,indicador,CLPBRL=X,"0,0052",,2026-10-03,2026-10-04,CLPBRL=X
yahoo_cambio_moedas.csv,Yahoo Câmbio e Moedas,Yahoo Finance,Câmbio / Moedas,indicador,CNYBRL=X,"0,7786",,2026-10-03,2026-10-03,CNYBRL=X
yahoo_cambio_moedas.csv,Yahoo Câmbio e Moedas,Yahoo Finance,Câmbio / Moedas,indicador,COPBRL=X,"0,0016",,2026-10-03,2026-10-04,COPBRL=X
yahoo_cambio_moedas.csv,Yahoo Câmbio e Moedas,Yahoo Finance,Câmbio / Moedas,indicador,DX-Y.NYB,"101,3600",,2026-06-26,2026-06-28,DX-Y.NYB
yahoo_cambio_moedas.csv,Yahoo Câmbio e Moedas,Yahoo Finance,Câmbio / Moedas,indicador,EURBRL=X,"5,8753",,2026-10-02,2026-10-04,EURBRL=X
yahoo_cambio_moedas.csv,Yahoo Câmbio e Moedas,Yahoo Finance,Câmbio / Moedas,indicador,EURUSD=X,"1,1250",,2026-10-02,2026-10-04,EURUSD=X
yahoo_cambio_moedas.csv,Yahoo Câmbio e Moedas,Yahoo Finance,Câmbio / Moedas,indicador,GBPBRL=X,"6,8871",,2026-10-02,2026-10-04,GBPBRL=X
yahoo_cambio_moedas.csv,Yahoo Câmbio e Moedas,Yahoo Finance,Câmbio / Moedas,indicador,GBPUSD=X,"1,3200",,2026-10-02,2026-10-04,GBPUSD=X
yahoo_cambio_moedas.csv,Yahoo Câmbio e Moedas,Yahoo Finance,Câmbio / Moedas,indicador,JPYBRL=X,"0,0331",,2026-10-02,2026-10-04,JPYBRL=X
yahoo_cambio_moedas.csv,Yahoo Câmbio e Moedas,Yahoo Finance,Câmbio / Moedas,indicador,MXNBRL=X,"0,2851",,2026-10-02,2026-10-04,MXNBRL=X
yahoo_cambio_moedas.csv,Yahoo Câmbio e Moedas,Yahoo Finance,Câmbio / Moedas,indicador,USDCAD=X,"1,4247",,2026-10-04,2026-10-04,USDCAD=X
yahoo_cambio_moedas.csv,Yahoo Câmbio e Moedas,Yahoo Finance,Câmbio / Moedas,indicador,USDCHF=X,"0,8305",,2026-10-02,2026-10-04,USDCHF=X
yahoo_cambio_moedas.csv,Yahoo Câmbio e Moedas,Yahoo Finance,Câmbio / Moedas,indicador,USDCNY=X,"6,7048",,2026-10-04,2026-10-04,USDCNY=X
yahoo_cambio_moedas.csv,Yahoo Câmbio e Moedas,Yahoo Finance,Câmbio / Moedas,indicador,USDINR=X,"96,3000",,2026-10-04,2026-10-04,USDINR=X
yahoo_cambio_moedas.csv,Yahoo Câmbio e Moedas,Yahoo Finance,Câmbio / Moedas,indicador,USDJPY=X,"157,8300",,2026-10-04,2026-10-04,USDJPY=X
yahoo_cambio_moedas.csv,Yahoo Câmbio e Moedas,Yahoo Finance,Câmbio / Moedas,indicador,USDMXN=X,"18,3143",,2026-10-02,2026-10-04,USDMXN=X
yahoo_cambio_moedas.csv,Yahoo Câmbio e Moedas,Yahoo Finance,Câmbio / Moedas,indicador,USDRUB=X,"75,1938",,2026-06-25,2026-06-28,USDRUB=X
yahoo_cambio_moedas.csv,Yahoo Câmbio e Moedas,Yahoo Finance,Câmbio / Moedas,indicador,USDTRY=X,"46,5793",,2026-06-25,2026-06-28,USDTRY=X
yahoo_commodities.csv,Yahoo Commodities,Yahoo Finance,Commodities Globais,indicador,BZ=F,"102,25",,2026-10-02,2026-10-04,BZ=F
yahoo_commodities.csv,Yahoo Commodities,Yahoo Finance,Commodities Globais,indicador,CC=F,5.670,,2026-10-02,2026-10-04,CC=F
yahoo_commodities.csv,Yahoo Commodities,Yahoo Finance,Commodities Globais,indicador,CL=F,"91,11",,2026-10-02,2026-10-04,CL=F
yahoo_commodities.csv,Yahoo Commodities,Yahoo Finance,Commodities Globais,indicador,CT=F,"75,15",,2026-10-02,2026-10-04,CT=F
yahoo_commodities.csv,Yahoo Commodities,Yahoo Finance,Commodities Globais,indicador,GC=F,4.162,,2026-10-02,2026-10-04,GC=F
yahoo_commodities.csv,Yahoo Commodities,Yahoo Finance,Commodities Globais,indicador,HG=F,"6,49",,2026-10-02,2026-10-04,HG=F
yahoo_commodities.csv,Yahoo Commodities,Yahoo Finance,Commodities Globais,indicador,KC=F,"288,75",,2026-10-02,2026-10-04,KC=F
yahoo_commodities.csv,Yahoo Commodities,Yahoo Finance,Commodities Globais,indicador,NG=F,"3,04",,2026-10-02,2026-10-04,NG=F
yahoo_commodities.csv,Yahoo Commodities,Yahoo Finance,Commodities Globais,indicador,PA=F,1.161,,2026-10-02,2026-10-04,PA=F
yahoo_commodities.csv,Yahoo Commodities,Yahoo Finance,Commodities Globais,indicador,PL=F,1.683,,2026-10-02,2026-10-04,PL=F
yahoo_commodities.csv,Yahoo Commodities,Yahoo Finance,Commodities Globais,indicador,SB=F,"19,93",,2026-10-02,2026-10-04,SB=F
yahoo_commodities.csv,Yahoo Commodities,Yahoo Finance,Commodities Globais,indicador,SI=F,"59,98",,2026-10-02,2026-10-04,SI=F
yahoo_commodities.csv,Yahoo Commodities,Yahoo Finance,Commodities Globais,indicador,TIO=F,"100,33",,2026-06-26,2026-06-28,TIO=F
yahoo_commodities.csv,Yahoo Commodities,Yahoo Finance,Commodities Globais,indicador,ZC=F,"497,75",,2026-10-02,2026-10-04,ZC=F
yahoo_commodities.csv,Yahoo Commodities,Yahoo Finance,Commodities Globais,indicador,ZO=F,"408,25",,2026-10-02,2026-10-04,ZO=F
yahoo_commodities.csv,Yahoo Commodities,Yahoo Finance,Commodities Globais,indicador,ZR=F,"16,36",,2026-10-02,2026-10-04,ZR=F
yahoo_commodities.csv,Yahoo Commodities,Yahoo Finance,Commodities Globais,indicador,ZS=F,1.278,,2026-10-02,2026-10-04,ZS=F
yahoo_commodities.csv,Yahoo Commodities,Yahoo Finance,Commodities Globais,indicador,ZW=F,"683,00",,2026-10-02,2026-10-04,ZW=F
yahoo_criptoativos.csv,Yahoo Criptoativos,Yahoo Finance,Criptoativos,indicador,ADA-USD,"0,2451",,2026-10-04,2026-10-04,ADA-USD
yahoo_criptoativos.csv,Yahoo Criptoativos,Yahoo Finance,Criptoativos,indicador,APT-USD,"0,000131",,2026-08-01,2026-08-01,APT-USD
yahoo_criptoativos.csv,Yahoo Criptoativos,Yahoo Finance,Criptoativos,indicador,ATOM-USD,"1,57",,2026-06-28,2026-06-28,ATOM-USD
yahoo_criptoativos.csv,Yahoo Criptoativos,Yahoo Finance,Criptoativos,indicador,AVAX-USD,"11,02",,2026-10-04,2026-10-04,AVAX-USD
yahoo_criptoativos.csv,Yahoo Criptoativos,Yahoo Finance,Criptoativos,indicador,BNB-USD,"789,33",,2026-10-04,2026-10-04,BNB-USD
yahoo_criptoativos.csv,Yahoo Criptoativos,Yahoo Finance,Criptoativos,indicador,BTC-USD,85.288,,2026-10-04,2026-10-04,BTC-USD
yahoo_criptoativos.csv,Yahoo Criptoativos,Yahoo Finance,Criptoativos,indicador,DOGE-USD,"0,0936",,2026-10-04,2026-10-04,DOGE-USD
yahoo_criptoativos.csv,Yahoo Criptoativos,Yahoo Finance,Criptoativos,indicador,DOT-USD,"1,19",,2026-10-04,2026-10-04,DOT-USD
yahoo_criptoativos.csv,Yahoo Criptoativos,Yahoo Finance,Criptoativos,indicador,ETC-USD,"7,03",,2026-06-28,2026-06-28,ETC-USD
yahoo_criptoativos.csv,Yahoo Criptoativos,Yahoo Finance,Criptoativos,indicador,ETH-USD,2.701,,2026-10-04,2026-10-04,ETH-USD
yahoo_criptoativos.csv,Yahoo Criptoativos,Yahoo Finance,Criptoativos,indicador,FIL-USD,"0,7250",,2026-06-28,2026-06-28,FIL-USD
yahoo_criptoativos.csv,Yahoo Criptoativos,Yahoo Finance,Criptoativos,indicador,HBAR-USD,"0,0713",,2026-06-28,2026-06-28,HBAR-USD
yahoo_criptoativos.csv,Yahoo Criptoativos,Yahoo Finance,Criptoativos,indicador,ICP-USD,"3,34",,2026-10-04,2026-10-04,ICP-USD
yahoo_criptoativos.csv,Yahoo Criptoativos,Yahoo Finance,Criptoativos,indicador,IMX-USD,"0,004143",,2026-08-01,2026-08-01,IMX-USD
yahoo_criptoativos.csv,Yahoo Criptoativos,Yahoo Finance,Criptoativos,indicador,LINK-USD,"14,12",,2026-10-04,2026-10-04,LINK-USD
yahoo_criptoativos.csv,Yahoo Criptoativos,Yahoo Finance,Criptoativos,indicador,LTC-USD,"70,97",,2026-10-04,2026-10-04,LTC-USD
yahoo_criptoativos.csv,Yahoo Criptoativos,Yahoo Finance,Criptoativos,indicador,NEAR-USD,"4,90",,2026-10-04,2026-10-04,NEAR-USD
yahoo_criptoativos.csv,Yahoo Criptoativos,Yahoo Finance,Criptoativos,indicador,OP-USD,"0,1315",,2026-10-04,2026-10-04,OP-USD
yahoo_criptoativos.csv,Yahoo Criptoativos,Yahoo Finance,Criptoativos,indicador,SHIB-USD,"0,000006",,2026-10-04,2026-10-04,SHIB-USD
yahoo_criptoativos.csv,Yahoo Criptoativos,Yahoo Finance,Criptoativos,indicador,SOL-USD,"121,28",,2026-10-04,2026-10-04,SOL-USD
yahoo_criptoativos.csv,Yahoo Criptoativos,Yahoo Finance,Criptoativos,indicador,TRX-USD,"0,3361",,2026-10-04,2026-10-04,TRX-USD
yahoo_criptoativos.csv,Yahoo Criptoativos,Yahoo Finance,Criptoativos,indicador,UNI-USD,"0,000163",,2026-08-01,2026-08-01,UNI-USD
yahoo_criptoativos.csv,Yahoo Criptoativos,Yahoo Finance,Criptoativos,indicador,XLM-USD,"0,2162",,2026-10-04,2026-10-04,XLM-USD
yahoo_criptoativos.csv,Yahoo Criptoativos,Yahoo Finance,Criptoativos,indicador,XRP-USD,"1,50",,2026-10-04,2026-10-04,XRP-USD
yahoo_etfs.csv,Yahoo ETFs,Yahoo Finance,ETFs & Setoriais,indicador,BND,"69,94",,2026-10-02,2026-10-04,BND
yahoo_etfs.csv,Yahoo ETFs,Yahoo Finance,ETFs & Setoriais,indicador,BOVA11.SA,"190,00",,2026-10-02,2026-10-04,BOVA11.SA
yahoo_etfs.csv,Yahoo ETFs,Yahoo Finance,ETFs & Setoriais,indicador,DIA,"511,10",,2026-10-02,2026-10-04,DIA
yahoo_etfs.csv,Yahoo ETFs,Yahoo Finance,ETFs & Setoriais,indicador,EEM,"67,67",,2026-10-02,2026-10-04,EEM
yahoo_etfs.csv,Yahoo ETFs,Yahoo Finance,ETFs & Setoriais,indicador,EWZ,"38,19",,2026-10-02,2026-10-04,EWZ
yahoo_etfs.csv,Yahoo ETFs,Yahoo Finance,ETFs & Setoriais,indicador,HYG,"76,91",,2026-10-02,2026-10-04,HYG
yahoo_etfs.csv,Yahoo ETFs,Yahoo Finance,ETFs & Setoriais,indicador,IVVB11.SA,"454,70",,2026-10-02,2026-10-04,IVVB11.SA
yahoo_etfs.csv,Yahoo ETFs,Yahoo Finance,ETFs & Setoriais,indicador,IWM,"281,52",,2026-10-02,2026-10-04,IWM
yahoo_etfs.csv,Yahoo ETFs,Yahoo Finance,ETFs & Setoriais,indicador,LQD,"101,83",,2026-10-02,2026-10-04,LQD
yahoo_etfs.csv,Yahoo ETFs,Yahoo Finance,ETFs & Setoriais,indicador,QQQ,"749,58",,2026-10-02,2026-10-04,QQQ
yahoo_etfs.csv,Yahoo ETFs,Yahoo Finance,ETFs & Setoriais,indicador,SMAL11.SA,"116,34",,2026-10-02,2026-10-04,SMAL11.SA
yahoo_etfs.csv,Yahoo ETFs,Yahoo Finance,ETFs & Setoriais,indicador,SMLL.SA,2.351,,2026-10-02,2026-10-04,SMLL.SA
yahoo_etfs.csv,Yahoo ETFs,Yahoo Finance,ETFs & Setoriais,indicador,SPY,"769,64",,2026-10-02,2026-10-04,SPY
yahoo_etfs.csv,Yahoo ETFs,Yahoo Finance,ETFs & Setoriais,indicador,VGK,"86,38",,2026-10-02,2026-10-04,VGK
yahoo_etfs.csv,Yahoo ETFs,Yahoo Finance,ETFs & Setoriais,indicador,VWO,"59,56",,2026-10-02,2026-10-04,VWO
yahoo_etfs.csv,Yahoo ETFs,Yahoo Finance,ETFs & Setoriais,indicador,XLE,"62,82",,2026-10-02,2026-10-04,XLE
yahoo_etfs.csv,Yahoo ETFs,Yahoo Finance,ETFs & Setoriais,indicador,XLF,"53,49",,2026-10-02,2026-10-04,XLF
yahoo_etfs.csv,Yahoo ETFs,Yahoo Finance,ETFs & Setoriais,indicador,XLK,"199,81",,2026-10-02,2026-10-04,XLK
yahoo_fiis_fiagros.csv,Yahoo FIIs e Fiagros,Yahoo Finance,FIIs e Fiagros,indicador,ALZR11.SA,"10,11",,2026-10-02,2026-10-04,ALZR11.SA
yahoo_fiis_fiagros.csv,Yahoo FIIs e Fiagros,Yahoo Finance,FIIs e Fiagros,indicador,BRCO11.SA,"109,87",,2026-10-02,2026-10-04,BRCO11.SA
yahoo_fiis_fiagros.csv,Yahoo FIIs e Fiagros,Yahoo Finance,FIIs e Fiagros,indicador,BTLG11.SA,"100,00",,2026-10-02,2026-10-04,BTLG11.SA
yahoo_fiis_fiagros.csv,Yahoo FIIs e Fiagros,Yahoo Finance,FIIs e Fiagros,indicador,CPTR11.SA,"7,40",,2026-10-02,2026-10-04,CPTR11.SA
yahoo_fiis_fiagros.csv,Yahoo FIIs e Fiagros,Yahoo Finance,FIIs e Fiagros,indicador,FGAA11.SA,"8,14",,2026-10-02,2026-10-04,FGAA11.SA
yahoo_fiis_fiagros.csv,Yahoo FIIs e Fiagros,Yahoo Finance,FIIs e Fiagros,indicador,HGLG11.SA,"147,90",,2026-10-02,2026-10-04,HGLG11.SA
yahoo_fiis_fiagros.csv,Yahoo FIIs e Fiagros,Yahoo Finance,FIIs e Fiagros,indicador,HGRU11.SA,"114,40",,2026-10-02,2026-10-04,HGRU11.SA
yahoo_fiis_fiagros.csv,Yahoo FIIs e Fiagros,Yahoo Finance,FIIs e Fiagros,indicador,IFIX.SA,3.772,,2026-10-02,2026-10-04,IFIX.SA
yahoo_fiis_fiagros.csv,Yahoo FIIs e Fiagros,Yahoo Finance,FIIs e Fiagros,indicador,KNCA11.SA,"85,67",,2026-10-02,2026-10-04,KNCA11.SA
yahoo_fiis_fiagros.csv,Yahoo FIIs e Fiagros,Yahoo Finance,FIIs e Fiagros,indicador,KNCR11.SA,"105,50",,2026-10-02,2026-10-04,KNCR11.SA
yahoo_fiis_fiagros.csv,Yahoo FIIs e Fiagros,Yahoo Finance,FIIs e Fiagros,indicador,KNIP11.SA,"88,74",,2026-10-02,2026-10-04,KNIP11.SA
yahoo_fiis_fiagros.csv,Yahoo FIIs e Fiagros,Yahoo Finance,FIIs e Fiagros,indicador,MXRF11.SA,"9,09",,2026-10-02,2026-10-04,MXRF11.SA
yahoo_fiis_fiagros.csv,Yahoo FIIs e Fiagros,Yahoo Finance,FIIs e Fiagros,indicador,PVBI11.SA,"65,50",,2026-10-02,2026-10-04,PVBI11.SA
yahoo_fiis_fiagros.csv,Yahoo FIIs e Fiagros,Yahoo Finance,FIIs e Fiagros,indicador,RURA11.SA,"7,98",,2026-10-02,2026-10-04,RURA11.SA
yahoo_fiis_fiagros.csv,Yahoo FIIs e Fiagros,Yahoo Finance,FIIs e Fiagros,indicador,VGIA11.SA,"8,85",,2026-10-02,2026-10-04,VGIA11.SA
yahoo_fiis_fiagros.csv,Yahoo FIIs e Fiagros,Yahoo Finance,FIIs e Fiagros,indicador,VISC11.SA,"105,51",,2026-10-02,2026-10-04,VISC11.SA
yahoo_fiis_fiagros.csv,Yahoo FIIs e Fiagros,Yahoo Finance,FIIs e Fiagros,indicador,XPML11.SA,"101,90",,2026-10-02,2026-10-04,XPML11.SA
yahoo_indices_globais.csv,Yahoo Índices Globais,Yahoo Finance,Índices de Ações Globais,indicador,000001.SS,4.027,,2026-06-26,2026-06-28,000001.SS
yahoo_indices_globais.csv,Yahoo Índices Globais,Yahoo Finance,Índices de Ações Globais,indicador,^AXJO,8.682,,2026-10-02,2026-10-04,^AXJO
yahoo_indices_globais.csv,Yahoo Índices Globais,Yahoo Finance,Índices de Ações Globais,indicador,^BSESN,77.100,,2026-06-26,2026-06-28,^BSESN
yahoo_indices_globais.csv,Yahoo Índices Globais,Yahoo Finance,Índices de Ações Globais,indicador,^BVSP,192.115,,2026-10-02,2026-10-04,^BVSP
yahoo_indices_globais.csv,Yahoo Índices Globais,Yahoo Finance,Índices de Ações Globais,indicador,^DJI,51.177,,2026-10-02,2026-10-04,^DJI
yahoo_indices_globais.csv,Yahoo Índices Globais,Yahoo Finance,Índices de Ações Globais,indicador,^FCHI,7.897,,2026-10-02,2026-10-04,^FCHI
yahoo_indices_globais.csv,Yahoo Índices Globais,Yahoo Finance,Índices de Ações Globais,indicador,^FTSE,10.462,,2026-10-02,2026-10-04,^FTSE
yahoo_indices_globais.csv,Yahoo Índices Globais,Yahoo Finance,Índices de Ações Globais,indicador,^GDAXI,25.231,,2026-10-02,2026-10-04,^GDAXI
yahoo_indices_globais.csv,Yahoo Índices Globais,Yahoo Finance,Índices de Ações Globais,indicador,^GSPC,7.723,,2026-10-02,2026-10-04,^GSPC
yahoo_indices_globais.csv,Yahoo Índices Globais,Yahoo Finance,Índices de Ações Globais,indicador,^HSI,23.972,,2026-10-02,2026-10-04,^HSI
yahoo_indices_globais.csv,Yahoo Índices Globais,Yahoo Finance,Índices de Ações Globais,indicador,^IPSA,10.888,,2026-07-17,2026-08-17,^IPSA
yahoo_indices_globais.csv,Yahoo Índices Globais,Yahoo Finance,Índices de Ações Globais,indicador,^IXIC,27.191,,2026-10-02,2026-10-04,^IXIC
yahoo_indices_globais.csv,Yahoo Índices Globais,Yahoo Finance,Índices de Ações Globais,indicador,^JKSE,6.037,,2026-10-02,2026-10-04,^JKSE
yahoo_indices_globais.csv,Yahoo Índices Globais,Yahoo Finance,Índices de Ações Globais,indicador,^KLSE,1.631,,2026-10-02,2026-10-04,^KLSE
yahoo_indices_globais.csv,Yahoo Índices Globais,Yahoo Finance,Índices de Ações Globais,indicador,^KS11,7.004,,2026-10-02,2026-10-04,^KS11
yahoo_indices_globais.csv,Yahoo Índices Globais,Yahoo Finance,Índices de Ações Globais,indicador,^MERV,2.767.663,,2026-10-02,2026-10-04,^MERV
yahoo_indices_globais.csv,Yahoo Índices Globais,Yahoo Finance,Índices de Ações Globais,indicador,^MXX,64.532,,2026-10-02,2026-10-04,^MXX
yahoo_indices_globais.csv,Yahoo Índices Globais,Yahoo Finance,Índices de Ações Globais,indicador,^N225,68.309,,2026-10-02,2026-10-04,^N225
yahoo_indices_globais.csv,Yahoo Índices Globais,Yahoo Finance,Índices de Ações Globais,indicador,^NYA,23.689,,2026-06-26,2026-06-28,^NYA
yahoo_indices_globais.csv,Yahoo Índices Globais,Yahoo Finance,Índices de Ações Globais,indicador,^RUT,3.010,,2026-06-26,2026-06-28,^RUT
yahoo_indices_globais.csv,Yahoo Índices Globais,Yahoo Finance,Índices de Ações Globais,indicador,^STI,5.635,,2026-10-02,2026-10-04,^STI
yahoo_indices_globais.csv,Yahoo Índices Globais,Yahoo Finance,Índices de Ações Globais,indicador,^STOXX50E,6.222,,2026-06-26,2026-06-28,^STOXX50E
yahoo_indices_globais.csv,Yahoo Índices Globais,Yahoo Finance,Índices de Ações Globais,indicador,^TWII,48.476,,2026-10-02,2026-10-04,^TWII
yahoo_indices_globais.csv,Yahoo Índices Globais,Yahoo Finance,Índices de Ações Globais,indicador,^VIX,"15,31",,2026-10-02,2026-10-04,^VIX
yahoo_renda_fixa.csv,Yahoo Renda Fixa,Yahoo Finance,Renda Fixa & Treasuries,indicador,^FVX,"5,05",,2026-10-02,2026-10-04,^FVX
yahoo_renda_fixa.csv,Yahoo Renda Fixa,Yahoo Finance,Renda Fixa & Treasuries,indicador,^IRX,"3,99",,2026-10-02,2026-10-04,^IRX
yahoo_renda_fixa.csv,Yahoo Renda Fixa,Yahoo Finance,Renda Fixa & Treasuries,indicador,^TNX,"5,28",,2026-10-02,2026-10-04,^TNX
yahoo_renda_fixa.csv,Yahoo Renda Fixa,Yahoo Finance,Renda Fixa & Treasuries,indicador,^TYX,"5,63",,2026-10-02,2026-10-04,^TYX
