ticker,label,category
VALE3.SA,VALE3,yahoo_acoes_brasileiras
PETR4.SA,PETR4,yahoo_acoes_brasileiras
PETR3.SA,PETR3,yahoo_acoes_brasileiras
ITUB4.SA,ITUB4,yahoo_acoes_brasileiras
BBDC4.SA,BBDC4,yahoo_acoes_brasileiras
BBAS3.SA,BBAS3,yahoo_acoes_brasileiras
B3SA3.SA,B3SA3,yahoo_acoes_brasileiras
ELET3.SA,ELET3,yahoo_acoes_brasileiras
WEGE3.SA,WEGE3,yahoo_acoes_brasileiras
ABEV3.SA,ABEV3,yahoo_acoes_brasileiras
RENT3.SA,RENT3,yahoo_acoes_brasileiras
GGBR4.SA,GGBR4,yahoo_acoes_brasileiras
CSNA3.SA,CSNA3,yahoo_acoes_brasileiras
USIM5.SA,USIM5,yahoo_acoes_brasileiras
JBSS3.SA,JBSS3,yahoo_acoes_brasileiras
MGLU3.SA,MGLU3,yahoo_acoes_brasileiras
LREN3.SA,LREN3,yahoo_acoes_brasileiras
EQTL3.SA,EQTL3,yahoo_acoes_brasileiras
SBSP3.SA,SBSP3,yahoo_acoes_brasileiras
SUZB3.SA,SUZB3,yahoo_acoes_brasileiras
VIVT3.SA,VIVT3,yahoo_acoes_brasileiras
TIMS3.SA,TIMS3,yahoo_acoes_brasileiras
SANB11.SA,SANB11,yahoo_acoes_brasileiras
BPAC11.SA,BPAC11,yahoo_acoes_brasileiras
CIEL3.SA,CIEL3,yahoo_acoes_brasileiras
EGIE3.SA,EGIE3,yahoo_acoes_brasileiras
CPFE3.SA,CPFE3,yahoo_acoes_brasileiras
CMIG4.SA,CMIG4,yahoo_acoes_brasileiras
CCRO3.SA,CCRO3,yahoo_acoes_brasileiras
RADL3.SA,RADL3,yahoo_acoes_brasileiras
HYPE3.SA,HYPE3,yahoo_acoes_brasileiras
CRFB3.SA,CRFB3,yahoo_acoes_brasileiras
ASAI3.SA,ASAI3,yahoo_acoes_brasileiras
NTCO3.SA,NTCO3,yahoo_acoes_brasileiras
BRFS3.SA,BRFS3,yahoo_acoes_brasileiras
COGN3.SA,COGN3,yahoo_acoes_brasileiras
CYRE3.SA,CYRE3,yahoo_acoes_brasileiras
MRVE3.SA,MRVE3,yahoo_acoes_brasileiras
EZTC3.SA,EZTC3,yahoo_acoes_brasileiras
TEND3.SA,TEND3,yahoo_acoes_brasileiras
ALOS3.SA,ALOS3,yahoo_acoes_brasileiras
MULT3.SA,MULT3,yahoo_acoes_brasileiras
IGTI11.SA,IGTI11,yahoo_acoes_brasileiras
BEEF3.SA,BEEF3,yahoo_acoes_brasileiras
MRFG3.SA,MRFG3,yahoo_acoes_brasileiras
CPLE6.SA,CPLE6,yahoo_acoes_brasileiras
ENGI11.SA,ENGI11,yahoo_acoes_brasileiras
TAEE11.SA,TAEE11,yahoo_acoes_brasileiras
TRPL4.SA,TRPL4,yahoo_acoes_brasileiras
PRIO3.SA,PRIO3,yahoo_acoes_brasileiras
RRRP3.SA,RRRP3,yahoo_acoes_brasileiras
RECV3.SA,RECV3,yahoo_acoes_brasileiras
UGPA3.SA,UGPA3,yahoo_acoes_brasileiras
VBBR3.SA,VBBR3,yahoo_acoes_brasileiras
CSAN3.SA,CSAN3,yahoo_acoes_brasileiras
BRKM5.SA,BRKM5,yahoo_acoes_brasileiras
EMBR3.SA,EMBR3,yahoo_acoes_brasileiras
GOLL4.SA,GOLL4,yahoo_acoes_brasileiras
AZUL4.SA,AZUL4,yahoo_acoes_brasileiras
RUMO3.SA,RUMO3,yahoo_acoes_brasileiras
JHSF3.SA,JHSF3,yahoo_acoes_brasileiras
YDUQ3.SA,YDUQ3,yahoo_acoes_brasileiras
CVCB3.SA,CVCB3,yahoo_acoes_brasileiras
SLCE3.SA,SLCE3,yahoo_acoes_brasileiras
SMTO3.SA,SMTO3,yahoo_acoes_brasileiras
FLRY3.SA,FLRY3,yahoo_acoes_brasileiras
HAPV3.SA,HAPV3,yahoo_acoes_brasileiras
QUAL3.SA,QUAL3,yahoo_acoes_brasileiras
ODPV3.SA,ODPV3,yahoo_acoes_brasileiras
BBDC3.SA,BBDC3,yahoo_acoes_brasileiras
ITSA4.SA,ITSA4,yahoo_acoes_brasileiras
BRAP4.SA,BRAP4,yahoo_acoes_brasileiras
CMIN3.SA,CMIN3,yahoo_acoes_brasileiras
KLBN11.SA,KLBN11,yahoo_acoes_brasileiras
PCAR3.SA,PCAR3,yahoo_acoes_brasileiras
IRBR3.SA,IRBR3,yahoo_acoes_brasileiras
ENEV3.SA,ENEV3,yahoo_acoes_brasileiras
LOGN3.SA,LOGN3,yahoo_acoes_brasileiras
MDIA3.SA,MDIA3,yahoo_acoes_brasileiras
AAPL,APPLE,yahoo_acoes_internacionais
MSFT,MICROSOFT,yahoo_acoes_internacionais
GOOGL,GOOGLE,yahoo_acoes_internacionais
AMZN,AMAZON,yahoo_acoes_internacionais
NVDA,NVIDIA,yahoo_acoes_internacionais
META,META,yahoo_acoes_internacionais
TSLA,TESLA,yahoo_acoes_internacionais
NFLX,NETFLIX,yahoo_acoes_internacionais
JPM,JPMORGAN,yahoo_acoes_internacionais
V,VISA,yahoo_acoes_internacionais
WMT,WALMART,yahoo_acoes_internacionais
DIS,DISNEY,yahoo_acoes_internacionais
MA,MASTERCARD,yahoo_acoes_internacionais
UNH,UNITEDHEALTH,yahoo_acoes_internacionais
HD,HOMEDEPOT,yahoo_acoes_internacionais
BAC,BANK_OF_AMERICA,yahoo_acoes_internacionais
XOM,EXXONMOBIL,yahoo_acoes_internacionais
CVX,CHEVRON,yahoo_acoes_internacionais
KO,COCA_COLA,yahoo_acoes_internacionais
PEP,PEPSICO,yahoo_acoes_internacionais
COST,COSTCO,yahoo_acoes_internacionais
PG,PROCTER_GAMBLE,yahoo_acoes_internacionais
JNJ,JOHNSON_JOHNSON,yahoo_acoes_internacionais
MRK,MERCK,yahoo_acoes_internacionais
ABBV,ABBVIE,yahoo_acoes_internacionais
LLY,ELI_LILLY,yahoo_acoes_internacionais
PFE,PFIZER,yahoo_acoes_internacionais
AMD,AMD,yahoo_acoes_internacionais
INTC,INTEL,yahoo_acoes_internacionais
QCOM,QUALCOMM,yahoo_acoes_internacionais
ADBE,ADOBE,yahoo_acoes_internacionais
CRM,SALESFORCE,yahoo_acoes_internacionais
ORCL,ORACLE,yahoo_acoes_internacionais
NKE,NIKE,yahoo_acoes_internacionais
MCD,MCDONALDS,yahoo_acoes_internacionais
SBUX,STARBUCKS,yahoo_acoes_internacionais
NVO,NOVO_NORDISK,yahoo_acoes_internacionais
ASML,ASML,yahoo_acoes_internacionais
TSM,TSMC,yahoo_acoes_internacionais
BABA,ALIBABA,yahoo_acoes_internacionais
BRL=X,USD_BRL,yahoo_cambio_moedas
EURBRL=X,EUR_BRL,yahoo_cambio_moedas
GBPBRL=X,GBP_BRL,yahoo_cambio_moedas
CHFBRL=X,CHF_BRL,yahoo_cambio_moedas
JPYBRL=X,JPY_BRL,yahoo_cambio_moedas
CNYBRL=X,CNY_BRL,yahoo_cambio_moedas
ARSBRL=X,ARS_BRL,yahoo_cambio_moedas
CLPBRL=X,CLP_BRL,yahoo_cambio_moedas
MXNBRL=X,MXN_BRL,yahoo_cambio_moedas
UYUBRL=X,UYU_BRL,yahoo_cambio_moedas
COPBRL=X,COP_BRL,yahoo_cambio_moedas
PENBRL=X,PEN_BRL,yahoo_cambio_moedas
EURUSD=X,EUR_USD,yahoo_cambio_moedas
GBPUSD=X,GBP_USD,yahoo_cambio_moedas
USDJPY=X,USD_JPY,yahoo_cambio_moedas
AUDUSD=X,AUD_USD,yahoo_cambio_moedas
USDCAD=X,USD_CAD,yahoo_cambio_moedas
USDCHF=X,USD_CHF,yahoo_cambio_moedas
USDCNY=X,USD_CNY,yahoo_cambio_moedas
USDSGD=X,USD_SGD,yahoo_cambio_moedas
USDHKD=X,USD_HKD,yahoo_cambio_moedas
USDMXN=X,USD_MXN,yahoo_cambio_moedas
USDKRW=X,USD_KRW,yahoo_cambio_moedas
USDINR=X,USD_INR,yahoo_cambio_moedas
BTC-USD,BTC,yahoo_criptoativos
ETH-USD,ETH,yahoo_criptoativos
SOL-USD,SOL,yahoo_criptoativos
BNB-USD,BNB,yahoo_criptoativos
XRP-USD,XRP,yahoo_criptoativos
ADA-USD,ADA,yahoo_criptoativos
DOGE-USD,DOGE,yahoo_criptoativos
AVAX-USD,AVAX,yahoo_criptoativos
DOT-USD,DOT,yahoo_criptoativos
LINK-USD,LINK,yahoo_criptoativos
TRX-USD,TRX,yahoo_criptoativos
MATIC-USD,MATIC,yahoo_criptoativos
LTC-USD,LTC,yahoo_criptoativos
SHIB-USD,SHIB,yahoo_criptoativos
UNI-USD,UNI,yahoo_criptoativos
XLM-USD,XLM,yahoo_criptoativos
TON-USD,TON,yahoo_criptoativos
SUI-USD,SUI,yahoo_criptoativos
APT-USD,APT,yahoo_criptoativos
NEAR-USD,NEAR,yahoo_criptoativos
ICP-USD,ICP,yahoo_criptoativos
OP-USD,OP,yahoo_criptoativos
ARB-USD,ARB,yahoo_criptoativos
IMX-USD,IMX,yahoo_criptoativos
RNDR-USD,RNDR,yahoo_criptoativos
CL=F,CRUDE_OIL,yahoo_commodities
BZ=F,BRENT_CRUDE,yahoo_commodities
GC=F,GOLD,yahoo_commodities
SI=F,SILVER,yahoo_commodities
HG=F,COPPER,yahoo_commodities
PL=F,PLATINUM,yahoo_commodities
PA=F,PALLADIUM,yahoo_commodities
NG=F,NATURAL_GAS,yahoo_commodities
ZC=F,CORN,yahoo_commodities
ZS=F,SOYBEANS,yahoo_commodities
ZW=F,WHEAT,yahoo_commodities
KC=F,COFFEE,yahoo_commodities
CC=F,COCOA,yahoo_commodities
SB=F,SUGAR,yahoo_commodities
CT=F,COTTON,yahoo_commodities
ZO=F,OATS,yahoo_commodities
ZR=F,ROUGH_RICE,yahoo_commodities
GF=F,FEEDER_CATTLE,yahoo_commodities
HE=F,LEAN_HOGS,yahoo_commodities
LBS=F,LUMBER,yahoo_commodities
^GSPC,S&P_500,yahoo_indices_globais
^IXIC,NASDAQ,yahoo_indices_globais
^DJI,DOW_JONES,yahoo_indices_globais
^VIX,VIX,yahoo_indices_globais
^BVSP,IBOVESPA,yahoo_indices_globais
^FTSE,FTSE_100,yahoo_indices_globais
^GDAXI,DAX,yahoo_indices_globais
^FCHI,CAC_40,yahoo_indices_globais
^N225,NIKKEI_225,yahoo_indices_globais
^HSI,HANG_SENG,yahoo_indices_globais
^AXJO,S&P_ASX_200,yahoo_indices_globais
^SSMI,SMI,yahoo_indices_globais
^BFX,BEL_20,yahoo_indices_globais
^AORD,ALL_ORDINARIES,yahoo_indices_globais
^MXX,IPC,yahoo_indices_globais
^IPSA,IPSA,yahoo_indices_globais
^MERV,MERVAL,yahoo_indices_globais
^JKSE,JKSE,yahoo_indices_globais
^KLSE,KLSE,yahoo_indices_globais
^STI,STI,yahoo_indices_globais
^KS11,KOSPI,yahoo_indices_globais
^TWII,TAIEX,yahoo_indices_globais
^NZ50,NZX_50,yahoo_indices_globais
^FTMIB,FTSE_MIB,yahoo_indices_globais
FTSEMIB.MI,FTSE_MIB_INDEX,yahoo_indices_globais
^IRX,TREASURY_3M,yahoo_renda_fixa
^FVX,TREASURY_5Y,yahoo_renda_fixa
^TNX,TREASURY_10Y,yahoo_renda_fixa
^TYX,TREASURY_30Y,yahoo_renda_fixa
EWZ,EWZ_IBOV_USD,yahoo_etfs
SMLL.SA,SMALL_CAPS_B3,yahoo_etfs
BND,VANGUARD_BOND_ETF,yahoo_etfs
HYG,HIGH_YIELD_BOND_ETF,yahoo_etfs
LQD,INVEST_GRADE_BOND_ETF,yahoo_etfs
SPY,SPY_S_P_500_ETF,yahoo_etfs
QQQ,QQQ_NASDAQ_ETF,yahoo_etfs
DIA,DIA_DOW_JONES_ETF,yahoo_etfs
IWM,IWM_RUSSELL_2000_ETF,yahoo_etfs
EEM,EEM_EMERGING_MKT_ETF,yahoo_etfs
VGK,VGK_EUROPE_ETF,yahoo_etfs
VWO,VWO_EMERGING_VANGUARD,yahoo_etfs
XLE,XLE_ENERGY_SPDR,yahoo_etfs
XLF,XLF_FINANCIAL_SPDR,yahoo_etfs
XLK,XLK_TECH_SPDR,yahoo_etfs
VUAA.L,VUAA_SP500_UCITS,yahoo_etfs
CSPX.L,CSPX_SP500_UCITS,yahoo_etfs
VWRA.L,VWRA_ALLWORLD_UCITS,yahoo_etfs
IWDA.AS,IWDA_MSCIWORLD_UCITS,yahoo_etfs
EIMI.L,EIMI_EM_UCITS,yahoo_etfs
AGGG.L,AGGG_GLOBALBOND_UCITS,yahoo_etfs
QDVE.DE,QDVE_TECH_UCITS,yahoo_etfs
IFIX.SA,IFIX,yahoo_fiis_fiagros
