data_captura,data_referencia,codigo_ativo,label,valor
2026-07-28,1977-01-01,FUNCEX12_XPT12,Exportações Preços Índice,51.48
2026-07-28,1977-02-01,FUNCEX12_XPT12,Exportações Preços Índice,51.61
2026-07-28,1977-03-01,FUNCEX12_XPT12,Exportações Preços Índice,55.92
2026-07-28,1977-04-01,FUNCEX12_XPT12,Exportações Preços Índice,57.57
2026-07-28,1977-05-01,FUNCEX12_XPT12,Exportações Preços Índice,59.49
2026-07-28,1977-06-01,FUNCEX12_XPT12,Exportações Preços Índice,63.34
2026-07-28,1977-07-01,FUNCEX12_XPT12,Exportações Preços Índice,58.64
2026-07-28,1977-08-01,FUNCEX12_XPT12,Exportações Preços Índice,57.31
2026-07-28,1977-09-01,FUNCEX12_XPT12,Exportações Preços Índice,53.8
2026-07-28,1977-10-01,FUNCEX12_XPT12,Exportações Preços Índice,52.14
2026-07-28,1977-11-01,FUNCEX12_XPT12,Exportações Preços Índice,50.36
2026-07-28,1977-12-01,FUNCEX12_XPT12,Exportações Preços Índice,52.67
2026-07-28,1978-01-01,FUNCEX12_XPT12,Exportações Preços Índice,54.52
2026-07-28,1978-02-01,FUNCEX12_XPT12,Exportações Preços Índice,52.27
2026-07-28,1978-03-01,FUNCEX12_XPT12,Exportações Preços Índice,52.2
2026-07-28,1978-04-01,FUNCEX12_XPT12,Exportações Preços Índice,51.47
2026-07-28,1978-05-01,FUNCEX12_XPT12,Exportações Preços Índice,51.2
2026-07-28,1978-06-01,FUNCEX12_XPT12,Exportações Preços Índice,50.74
2026-07-28,1978-07-01,FUNCEX12_XPT12,Exportações Preços Índice,51.47
2026-07-28,1978-08-01,FUNCEX12_XPT12,Exportações Preços Índice,51.07
2026-07-28,1978-09-01,FUNCEX12_XPT12,Exportações Preços Índice,51.14
2026-07-28,1978-10-01,FUNCEX12_XPT12,Exportações Preços Índice,51.73
2026-07-28,1978-11-01,FUNCEX12_XPT12,Exportações Preços Índice,52.27
2026-07-28,1978-12-01,FUNCEX12_XPT12,Exportações Preços Índice,51.27
2026-07-28,1979-01-01,FUNCEX12_XPT12,Exportações Preços Índice,52.94
2026-07-28,1979-02-01,FUNCEX12_XPT12,Exportações Preços Índice,53.27
2026-07-28,1979-03-01,FUNCEX12_XPT12,Exportações Preços Índice,53.46
2026-07-28,1979-04-01,FUNCEX12_XPT12,Exportações Preços Índice,54.2
2026-07-28,1979-05-01,FUNCEX12_XPT12,Exportações Preços Índice,54.73
2026-07-28,1979-06-01,FUNCEX12_XPT12,Exportações Preços Índice,56.18
2026-07-28,1979-07-01,FUNCEX12_XPT12,Exportações Preços Índice,58.44
2026-07-28,1979-08-01,FUNCEX12_XPT12,Exportações Preços Índice,58.5
2026-07-28,1979-09-01,FUNCEX12_XPT12,Exportações Preços Índice,59.37
2026-07-28,1979-10-01,FUNCEX12_XPT12,Exportações Preços Índice,60.75
2026-07-28,1979-11-01,FUNCEX12_XPT12,Exportações Preços Índice,61.22
2026-07-28,1979-12-01,FUNCEX12_XPT12,Exportações Preços Índice,63.53
2026-07-28,1980-01-01,FUNCEX12_XPT12,Exportações Preços Índice,61.81
2026-07-28,1980-02-01,FUNCEX12_XPT12,Exportações Preços Índice,61.61
2026-07-28,1980-03-01,FUNCEX12_XPT12,Exportações Preços Índice,60.82
2026-07-28,1980-04-01,FUNCEX12_XPT12,Exportações Preços Índice,61.81
2026-07-28,1980-05-01,FUNCEX12_XPT12,Exportações Preços Índice,61.88
2026-07-28,1980-06-01,FUNCEX12_XPT12,Exportações Preços Índice,62.28
2026-07-28,1980-07-01,FUNCEX12_XPT12,Exportações Preços Índice,60.22
2026-07-28,1980-08-01,FUNCEX12_XPT12,Exportações Preços Índice,62.54
2026-07-28,1980-09-01,FUNCEX12_XPT12,Exportações Preços Índice,63.13
2026-07-28,1980-10-01,FUNCEX12_XPT12,Exportações Preços Índice,63.93
2026-07-28,1980-11-01,FUNCEX12_XPT12,Exportações Preços Índice,62.48
2026-07-28,1980-12-01,FUNCEX12_XPT12,Exportações Preços Índice,61.54
2026-07-28,1981-01-01,FUNCEX12_XPT12,Exportações Preços Índice,63.07
2026-07-28,1981-02-01,FUNCEX12_XPT12,Exportações Preços Índice,62.34
2026-07-28,1981-03-01,FUNCEX12_XPT12,Exportações Preços Índice,63.0
2026-07-28,1981-04-01,FUNCEX12_XPT12,Exportações Preços Índice,61.94
2026-07-28,1981-05-01,FUNCEX12_XPT12,Exportações Preços Índice,61.35
2026-07-28,1981-06-01,FUNCEX12_XPT12,Exportações Preços Índice,59.29
2026-07-28,1981-07-01,FUNCEX12_XPT12,Exportações Preços Índice,58.69
2026-07-28,1981-08-01,FUNCEX12_XPT12,Exportações Preços Índice,58.63
2026-07-28,1981-09-01,FUNCEX12_XPT12,Exportações Preços Índice,57.57
2026-07-28,1981-10-01,FUNCEX12_XPT12,Exportações Preços Índice,55.71
2026-07-28,1981-11-01,FUNCEX12_XPT12,Exportações Preços Índice,56.71
2026-07-28,1981-12-01,FUNCEX12_XPT12,Exportações Preços Índice,58.69
2026-07-28,1982-01-01,FUNCEX12_XPT12,Exportações Preços Índice,59.09
2026-07-28,1982-02-01,FUNCEX12_XPT12,Exportações Preços Índice,58.37
2026-07-28,1982-03-01,FUNCEX12_XPT12,Exportações Preços Índice,58.5
2026-07-28,1982-04-01,FUNCEX12_XPT12,Exportações Preços Índice,56.91
2026-07-28,1982-05-01,FUNCEX12_XPT12,Exportações Preços Índice,57.77
2026-07-28,1982-06-01,FUNCEX12_XPT12,Exportações Preços Índice,58.56
2026-07-28,1982-07-01,FUNCEX12_XPT12,Exportações Preços Índice,56.85
2026-07-28,1982-08-01,FUNCEX12_XPT12,Exportações Preços Índice,55.25
2026-07-28,1982-09-01,FUNCEX12_XPT12,Exportações Preços Índice,54.66
2026-07-28,1982-10-01,FUNCEX12_XPT12,Exportações Preços Índice,53.73
2026-07-28,1982-11-01,FUNCEX12_XPT12,Exportações Preços Índice,55.32
2026-07-28,1982-12-01,FUNCEX12_XPT12,Exportações Preços Índice,56.31
2026-07-28,1983-01-01,FUNCEX12_XPT12,Exportações Preços Índice,55.58
2026-07-28,1983-02-01,FUNCEX12_XPT12,Exportações Preços Índice,55.58
2026-07-28,1983-03-01,FUNCEX12_XPT12,Exportações Preços Índice,53.66
2026-07-28,1983-04-01,FUNCEX12_XPT12,Exportações Preços Índice,53.33
2026-07-28,1983-05-01,FUNCEX12_XPT12,Exportações Preços Índice,52.53
2026-07-28,1983-06-01,FUNCEX12_XPT12,Exportações Preços Índice,52.2
2026-07-28,1983-07-01,FUNCEX12_XPT12,Exportações Preços Índice,53.53
2026-07-28,1983-08-01,FUNCEX12_XPT12,Exportações Preços Índice,54.39
2026-07-28,1983-09-01,FUNCEX12_XPT12,Exportações Preços Índice,54.26
2026-07-28,1983-10-01,FUNCEX12_XPT12,Exportações Preços Índice,54.06
2026-07-28,1983-11-01,FUNCEX12_XPT12,Exportações Preços Índice,54.33
2026-07-28,1983-12-01,FUNCEX12_XPT12,Exportações Preços Índice,53.93
2026-07-28,1984-01-01,FUNCEX12_XPT12,Exportações Preços Índice,55.52
2026-07-28,1984-02-01,FUNCEX12_XPT12,Exportações Preços Índice,55.98
2026-07-28,1984-03-01,FUNCEX12_XPT12,Exportações Preços Índice,55.85
2026-07-28,1984-04-01,FUNCEX12_XPT12,Exportações Preços Índice,55.58
2026-07-28,1984-05-01,FUNCEX12_XPT12,Exportações Preços Índice,55.98
2026-07-28,1984-06-01,FUNCEX12_XPT12,Exportações Preços Índice,58.16
2026-07-28,1984-07-01,FUNCEX12_XPT12,Exportações Preços Índice,57.83
2026-07-28,1984-08-01,FUNCEX12_XPT12,Exportações Preços Índice,56.77
2026-07-28,1984-09-01,FUNCEX12_XPT12,Exportações Preços Índice,55.25
2026-07-28,1984-10-01,FUNCEX12_XPT12,Exportações Preços Índice,54.06
2026-07-28,1984-11-01,FUNCEX12_XPT12,Exportações Preços Índice,53.93
2026-07-28,1984-12-01,FUNCEX12_XPT12,Exportações Preços Índice,54.58
2026-07-28,1985-01-01,FUNCEX12_XPT12,Exportações Preços Índice,53.98
2026-07-28,1985-02-01,FUNCEX12_XPT12,Exportações Preços Índice,54.98
2026-07-28,1985-03-01,FUNCEX12_XPT12,Exportações Preços Índice,53.85
2026-07-28,1985-04-01,FUNCEX12_XPT12,Exportações Preços Índice,52.59
2026-07-28,1985-05-01,FUNCEX12_XPT12,Exportações Preços Índice,51.47
2026-07-28,1985-06-01,FUNCEX12_XPT12,Exportações Preços Índice,51.73
2026-07-28,1985-07-01,FUNCEX12_XPT12,Exportações Preços Índice,49.74
2026-07-28,1985-08-01,FUNCEX12_XPT12,Exportações Preços Índice,50.08
2026-07-28,1985-09-01,FUNCEX12_XPT12,Exportações Preços Índice,50.8
2026-07-28,1985-10-01,FUNCEX12_XPT12,Exportações Preços Índice,51.47
2026-07-28,1985-11-01,FUNCEX12_XPT12,Exportações Preços Índice,50.87
2026-07-28,1985-12-01,FUNCEX12_XPT12,Exportações Preços Índice,51.13
2026-07-28,1986-01-01,FUNCEX12_XPT12,Exportações Preços Índice,51.61
2026-07-28,1986-02-01,FUNCEX12_XPT12,Exportações Preços Índice,55.98
2026-07-28,1986-03-01,FUNCEX12_XPT12,Exportações Preços Índice,56.71
2026-07-28,1986-04-01,FUNCEX12_XPT12,Exportações Preços Índice,54.33
2026-07-28,1986-05-01,FUNCEX12_XPT12,Exportações Preços Índice,54.33
2026-07-28,1986-06-01,FUNCEX12_XPT12,Exportações Preços Índice,52.6
2026-07-28,1986-07-01,FUNCEX12_XPT12,Exportações Preços Índice,51.67
2026-07-28,1986-08-01,FUNCEX12_XPT12,Exportações Preços Índice,52.07
2026-07-28,1986-09-01,FUNCEX12_XPT12,Exportações Preços Índice,52.2
2026-07-28,1986-10-01,FUNCEX12_XPT12,Exportações Preços Índice,54.12
2026-07-28,1986-11-01,FUNCEX12_XPT12,Exportações Preços Índice,54.79
2026-07-28,1986-12-01,FUNCEX12_XPT12,Exportações Preços Índice,54.33
2026-07-28,1987-01-01,FUNCEX12_XPT12,Exportações Preços Índice,53.19
2026-07-28,1987-02-01,FUNCEX12_XPT12,Exportações Preços Índice,52.46
2026-07-28,1987-03-01,FUNCEX12_XPT12,Exportações Preços Índice,51.87
2026-07-28,1987-04-01,FUNCEX12_XPT12,Exportações Preços Índice,51.01
2026-07-28,1987-05-01,FUNCEX12_XPT12,Exportações Preços Índice,51.54
2026-07-28,1987-06-01,FUNCEX12_XPT12,Exportações Preços Índice,53.06
2026-07-28,1987-07-01,FUNCEX12_XPT12,Exportações Preços Índice,54.06
2026-07-28,1987-08-01,FUNCEX12_XPT12,Exportações Preços Índice,57.76
2026-07-28,1987-09-01,FUNCEX12_XPT12,Exportações Preços Índice,57.83
2026-07-28,1987-10-01,FUNCEX12_XPT12,Exportações Preços Índice,54.91
2026-07-28,1987-11-01,FUNCEX12_XPT12,Exportações Preços Índice,54.78
2026-07-28,1987-12-01,FUNCEX12_XPT12,Exportações Preços Índice,53.79
2026-07-28,1988-01-01,FUNCEX12_XPT12,Exportações Preços Índice,55.72
2026-07-28,1988-02-01,FUNCEX12_XPT12,Exportações Preços Índice,56.32
2026-07-28,1988-03-01,FUNCEX12_XPT12,Exportações Preços Índice,57.24
2026-07-28,1988-04-01,FUNCEX12_XPT12,Exportações Preços Índice,58.77
2026-07-28,1988-05-01,FUNCEX12_XPT12,Exportações Preços Índice,59.16
2026-07-28,1988-06-01,FUNCEX12_XPT12,Exportações Preços Índice,59.76
2026-07-28,1988-07-01,FUNCEX12_XPT12,Exportações Preços Índice,61.29
2026-07-28,1988-08-01,FUNCEX12_XPT12,Exportações Preços Índice,62.35
2026-07-28,1988-09-01,FUNCEX12_XPT12,Exportações Preços Índice,62.01
2026-07-28,1988-10-01,FUNCEX12_XPT12,Exportações Preços Índice,62.15
2026-07-28,1988-11-01,FUNCEX12_XPT12,Exportações Preços Índice,62.81
2026-07-28,1988-12-01,FUNCEX12_XPT12,Exportações Preços Índice,61.75
2026-07-28,1989-01-01,FUNCEX12_XPT12,Exportações Preços Índice,62.28
2026-07-28,1989-02-01,FUNCEX12_XPT12,Exportações Preços Índice,61.89
2026-07-28,1989-03-01,FUNCEX12_XPT12,Exportações Preços Índice,62.81
2026-07-28,1989-04-01,FUNCEX12_XPT12,Exportações Preços Índice,63.21
2026-07-28,1989-05-01,FUNCEX12_XPT12,Exportações Preços Índice,61.95
2026-07-28,1989-06-01,FUNCEX12_XPT12,Exportações Preços Índice,62.21
2026-07-28,1989-07-01,FUNCEX12_XPT12,Exportações Preços Índice,61.35
2026-07-28,1989-08-01,FUNCEX12_XPT12,Exportações Preços Índice,61.35
2026-07-28,1989-09-01,FUNCEX12_XPT12,Exportações Preços Índice,60.09
2026-07-28,1989-10-01,FUNCEX12_XPT12,Exportações Preços Índice,59.43
2026-07-28,1989-11-01,FUNCEX12_XPT12,Exportações Preços Índice,58.9
2026-07-28,1989-12-01,FUNCEX12_XPT12,Exportações Preços Índice,60.49
2026-07-28,1990-01-01,FUNCEX12_XPT12,Exportações Preços Índice,57.37
2026-07-28,1990-02-01,FUNCEX12_XPT12,Exportações Preços Índice,57.7
2026-07-28,1990-03-01,FUNCEX12_XPT12,Exportações Preços Índice,58.62
2026-07-28,1990-04-01,FUNCEX12_XPT12,Exportações Preços Índice,59.15
2026-07-28,1990-05-01,FUNCEX12_XPT12,Exportações Preços Índice,59.03
2026-07-28,1990-06-01,FUNCEX12_XPT12,Exportações Preços Índice,60.28
2026-07-28,1990-07-01,FUNCEX12_XPT12,Exportações Preços Índice,60.35
2026-07-28,1990-08-01,FUNCEX12_XPT12,Exportações Preços Índice,60.08
2026-07-28,1990-09-01,FUNCEX12_XPT12,Exportações Preços Índice,61.94
2026-07-28,1990-10-01,FUNCEX12_XPT12,Exportações Preços Índice,63.19
2026-07-28,1990-11-01,FUNCEX12_XPT12,Exportações Preços Índice,60.68
2026-07-28,1990-12-01,FUNCEX12_XPT12,Exportações Preços Índice,61.67
2026-07-28,1991-01-01,FUNCEX12_XPT12,Exportações Preços Índice,60.16
2026-07-28,1991-02-01,FUNCEX12_XPT12,Exportações Preços Índice,58.71
2026-07-28,1991-03-01,FUNCEX12_XPT12,Exportações Preços Índice,59.9
2026-07-28,1991-04-01,FUNCEX12_XPT12,Exportações Preços Índice,59.37
2026-07-28,1991-05-01,FUNCEX12_XPT12,Exportações Preços Índice,59.56
2026-07-28,1991-06-01,FUNCEX12_XPT12,Exportações Preços Índice,58.97
2026-07-28,1991-07-01,FUNCEX12_XPT12,Exportações Preços Índice,59.24
2026-07-28,1991-08-01,FUNCEX12_XPT12,Exportações Preços Índice,58.57
2026-07-28,1991-09-01,FUNCEX12_XPT12,Exportações Preços Índice,59.03
2026-07-28,1991-10-01,FUNCEX12_XPT12,Exportações Preços Índice,58.64
2026-07-28,1991-11-01,FUNCEX12_XPT12,Exportações Preços Índice,57.97
2026-07-28,1991-12-01,FUNCEX12_XPT12,Exportações Preços Índice,56.85
2026-07-28,1992-01-01,FUNCEX12_XPT12,Exportações Preços Índice,57.89
2026-07-28,1992-02-01,FUNCEX12_XPT12,Exportações Preços Índice,58.36
2026-07-28,1992-03-01,FUNCEX12_XPT12,Exportações Preços Índice,57.43
2026-07-28,1992-04-01,FUNCEX12_XPT12,Exportações Preços Índice,58.36
2026-07-28,1992-05-01,FUNCEX12_XPT12,Exportações Preços Índice,56.9
2026-07-28,1992-06-01,FUNCEX12_XPT12,Exportações Preços Índice,56.57
2026-07-28,1992-07-01,FUNCEX12_XPT12,Exportações Preços Índice,56.44
2026-07-28,1992-08-01,FUNCEX12_XPT12,Exportações Preços Índice,57.16
2026-07-28,1992-09-01,FUNCEX12_XPT12,Exportações Preços Índice,56.97
2026-07-28,1992-10-01,FUNCEX12_XPT12,Exportações Preços Índice,56.17
2026-07-28,1992-11-01,FUNCEX12_XPT12,Exportações Preços Índice,55.44
2026-07-28,1992-12-01,FUNCEX12_XPT12,Exportações Preços Índice,55.98
2026-07-28,1993-01-01,FUNCEX12_XPT12,Exportações Preços Índice,51.08
2026-07-28,1993-02-01,FUNCEX12_XPT12,Exportações Preços Índice,52.0
2026-07-28,1993-03-01,FUNCEX12_XPT12,Exportações Preços Índice,51.35
2026-07-28,1993-04-01,FUNCEX12_XPT12,Exportações Preços Índice,52.67
2026-07-28,1993-05-01,FUNCEX12_XPT12,Exportações Preços Índice,50.48
2026-07-28,1993-06-01,FUNCEX12_XPT12,Exportações Preços Índice,51.61
2026-07-28,1993-07-01,FUNCEX12_XPT12,Exportações Preços Índice,52.41
2026-07-28,1993-08-01,FUNCEX12_XPT12,Exportações Preços Índice,53.06
2026-07-28,1993-09-01,FUNCEX12_XPT12,Exportações Preços Índice,54.59
2026-07-28,1993-10-01,FUNCEX12_XPT12,Exportações Preços Índice,54.72
2026-07-28,1993-11-01,FUNCEX12_XPT12,Exportações Preços Índice,53.8
2026-07-28,1993-12-01,FUNCEX12_XPT12,Exportações Preços Índice,54.26
2026-07-28,1994-01-01,FUNCEX12_XPT12,Exportações Preços Índice,54.45
2026-07-28,1994-02-01,FUNCEX12_XPT12,Exportações Preços Índice,56.3
2026-07-28,1994-03-01,FUNCEX12_XPT12,Exportações Preços Índice,54.84
2026-07-28,1994-04-01,FUNCEX12_XPT12,Exportações Preços Índice,55.51
2026-07-28,1994-05-01,FUNCEX12_XPT12,Exportações Preços Índice,56.04
2026-07-28,1994-06-01,FUNCEX12_XPT12,Exportações Preços Índice,56.3
2026-07-28,1994-07-01,FUNCEX12_XPT12,Exportações Preços Índice,57.36
2026-07-28,1994-08-01,FUNCEX12_XPT12,Exportações Preços Índice,58.82
2026-07-28,1994-09-01,FUNCEX12_XPT12,Exportações Preços Índice,60.61
2026-07-28,1994-10-01,FUNCEX12_XPT12,Exportações Preços Índice,62.86
2026-07-28,1994-11-01,FUNCEX12_XPT12,Exportações Preços Índice,62.2
2026-07-28,1994-12-01,FUNCEX12_XPT12,Exportações Preços Índice,64.05
2026-07-28,1995-01-01,FUNCEX12_XPT12,Exportações Preços Índice,64.19
2026-07-28,1995-02-01,FUNCEX12_XPT12,Exportações Preços Índice,64.53
2026-07-28,1995-03-01,FUNCEX12_XPT12,Exportações Preços Índice,65.06
2026-07-28,1995-04-01,FUNCEX12_XPT12,Exportações Preços Índice,65.18
2026-07-28,1995-05-01,FUNCEX12_XPT12,Exportações Preços Índice,65.85
2026-07-28,1995-06-01,FUNCEX12_XPT12,Exportações Preços Índice,66.38
2026-07-28,1995-07-01,FUNCEX12_XPT12,Exportações Preços Índice,67.17
2026-07-28,1995-08-01,FUNCEX12_XPT12,Exportações Preços Índice,67.51
2026-07-28,1995-09-01,FUNCEX12_XPT12,Exportações Preços Índice,66.58
2026-07-28,1995-10-01,FUNCEX12_XPT12,Exportações Preços Índice,67.3
2026-07-28,1995-11-01,FUNCEX12_XPT12,Exportações Preços Índice,67.77
2026-07-28,1995-12-01,FUNCEX12_XPT12,Exportações Preços Índice,67.11
2026-07-28,1996-01-01,FUNCEX12_XPT12,Exportações Preços Índice,66.41
2026-07-28,1996-02-01,FUNCEX12_XPT12,Exportações Preços Índice,66.34
2026-07-28,1996-03-01,FUNCEX12_XPT12,Exportações Preços Índice,66.02
2026-07-28,1996-04-01,FUNCEX12_XPT12,Exportações Preços Índice,66.88
2026-07-28,1996-05-01,FUNCEX12_XPT12,Exportações Preços Índice,66.94
2026-07-28,1996-06-01,FUNCEX12_XPT12,Exportações Preços Índice,66.81
2026-07-28,1996-07-01,FUNCEX12_XPT12,Exportações Preços Índice,66.67
2026-07-28,1996-08-01,FUNCEX12_XPT12,Exportações Preços Índice,66.28
2026-07-28,1996-09-01,FUNCEX12_XPT12,Exportações Preços Índice,66.14
2026-07-28,1996-10-01,FUNCEX12_XPT12,Exportações Preços Índice,65.62
2026-07-28,1996-11-01,FUNCEX12_XPT12,Exportações Preços Índice,65.88
2026-07-28,1996-12-01,FUNCEX12_XPT12,Exportações Preços Índice,65.28
2026-07-28,1997-01-01,FUNCEX12_XPT12,Exportações Preços Índice,63.97
2026-07-28,1997-02-01,FUNCEX12_XPT12,Exportações Preços Índice,65.39
2026-07-28,1997-03-01,FUNCEX12_XPT12,Exportações Preços Índice,65.83
2026-07-28,1997-04-01,FUNCEX12_XPT12,Exportações Preços Índice,66.47
2026-07-28,1997-05-01,FUNCEX12_XPT12,Exportações Preços Índice,66.89
2026-07-28,1997-06-01,FUNCEX12_XPT12,Exportações Preços Índice,66.94
2026-07-28,1997-07-01,FUNCEX12_XPT12,Exportações Preços Índice,66.17
2026-07-28,1997-08-01,FUNCEX12_XPT12,Exportações Preços Índice,66.32
2026-07-28,1997-09-01,FUNCEX12_XPT12,Exportações Preços Índice,66.12
2026-07-28,1997-10-01,FUNCEX12_XPT12,Exportações Preços Índice,65.03
2026-07-28,1997-11-01,FUNCEX12_XPT12,Exportações Preços Índice,65.76
2026-07-28,1997-12-01,FUNCEX12_XPT12,Exportações Preços Índice,65.57
2026-07-28,1998-01-01,FUNCEX12_XPT12,Exportações Preços Índice,65.83
2026-07-28,1998-02-01,FUNCEX12_XPT12,Exportações Preços Índice,64.51
2026-07-28,1998-03-01,FUNCEX12_XPT12,Exportações Preços Índice,64.01
2026-07-28,1998-04-01,FUNCEX12_XPT12,Exportações Preços Índice,62.46
2026-07-28,1998-05-01,FUNCEX12_XPT12,Exportações Preços Índice,61.85
2026-07-28,1998-06-01,FUNCEX12_XPT12,Exportações Preços Índice,61.51
2026-07-28,1998-07-01,FUNCEX12_XPT12,Exportações Preços Índice,61.05
2026-07-28,1998-08-01,FUNCEX12_XPT12,Exportações Preços Índice,60.21
2026-07-28,1998-09-01,FUNCEX12_XPT12,Exportações Preços Índice,59.09
2026-07-28,1998-10-01,FUNCEX12_XPT12,Exportações Preços Índice,58.67
2026-07-28,1998-11-01,FUNCEX12_XPT12,Exportações Preços Índice,58.83
2026-07-28,1998-12-01,FUNCEX12_XPT12,Exportações Preços Índice,59.0
2026-07-28,1999-01-01,FUNCEX12_XPT12,Exportações Preços Índice,57.51
2026-07-28,1999-02-01,FUNCEX12_XPT12,Exportações Preços Índice,56.03
2026-07-28,1999-03-01,FUNCEX12_XPT12,Exportações Preços Índice,54.47
2026-07-28,1999-04-01,FUNCEX12_XPT12,Exportações Preços Índice,53.1
2026-07-28,1999-05-01,FUNCEX12_XPT12,Exportações Preços Índice,52.66
2026-07-28,1999-06-01,FUNCEX12_XPT12,Exportações Preços Índice,52.57
2026-07-28,1999-07-01,FUNCEX12_XPT12,Exportações Preços Índice,52.46
2026-07-28,1999-08-01,FUNCEX12_XPT12,Exportações Preços Índice,52.3
2026-07-28,1999-09-01,FUNCEX12_XPT12,Exportações Preços Índice,52.03
2026-07-28,1999-10-01,FUNCEX12_XPT12,Exportações Preços Índice,52.98
2026-07-28,1999-11-01,FUNCEX12_XPT12,Exportações Preços Índice,53.24
2026-07-28,1999-12-01,FUNCEX12_XPT12,Exportações Preços Índice,53.53
2026-07-28,2000-01-01,FUNCEX12_XPT12,Exportações Preços Índice,54.55
2026-07-28,2000-02-01,FUNCEX12_XPT12,Exportações Preços Índice,54.51
2026-07-28,2000-03-01,FUNCEX12_XPT12,Exportações Preços Índice,55.06
2026-07-28,2000-04-01,FUNCEX12_XPT12,Exportações Preços Índice,54.55
2026-07-28,2000-05-01,FUNCEX12_XPT12,Exportações Preços Índice,55.48
2026-07-28,2000-06-01,FUNCEX12_XPT12,Exportações Preços Índice,55.05
2026-07-28,2000-07-01,FUNCEX12_XPT12,Exportações Preços Índice,56.03
2026-07-28,2000-08-01,FUNCEX12_XPT12,Exportações Preços Índice,56.85
2026-07-28,2000-09-01,FUNCEX12_XPT12,Exportações Preços Índice,56.18
2026-07-28,2000-10-01,FUNCEX12_XPT12,Exportações Preços Índice,54.98
2026-07-28,2000-11-01,FUNCEX12_XPT12,Exportações Preços Índice,54.87
2026-07-28,2000-12-01,FUNCEX12_XPT12,Exportações Preços Índice,55.88
2026-07-28,2001-01-01,FUNCEX12_XPT12,Exportações Preços Índice,56.06
2026-07-28,2001-02-01,FUNCEX12_XPT12,Exportações Preços Índice,55.1
2026-07-28,2001-03-01,FUNCEX12_XPT12,Exportações Preços Índice,55.81
2026-07-28,2001-04-01,FUNCEX12_XPT12,Exportações Preços Índice,53.75
2026-07-28,2001-05-01,FUNCEX12_XPT12,Exportações Preços Índice,53.62
2026-07-28,2001-06-01,FUNCEX12_XPT12,Exportações Preços Índice,53.32
2026-07-28,2001-07-01,FUNCEX12_XPT12,Exportações Preços Índice,53.57
2026-07-28,2001-08-01,FUNCEX12_XPT12,Exportações Preços Índice,52.99
2026-07-28,2001-09-01,FUNCEX12_XPT12,Exportações Preços Índice,52.75
2026-07-28,2001-10-01,FUNCEX12_XPT12,Exportações Preços Índice,51.68
2026-07-28,2001-11-01,FUNCEX12_XPT12,Exportações Preços Índice,51.21
2026-07-28,2001-12-01,FUNCEX12_XPT12,Exportações Preços Índice,50.67
2026-07-28,2002-01-01,FUNCEX12_XPT12,Exportações Preços Índice,50.25
2026-07-28,2002-02-01,FUNCEX12_XPT12,Exportações Preços Índice,50.43
2026-07-28,2002-03-01,FUNCEX12_XPT12,Exportações Preços Índice,49.79
2026-07-28,2002-04-01,FUNCEX12_XPT12,Exportações Preços Índice,50.77
2026-07-28,2002-05-01,FUNCEX12_XPT12,Exportações Preços Índice,50.95
2026-07-28,2002-06-01,FUNCEX12_XPT12,Exportações Preços Índice,52.41
2026-07-28,2002-07-01,FUNCEX12_XPT12,Exportações Preços Índice,51.56
2026-07-28,2002-08-01,FUNCEX12_XPT12,Exportações Preços Índice,50.79
2026-07-28,2002-09-01,FUNCEX12_XPT12,Exportações Preços Índice,51.35
2026-07-28,2002-10-01,FUNCEX12_XPT12,Exportações Preços Índice,51.4
2026-07-28,2002-11-01,FUNCEX12_XPT12,Exportações Preços Índice,51.2
2026-07-28,2002-12-01,FUNCEX12_XPT12,Exportações Preços Índice,50.21
2026-07-28,2003-01-01,FUNCEX12_XPT12,Exportações Preços Índice,51.83
2026-07-28,2003-02-01,FUNCEX12_XPT12,Exportações Preços Índice,52.61
2026-07-28,2003-03-01,FUNCEX12_XPT12,Exportações Preços Índice,53.46
2026-07-28,2003-04-01,FUNCEX12_XPT12,Exportações Preços Índice,52.62
2026-07-28,2003-05-01,FUNCEX12_XPT12,Exportações Preços Índice,52.77
2026-07-28,2003-06-01,FUNCEX12_XPT12,Exportações Preços Índice,53.06
2026-07-28,2003-07-01,FUNCEX12_XPT12,Exportações Preços Índice,53.58
2026-07-28,2003-08-01,FUNCEX12_XPT12,Exportações Preços Índice,53.14
2026-07-28,2003-09-01,FUNCEX12_XPT12,Exportações Preços Índice,53.45
2026-07-28,2003-10-01,FUNCEX12_XPT12,Exportações Preços Índice,53.92
2026-07-28,2003-11-01,FUNCEX12_XPT12,Exportações Preços Índice,54.07
2026-07-28,2003-12-01,FUNCEX12_XPT12,Exportações Preços Índice,55.04
2026-07-28,2004-01-01,FUNCEX12_XPT12,Exportações Preços Índice,56.33
2026-07-28,2004-02-01,FUNCEX12_XPT12,Exportações Preços Índice,56.72
2026-07-28,2004-03-01,FUNCEX12_XPT12,Exportações Preços Índice,57.41
2026-07-28,2004-04-01,FUNCEX12_XPT12,Exportações Preços Índice,58.71
2026-07-28,2004-05-01,FUNCEX12_XPT12,Exportações Preços Índice,60.27
2026-07-28,2004-06-01,FUNCEX12_XPT12,Exportações Preços Índice,60.8
2026-07-28,2004-07-01,FUNCEX12_XPT12,Exportações Preços Índice,60.89
2026-07-28,2004-08-01,FUNCEX12_XPT12,Exportações Preços Índice,60.98
2026-07-28,2004-09-01,FUNCEX12_XPT12,Exportações Preços Índice,61.21
2026-07-28,2004-10-01,FUNCEX12_XPT12,Exportações Preços Índice,61.43
2026-07-28,2004-11-01,FUNCEX12_XPT12,Exportações Preços Índice,62.34
2026-07-28,2004-12-01,FUNCEX12_XPT12,Exportações Preços Índice,62.55
2026-07-28,2005-01-01,FUNCEX12_XPT12,Exportações Preços Índice,62.82
2026-07-28,2005-02-01,FUNCEX12_XPT12,Exportações Preços Índice,63.06
2026-07-28,2005-03-01,FUNCEX12_XPT12,Exportações Preços Índice,63.89
2026-07-28,2005-04-01,FUNCEX12_XPT12,Exportações Preços Índice,66.14
2026-07-28,2005-05-01,FUNCEX12_XPT12,Exportações Preços Índice,67.46
2026-07-28,2005-06-01,FUNCEX12_XPT12,Exportações Preços Índice,67.2
2026-07-28,2005-07-01,FUNCEX12_XPT12,Exportações Preços Índice,68.07
2026-07-28,2005-08-01,FUNCEX12_XPT12,Exportações Preços Índice,68.56
2026-07-28,2005-09-01,FUNCEX12_XPT12,Exportações Preços Índice,69.03
2026-07-28,2005-10-01,FUNCEX12_XPT12,Exportações Preços Índice,69.8
2026-07-28,2005-11-01,FUNCEX12_XPT12,Exportações Preços Índice,70.47
2026-07-28,2005-12-01,FUNCEX12_XPT12,Exportações Preços Índice,70.5
2026-07-28,2006-01-01,FUNCEX12_XPT12,Exportações Preços Índice,70.43
2026-07-28,2006-02-01,FUNCEX12_XPT12,Exportações Preços Índice,71.68
2026-07-28,2006-03-01,FUNCEX12_XPT12,Exportações Preços Índice,72.31
2026-07-28,2006-04-01,FUNCEX12_XPT12,Exportações Preços Índice,73.2
2026-07-28,2006-05-01,FUNCEX12_XPT12,Exportações Preços Índice,74.34
2026-07-28,2006-06-01,FUNCEX12_XPT12,Exportações Preços Índice,76.07
2026-07-28,2006-07-01,FUNCEX12_XPT12,Exportações Preços Índice,77.47
2026-07-28,2006-08-01,FUNCEX12_XPT12,Exportações Preços Índice,78.19
2026-07-28,2006-09-01,FUNCEX12_XPT12,Exportações Preços Índice,78.86
2026-07-28,2006-10-01,FUNCEX12_XPT12,Exportações Preços Índice,78.65
2026-07-28,2006-11-01,FUNCEX12_XPT12,Exportações Preços Índice,77.8
2026-07-28,2006-12-01,FUNCEX12_XPT12,Exportações Preços Índice,78.82
2026-07-28,2007-01-01,FUNCEX12_XPT12,Exportações Preços Índice,78.03
2026-07-28,2007-02-01,FUNCEX12_XPT12,Exportações Preços Índice,77.62
2026-07-28,2007-03-01,FUNCEX12_XPT12,Exportações Preços Índice,79.39
2026-07-28,2007-04-01,FUNCEX12_XPT12,Exportações Preços Índice,80.19
2026-07-28,2007-05-01,FUNCEX12_XPT12,Exportações Preços Índice,81.53
2026-07-28,2007-06-01,FUNCEX12_XPT12,Exportações Preços Índice,82.22
2026-07-28,2007-07-01,FUNCEX12_XPT12,Exportações Preços Índice,83.82
2026-07-28,2007-08-01,FUNCEX12_XPT12,Exportações Preços Índice,85.35
2026-07-28,2007-09-01,FUNCEX12_XPT12,Exportações Preços Índice,85.78
2026-07-28,2007-10-01,FUNCEX12_XPT12,Exportações Preços Índice,88.26
2026-07-28,2007-11-01,FUNCEX12_XPT12,Exportações Preços Índice,89.45
2026-07-28,2007-12-01,FUNCEX12_XPT12,Exportações Preços Índice,91.67
2026-07-28,2008-01-01,FUNCEX12_XPT12,Exportações Preços Índice,94.08
2026-07-28,2008-02-01,FUNCEX12_XPT12,Exportações Preços Índice,94.44
2026-07-28,2008-03-01,FUNCEX12_XPT12,Exportações Preços Índice,96.79
2026-07-28,2008-04-01,FUNCEX12_XPT12,Exportações Preços Índice,99.38
2026-07-28,2008-05-01,FUNCEX12_XPT12,Exportações Preços Índice,104.02
2026-07-28,2008-06-01,FUNCEX12_XPT12,Exportações Preços Índice,110.89
2026-07-28,2008-07-01,FUNCEX12_XPT12,Exportações Preços Índice,116.08
2026-07-28,2008-08-01,FUNCEX12_XPT12,Exportações Preços Índice,118.95
2026-07-28,2008-09-01,FUNCEX12_XPT12,Exportações Preços Índice,116.49
2026-07-28,2008-10-01,FUNCEX12_XPT12,Exportações Preços Índice,114.23
2026-07-28,2008-11-01,FUNCEX12_XPT12,Exportações Preços Índice,105.07
2026-07-28,2008-12-01,FUNCEX12_XPT12,Exportações Preços Índice,96.06
2026-07-28,2009-01-01,FUNCEX12_XPT12,Exportações Preços Índice,90.52
2026-07-28,2009-02-01,FUNCEX12_XPT12,Exportações Preços Índice,87.34
2026-07-28,2009-03-01,FUNCEX12_XPT12,Exportações Preços Índice,87.29
2026-07-28,2009-04-01,FUNCEX12_XPT12,Exportações Preços Índice,86.57
2026-07-28,2009-05-01,FUNCEX12_XPT12,Exportações Preços Índice,86.31
2026-07-28,2009-06-01,FUNCEX12_XPT12,Exportações Preços Índice,89.89
2026-07-28,2009-07-01,FUNCEX12_XPT12,Exportações Preços Índice,90.31
2026-07-28,2009-08-01,FUNCEX12_XPT12,Exportações Preços Índice,91.11
2026-07-28,2009-09-01,FUNCEX12_XPT12,Exportações Preços Índice,94.27
2026-07-28,2009-10-01,FUNCEX12_XPT12,Exportações Preços Índice,94.83
2026-07-28,2009-11-01,FUNCEX12_XPT12,Exportações Preços Índice,96.72
2026-07-28,2009-12-01,FUNCEX12_XPT12,Exportações Preços Índice,100.14
2026-07-28,2010-01-01,FUNCEX12_XPT12,Exportações Preços Índice,100.36
2026-07-28,2010-02-01,FUNCEX12_XPT12,Exportações Preços Índice,101.1
2026-07-28,2010-03-01,FUNCEX12_XPT12,Exportações Preços Índice,101.47
2026-07-28,2010-04-01,FUNCEX12_XPT12,Exportações Preços Índice,103.57
2026-07-28,2010-05-01,FUNCEX12_XPT12,Exportações Preços Índice,108.64
2026-07-28,2010-06-01,FUNCEX12_XPT12,Exportações Preços Índice,107.74
2026-07-28,2010-07-01,FUNCEX12_XPT12,Exportações Preços Índice,110.45
2026-07-28,2010-08-01,FUNCEX12_XPT12,Exportações Preços Índice,113.77
2026-07-28,2010-09-01,FUNCEX12_XPT12,Exportações Preços Índice,116.08
2026-07-28,2010-10-01,FUNCEX12_XPT12,Exportações Preços Índice,117.14
2026-07-28,2010-11-01,FUNCEX12_XPT12,Exportações Preços Índice,119.19
2026-07-28,2010-12-01,FUNCEX12_XPT12,Exportações Preços Índice,122.67
2026-07-28,2011-01-01,FUNCEX12_XPT12,Exportações Preços Índice,125.89
2026-07-28,2011-02-01,FUNCEX12_XPT12,Exportações Preços Índice,127.02
2026-07-28,2011-03-01,FUNCEX12_XPT12,Exportações Preços Índice,130.15
2026-07-28,2011-04-01,FUNCEX12_XPT12,Exportações Preços Índice,136.31
2026-07-28,2011-05-01,FUNCEX12_XPT12,Exportações Preços Índice,139.06
2026-07-28,2011-06-01,FUNCEX12_XPT12,Exportações Preços Índice,138.72
2026-07-28,2011-07-01,FUNCEX12_XPT12,Exportações Preços Índice,139.77
2026-07-28,2011-08-01,FUNCEX12_XPT12,Exportações Preços Índice,141.82
2026-07-28,2011-09-01,FUNCEX12_XPT12,Exportações Preços Índice,141.04
2026-07-28,2011-10-01,FUNCEX12_XPT12,Exportações Preços Índice,140.4
2026-07-28,2011-11-01,FUNCEX12_XPT12,Exportações Preços Índice,136.68
2026-07-28,2011-12-01,FUNCEX12_XPT12,Exportações Preços Índice,133.27
2026-07-28,2012-01-01,FUNCEX12_XPT12,Exportações Preços Índice,129.63
2026-07-28,2012-02-01,FUNCEX12_XPT12,Exportações Preços Índice,128.66
2026-07-28,2012-03-01,FUNCEX12_XPT12,Exportações Preços Índice,130.67
2026-07-28,2012-04-01,FUNCEX12_XPT12,Exportações Preços Índice,133.19
2026-07-28,2012-05-01,FUNCEX12_XPT12,Exportações Preços Índice,133.61
2026-07-28,2012-06-01,FUNCEX12_XPT12,Exportações Preços Índice,130.73
2026-07-28,2012-07-01,FUNCEX12_XPT12,Exportações Preços Índice,128.55
2026-07-28,2012-08-01,FUNCEX12_XPT12,Exportações Preços Índice,128.59
2026-07-28,2012-09-01,FUNCEX12_XPT12,Exportações Preços Índice,127.63
2026-07-28,2012-10-01,FUNCEX12_XPT12,Exportações Preços Índice,126.03
2026-07-28,2012-11-01,FUNCEX12_XPT12,Exportações Preços Índice,125.84
2026-07-28,2012-12-01,FUNCEX12_XPT12,Exportações Preços Índice,126.32
2026-07-28,2013-01-01,FUNCEX12_XPT12,Exportações Preços Índice,126.97
2026-07-28,2013-02-01,FUNCEX12_XPT12,Exportações Preços Índice,128.11
2026-07-28,2013-03-01,FUNCEX12_XPT12,Exportações Preços Índice,129.55
2026-07-28,2013-04-01,FUNCEX12_XPT12,Exportações Preços Índice,128.09
2026-07-28,2013-05-01,FUNCEX12_XPT12,Exportações Preços Índice,127.41
2026-07-28,2013-06-01,FUNCEX12_XPT12,Exportações Preços Índice,124.62
2026-07-28,2013-07-01,FUNCEX12_XPT12,Exportações Preços Índice,122.46
2026-07-28,2013-08-01,FUNCEX12_XPT12,Exportações Preços Índice,120.42
2026-07-28,2013-09-01,FUNCEX12_XPT12,Exportações Preços Índice,123.2
2026-07-28,2013-10-01,FUNCEX12_XPT12,Exportações Preços Índice,123.28
2026-07-28,2013-11-01,FUNCEX12_XPT12,Exportações Preços Índice,122.71
2026-07-28,2013-12-01,FUNCEX12_XPT12,Exportações Preços Índice,123.56
2026-07-28,2014-01-01,FUNCEX12_XPT12,Exportações Preços Índice,123.3
2026-07-28,2014-02-01,FUNCEX12_XPT12,Exportações Preços Índice,119.9
2026-07-28,2014-03-01,FUNCEX12_XPT12,Exportações Preços Índice,121.24
2026-07-28,2014-04-01,FUNCEX12_XPT12,Exportações Preços Índice,120.5
2026-07-28,2014-05-01,FUNCEX12_XPT12,Exportações Preços Índice,121.7
2026-07-28,2014-06-01,FUNCEX12_XPT12,Exportações Preços Índice,122.5
2026-07-28,2014-07-01,FUNCEX12_XPT12,Exportações Preços Índice,119.98
2026-07-28,2014-08-01,FUNCEX12_XPT12,Exportações Preços Índice,119.46
2026-07-28,2014-09-01,FUNCEX12_XPT12,Exportações Preços Índice,117.46
2026-07-28,2014-10-01,FUNCEX12_XPT12,Exportações Preços Índice,114.44
2026-07-28,2014-11-01,FUNCEX12_XPT12,Exportações Preços Índice,112.4
2026-07-28,2014-12-01,FUNCEX12_XPT12,Exportações Preços Índice,108.46
2026-07-28,2015-01-01,FUNCEX12_XPT12,Exportações Preços Índice,101.79
2026-07-28,2015-02-01,FUNCEX12_XPT12,Exportações Preços Índice,98.6
2026-07-28,2015-03-01,FUNCEX12_XPT12,Exportações Preços Índice,97.09
2026-07-28,2015-04-01,FUNCEX12_XPT12,Exportações Preços Índice,93.6
2026-07-28,2015-05-01,FUNCEX12_XPT12,Exportações Preços Índice,93.11
2026-07-28,2015-06-01,FUNCEX12_XPT12,Exportações Preços Índice,93.13
2026-07-28,2015-07-01,FUNCEX12_XPT12,Exportações Preços Índice,93.34
2026-07-28,2015-08-01,FUNCEX12_XPT12,Exportações Preços Índice,90.38
2026-07-28,2015-09-01,FUNCEX12_XPT12,Exportações Preços Índice,88.5
2026-07-28,2015-10-01,FUNCEX12_XPT12,Exportações Preços Índice,87.22
2026-07-28,2015-11-01,FUNCEX12_XPT12,Exportações Preços Índice,87.29
2026-07-28,2015-12-01,FUNCEX12_XPT12,Exportações Preços Índice,83.8
2026-07-28,2016-01-01,FUNCEX12_XPT12,Exportações Preços Índice,80.69
2026-07-28,2016-02-01,FUNCEX12_XPT12,Exportações Preços Índice,79.16
2026-07-28,2016-03-01,FUNCEX12_XPT12,Exportações Preços Índice,78.64
2026-07-28,2016-04-01,FUNCEX12_XPT12,Exportações Preços Índice,80.63
2026-07-28,2016-05-01,FUNCEX12_XPT12,Exportações Preços Índice,84.44
2026-07-28,2016-06-01,FUNCEX12_XPT12,Exportações Preços Índice,85.92
2026-07-28,2016-07-01,FUNCEX12_XPT12,Exportações Preços Índice,87.79
2026-07-28,2016-08-01,FUNCEX12_XPT12,Exportações Preços Índice,89.79
2026-07-28,2016-09-01,FUNCEX12_XPT12,Exportações Preços Índice,90.11
2026-07-28,2016-10-01,FUNCEX12_XPT12,Exportações Preços Índice,90.62
2026-07-28,2016-11-01,FUNCEX12_XPT12,Exportações Preços Índice,91.98
2026-07-28,2016-12-01,FUNCEX12_XPT12,Exportações Preços Índice,93.54
2026-07-28,2017-01-01,FUNCEX12_XPT12,Exportações Preços Índice,96.57
2026-07-28,2017-02-01,FUNCEX12_XPT12,Exportações Preços Índice,97.08
2026-07-28,2017-03-01,FUNCEX12_XPT12,Exportações Preços Índice,98.82
2026-07-28,2017-04-01,FUNCEX12_XPT12,Exportações Preços Índice,97.3
2026-07-28,2017-05-01,FUNCEX12_XPT12,Exportações Preços Índice,93.9
2026-07-28,2017-06-01,FUNCEX12_XPT12,Exportações Preços Índice,92.54
2026-07-28,2017-07-01,FUNCEX12_XPT12,Exportações Preços Índice,90.68
2026-07-28,2017-08-01,FUNCEX12_XPT12,Exportações Preços Índice,91.01
2026-07-28,2017-09-01,FUNCEX12_XPT12,Exportações Preços Índice,94.06
2026-07-28,2017-10-01,FUNCEX12_XPT12,Exportações Preços Índice,96.34
2026-07-28,2017-11-01,FUNCEX12_XPT12,Exportações Preços Índice,94.8
2026-07-28,2017-12-01,FUNCEX12_XPT12,Exportações Preços Índice,96.9
2026-07-28,2018-01-01,FUNCEX12_XPT12,Exportações Preços Índice,98.34
2026-07-28,2018-02-01,FUNCEX12_XPT12,Exportações Preços Índice,99.23
2026-07-28,2018-03-01,FUNCEX12_XPT12,Exportações Preços Índice,99.97
2026-07-28,2018-04-01,FUNCEX12_XPT12,Exportações Preços Índice,101.66
2026-07-28,2018-05-01,FUNCEX12_XPT12,Exportações Preços Índice,100.76
2026-07-28,2018-06-01,FUNCEX12_XPT12,Exportações Preços Índice,100.65
2026-07-28,2018-07-01,FUNCEX12_XPT12,Exportações Preços Índice,101.66
2026-07-28,2018-08-01,FUNCEX12_XPT12,Exportações Preços Índice,99.28
2026-07-28,2018-09-01,FUNCEX12_XPT12,Exportações Preços Índice,99.56
2026-07-28,2018-10-01,FUNCEX12_XPT12,Exportações Preços Índice,100.9
2026-07-28,2018-11-01,FUNCEX12_XPT12,Exportações Preços Índice,99.74
2026-07-28,2018-12-01,FUNCEX12_XPT12,Exportações Preços Índice,98.25
2026-07-28,2019-01-01,FUNCEX12_XPT12,Exportações Preços Índice,96.41
2026-07-28,2019-02-01,FUNCEX12_XPT12,Exportações Preços Índice,94.58
2026-07-28,2019-03-01,FUNCEX12_XPT12,Exportações Preços Índice,96.32
2026-07-28,2019-04-01,FUNCEX12_XPT12,Exportações Preços Índice,97.13
2026-07-28,2019-05-01,FUNCEX12_XPT12,Exportações Preços Índice,97.6
2026-07-28,2019-06-01,FUNCEX12_XPT12,Exportações Preços Índice,97.93
2026-07-28,2019-07-01,FUNCEX12_XPT12,Exportações Preços Índice,99.12
2026-07-28,2019-08-01,FUNCEX12_XPT12,Exportações Preços Índice,98.67
2026-07-28,2019-09-01,FUNCEX12_XPT12,Exportações Preços Índice,95.09
2026-07-28,2019-10-01,FUNCEX12_XPT12,Exportações Preços Índice,94.02
2026-07-28,2019-11-01,FUNCEX12_XPT12,Exportações Preços Índice,94.45
2026-07-28,2019-12-01,FUNCEX12_XPT12,Exportações Preços Índice,93.64
2026-07-28,2020-01-01,FUNCEX12_XPT12,Exportações Preços Índice,93.68
2026-07-28,2020-02-01,FUNCEX12_XPT12,Exportações Preços Índice,93.87
2026-07-28,2020-03-01,FUNCEX12_XPT12,Exportações Preços Índice,89.8
2026-07-28,2020-04-01,FUNCEX12_XPT12,Exportações Preços Índice,90.85
2026-07-28,2020-05-01,FUNCEX12_XPT12,Exportações Preços Índice,82.43
2026-07-28,2020-06-01,FUNCEX12_XPT12,Exportações Preços Índice,83.29
2026-07-28,2020-07-01,FUNCEX12_XPT12,Exportações Preços Índice,84.85
2026-07-28,2020-08-01,FUNCEX12_XPT12,Exportações Preços Índice,87.37
2026-07-28,2020-09-01,FUNCEX12_XPT12,Exportações Preços Índice,91.28
2026-07-28,2020-10-01,FUNCEX12_XPT12,Exportações Preços Índice,93.05
2026-07-28,2020-11-01,FUNCEX12_XPT12,Exportações Preços Índice,92.51
2026-07-28,2020-12-01,FUNCEX12_XPT12,Exportações Preços Índice,94.09
2026-07-28,2021-01-01,FUNCEX12_XPT12,Exportações Preços Índice,100.69
2026-07-28,2021-02-01,FUNCEX12_XPT12,Exportações Preços Índice,106.18
2026-07-28,2021-03-01,FUNCEX12_XPT12,Exportações Preços Índice,109.45
2026-07-28,2021-04-01,FUNCEX12_XPT12,Exportações Preços Índice,112.72
2026-07-28,2021-05-01,FUNCEX12_XPT12,Exportações Preços Índice,116.12
2026-07-28,2021-06-01,FUNCEX12_XPT12,Exportações Preços Índice,123.26
2026-07-28,2021-07-01,FUNCEX12_XPT12,Exportações Preços Índice,124.07
2026-07-28,2021-08-01,FUNCEX12_XPT12,Exportações Preços Índice,126.82
2026-07-28,2021-09-01,FUNCEX12_XPT12,Exportações Preços Índice,121.64
2026-07-28,2021-10-01,FUNCEX12_XPT12,Exportações Preços Índice,120.97
2026-07-28,2021-11-01,FUNCEX12_XPT12,Exportações Preços Índice,117.64
2026-07-28,2021-12-01,FUNCEX12_XPT12,Exportações Preços Índice,115.32
2026-07-28,2022-01-01,FUNCEX12_XPT12,Exportações Preços Índice,118.36
2026-07-28,2022-02-01,FUNCEX12_XPT12,Exportações Preços Índice,126.07
2026-07-28,2022-03-01,FUNCEX12_XPT12,Exportações Preços Índice,130.79
2026-07-28,2022-04-01,FUNCEX12_XPT12,Exportações Preços Índice,138.16
2026-07-28,2022-05-01,FUNCEX12_XPT12,Exportações Preços Índice,142.69
2026-07-28,2022-06-01,FUNCEX12_XPT12,Exportações Preços Índice,143.69
2026-07-28,2022-07-01,FUNCEX12_XPT12,Exportações Preços Índice,140.19
2026-07-28,2022-08-01,FUNCEX12_XPT12,Exportações Preços Índice,134.61
2026-07-28,2022-09-01,FUNCEX12_XPT12,Exportações Preços Índice,129.96
2026-07-28,2022-10-01,FUNCEX12_XPT12,Exportações Preços Índice,128.76
2026-07-28,2022-11-01,FUNCEX12_XPT12,Exportações Preços Índice,127.81
2026-07-28,2022-12-01,FUNCEX12_XPT12,Exportações Preços Índice,124.3
2026-07-28,2023-01-01,FUNCEX12_XPT12,Exportações Preços Índice,124.99
2026-07-28,2023-02-01,FUNCEX12_XPT12,Exportações Preços Índice,126.0
2026-07-28,2023-03-01,FUNCEX12_XPT12,Exportações Preços Índice,124.51
2026-07-28,2023-04-01,FUNCEX12_XPT12,Exportações Preços Índice,125.85
2026-07-28,2023-05-01,FUNCEX12_XPT12,Exportações Preços Índice,123.71
2026-07-28,2023-06-01,FUNCEX12_XPT12,Exportações Preços Índice,121.4
2026-07-28,2023-07-01,FUNCEX12_XPT12,Exportações Preços Índice,120.06
2026-07-28,2023-08-01,FUNCEX12_XPT12,Exportações Preços Índice,120.72
2026-07-28,2023-09-01,FUNCEX12_XPT12,Exportações Preços Índice,122.58
2026-07-28,2023-10-01,FUNCEX12_XPT12,Exportações Preços Índice,124.52
2026-07-28,2023-11-01,FUNCEX12_XPT12,Exportações Preços Índice,124.16
2026-07-28,2023-12-01,FUNCEX12_XPT12,Exportações Preços Índice,123.34
2026-07-28,2024-01-01,FUNCEX12_XPT12,Exportações Preços Índice,123.15
2026-07-28,2024-02-01,FUNCEX12_XPT12,Exportações Preços Índice,121.41
2026-07-28,2024-03-01,FUNCEX12_XPT12,Exportações Preços Índice,118.06
2026-07-28,2024-04-01,FUNCEX12_XPT12,Exportações Preços Índice,116.94
2026-07-28,2024-05-01,FUNCEX12_XPT12,Exportações Preços Índice,119.33
2026-07-28,2024-06-01,FUNCEX12_XPT12,Exportações Preços Índice,119.88
2026-07-28,2024-07-01,FUNCEX12_XPT12,Exportações Preços Índice,118.78
2026-07-28,2024-08-01,FUNCEX12_XPT12,Exportações Preços Índice,119.17
2026-07-28,2024-09-01,FUNCEX12_XPT12,Exportações Preços Índice,119.15
2026-07-28,2024-10-01,FUNCEX12_XPT12,Exportações Preços Índice,118.38
2026-07-28,2024-11-01,FUNCEX12_XPT12,Exportações Preços Índice,120.58
2026-07-28,2024-12-01,FUNCEX12_XPT12,Exportações Preços Índice,118.59
2026-07-28,2025-01-01,FUNCEX12_XPT12,Exportações Preços Índice,119.07
2026-07-28,2025-02-01,FUNCEX12_XPT12,Exportações Preços Índice,116.94
2026-07-28,2025-03-01,FUNCEX12_XPT12,Exportações Preços Índice,117.34
2026-07-28,2025-04-01,FUNCEX12_XPT12,Exportações Preços Índice,116.89
2026-07-28,2025-05-01,FUNCEX12_XPT12,Exportações Preços Índice,116.11
2026-07-28,2025-06-01,FUNCEX12_XPT12,Exportações Preços Índice,114.77
2026-07-28,2025-07-01,FUNCEX12_XPT12,Exportações Preços Índice,116.3
2026-07-28,2025-08-01,FUNCEX12_XPT12,Exportações Preços Índice,114.88
2026-07-28,2025-09-01,FUNCEX12_XPT12,Exportações Preços Índice,116.13
2026-07-28,2025-10-01,FUNCEX12_XPT12,Exportações Preços Índice,115.7
2026-07-28,2025-11-01,FUNCEX12_XPT12,Exportações Preços Índice,117.64
2026-07-28,2025-12-01,FUNCEX12_XPT12,Exportações Preços Índice,117.91
2026-07-28,2026-01-01,FUNCEX12_XPT12,Exportações Preços Índice,117.82
2026-07-28,2026-02-01,FUNCEX12_XPT12,Exportações Preços Índice,118.43
2026-07-28,2026-03-01,FUNCEX12_XPT12,Exportações Preços Índice,120.81
2026-07-28,2026-04-01,FUNCEX12_XPT12,Exportações Preços Índice,126.25
2026-07-28,2026-05-01,FUNCEX12_XPT12,Exportações Preços Índice,129.58
2026-07-28,1978-01-01,FUNCEX12_MDPT12,Importações Preços Índice,49.12
2026-07-28,1978-02-01,FUNCEX12_MDPT12,Importações Preços Índice,49.19
2026-07-28,1978-03-01,FUNCEX12_MDPT12,Importações Preços Índice,49.61
2026-07-28,1978-04-01,FUNCEX12_MDPT12,Importações Preços Índice,49.61
2026-07-28,1978-05-01,FUNCEX12_MDPT12,Importações Preços Índice,50.52
2026-07-28,1978-06-01,FUNCEX12_MDPT12,Importações Preços Índice,55.1
2026-07-28,1978-07-01,FUNCEX12_MDPT12,Importações Preços Índice,51.3
2026-07-28,1978-08-01,FUNCEX12_MDPT12,Importações Preços Índice,50.1
2026-07-28,1978-09-01,FUNCEX12_MDPT12,Importações Preços Índice,51.65
2026-07-28,1978-10-01,FUNCEX12_MDPT12,Importações Preços Índice,52.43
2026-07-28,1978-11-01,FUNCEX12_MDPT12,Importações Preços Índice,52.99
2026-07-28,1978-12-01,FUNCEX12_MDPT12,Importações Preços Índice,53.13
2026-07-28,1979-01-01,FUNCEX12_MDPT12,Importações Preços Índice,52.86
2026-07-28,1979-02-01,FUNCEX12_MDPT12,Importações Preços Índice,53.63
2026-07-28,1979-03-01,FUNCEX12_MDPT12,Importações Preços Índice,53.28
2026-07-28,1979-04-01,FUNCEX12_MDPT12,Importações Preços Índice,55.32
2026-07-28,1979-05-01,FUNCEX12_MDPT12,Importações Preços Índice,57.65
2026-07-28,1979-06-01,FUNCEX12_MDPT12,Importações Preços Índice,58.85
2026-07-28,1979-07-01,FUNCEX12_MDPT12,Importações Preços Índice,62.02
2026-07-28,1979-08-01,FUNCEX12_MDPT12,Importações Preços Índice,63.99
2026-07-28,1979-09-01,FUNCEX12_MDPT12,Importações Preços Índice,66.25
2026-07-28,1979-10-01,FUNCEX12_MDPT12,Importações Preços Índice,67.37
2026-07-28,1979-11-01,FUNCEX12_MDPT12,Importações Preços Índice,69.21
2026-07-28,1979-12-01,FUNCEX12_MDPT12,Importações Preços Índice,76.89
2026-07-28,1980-01-01,FUNCEX12_MDPT12,Importações Preços Índice,74.99
2026-07-28,1980-02-01,FUNCEX12_MDPT12,Importações Preços Índice,79.21
2026-07-28,1980-03-01,FUNCEX12_MDPT12,Importações Preços Índice,82.59
2026-07-28,1980-04-01,FUNCEX12_MDPT12,Importações Preços Índice,78.93
2026-07-28,1980-05-01,FUNCEX12_MDPT12,Importações Preços Índice,82.03
2026-07-28,1980-06-01,FUNCEX12_MDPT12,Importações Preços Índice,84.07
2026-07-28,1980-07-01,FUNCEX12_MDPT12,Importações Preços Índice,83.01
2026-07-28,1980-08-01,FUNCEX12_MDPT12,Importações Preços Índice,83.72
2026-07-28,1980-09-01,FUNCEX12_MDPT12,Importações Preços Índice,86.33
2026-07-28,1980-10-01,FUNCEX12_MDPT12,Importações Preços Índice,85.13
2026-07-28,1980-11-01,FUNCEX12_MDPT12,Importações Preços Índice,85.69
2026-07-28,1980-12-01,FUNCEX12_MDPT12,Importações Preços Índice,85.48
2026-07-28,1981-01-01,FUNCEX12_MDPT12,Importações Preços Índice,87.03
2026-07-28,1981-02-01,FUNCEX12_MDPT12,Importações Preços Índice,91.68
2026-07-28,1981-03-01,FUNCEX12_MDPT12,Importações Preços Índice,90.27
2026-07-28,1981-04-01,FUNCEX12_MDPT12,Importações Preços Índice,90.83
2026-07-28,1981-05-01,FUNCEX12_MDPT12,Importações Preços Índice,91.61
2026-07-28,1981-06-01,FUNCEX12_MDPT12,Importações Preços Índice,88.93
2026-07-28,1981-07-01,FUNCEX12_MDPT12,Importações Preços Índice,89.49
2026-07-28,1981-08-01,FUNCEX12_MDPT12,Importações Preços Índice,88.93
2026-07-28,1981-09-01,FUNCEX12_MDPT12,Importações Preços Índice,88.72
2026-07-28,1981-10-01,FUNCEX12_MDPT12,Importações Preços Índice,94.07
2026-07-28,1981-11-01,FUNCEX12_MDPT12,Importações Preços Índice,89.71
2026-07-28,1981-12-01,FUNCEX12_MDPT12,Importações Preços Índice,92.73
2026-07-28,1982-01-01,FUNCEX12_MDPT12,Importações Preços Índice,90.97
2026-07-28,1982-02-01,FUNCEX12_MDPT12,Importações Preços Índice,91.47
2026-07-28,1982-03-01,FUNCEX12_MDPT12,Importações Preços Índice,89.92
2026-07-28,1982-04-01,FUNCEX12_MDPT12,Importações Preços Índice,87.39
2026-07-28,1982-05-01,FUNCEX12_MDPT12,Importações Preços Índice,87.1
2026-07-28,1982-06-01,FUNCEX12_MDPT12,Importações Preços Índice,86.89
2026-07-28,1982-07-01,FUNCEX12_MDPT12,Importações Preços Índice,86.25
2026-07-28,1982-08-01,FUNCEX12_MDPT12,Importações Preços Índice,85.83
2026-07-28,1982-09-01,FUNCEX12_MDPT12,Importações Preços Índice,86.25
2026-07-28,1982-10-01,FUNCEX12_MDPT12,Importações Preços Índice,90.2
2026-07-28,1982-11-01,FUNCEX12_MDPT12,Importações Preços Índice,88.15
2026-07-28,1982-12-01,FUNCEX12_MDPT12,Importações Preços Índice,89.21
2026-07-28,1983-01-01,FUNCEX12_MDPT12,Importações Preços Índice,88.17
2026-07-28,1983-02-01,FUNCEX12_MDPT12,Importações Preços Índice,87.39
2026-07-28,1983-03-01,FUNCEX12_MDPT12,Importações Preços Índice,89.51
2026-07-28,1983-04-01,FUNCEX12_MDPT12,Importações Preços Índice,87.82
2026-07-28,1983-05-01,FUNCEX12_MDPT12,Importações Preços Índice,84.08
2026-07-28,1983-06-01,FUNCEX12_MDPT12,Importações Preços Índice,82.04
2026-07-28,1983-07-01,FUNCEX12_MDPT12,Importações Preços Índice,80.98
2026-07-28,1983-08-01,FUNCEX12_MDPT12,Importações Preços Índice,81.54
2026-07-28,1983-09-01,FUNCEX12_MDPT12,Importações Preços Índice,84.57
2026-07-28,1983-10-01,FUNCEX12_MDPT12,Importações Preços Índice,81.9
2026-07-28,1983-11-01,FUNCEX12_MDPT12,Importações Preços Índice,82.95
2026-07-28,1983-12-01,FUNCEX12_MDPT12,Importações Preços Índice,86.62
2026-07-28,1984-01-01,FUNCEX12_MDPT12,Importações Preços Índice,83.72
2026-07-28,1984-02-01,FUNCEX12_MDPT12,Importações Preços Índice,81.39
2026-07-28,1984-03-01,FUNCEX12_MDPT12,Importações Preços Índice,82.73
2026-07-28,1984-04-01,FUNCEX12_MDPT12,Importações Preços Índice,83.86
2026-07-28,1984-05-01,FUNCEX12_MDPT12,Importações Preços Índice,83.23
2026-07-28,1984-06-01,FUNCEX12_MDPT12,Importações Preços Índice,84.57
2026-07-28,1984-07-01,FUNCEX12_MDPT12,Importações Preços Índice,83.16
2026-07-28,1984-08-01,FUNCEX12_MDPT12,Importações Preços Índice,82.87
2026-07-28,1984-09-01,FUNCEX12_MDPT12,Importações Preços Índice,80.05
2026-07-28,1984-10-01,FUNCEX12_MDPT12,Importações Preços Índice,83.37
2026-07-28,1984-11-01,FUNCEX12_MDPT12,Importações Preços Índice,82.52
2026-07-28,1984-12-01,FUNCEX12_MDPT12,Importações Preços Índice,81.47
2026-07-28,1985-01-01,FUNCEX12_MDPT12,Importações Preços Índice,80.68
2026-07-28,1985-02-01,FUNCEX12_MDPT12,Importações Preços Índice,79.63
2026-07-28,1985-03-01,FUNCEX12_MDPT12,Importações Preços Índice,79.84
2026-07-28,1985-04-01,FUNCEX12_MDPT12,Importações Preços Índice,79.14
2026-07-28,1985-05-01,FUNCEX12_MDPT12,Importações Preços Índice,80.76
2026-07-28,1985-06-01,FUNCEX12_MDPT12,Importações Preços Índice,81.74
2026-07-28,1985-07-01,FUNCEX12_MDPT12,Importações Preços Índice,80.68
2026-07-28,1985-08-01,FUNCEX12_MDPT12,Importações Preços Índice,80.76
2026-07-28,1985-09-01,FUNCEX12_MDPT12,Importações Preços Índice,79.84
2026-07-28,1985-10-01,FUNCEX12_MDPT12,Importações Preços Índice,81.32
2026-07-28,1985-11-01,FUNCEX12_MDPT12,Importações Preços Índice,80.05
2026-07-28,1985-12-01,FUNCEX12_MDPT12,Importações Preços Índice,78.64
2026-07-28,1986-01-01,FUNCEX12_MDPT12,Importações Preços Índice,68.93
2026-07-28,1986-02-01,FUNCEX12_MDPT12,Importações Preços Índice,68.93
2026-07-28,1986-03-01,FUNCEX12_MDPT12,Importações Preços Índice,66.6
2026-07-28,1986-04-01,FUNCEX12_MDPT12,Importações Preços Índice,64.21
2026-07-28,1986-05-01,FUNCEX12_MDPT12,Importações Preços Índice,59.98
2026-07-28,1986-06-01,FUNCEX12_MDPT12,Importações Preços Índice,58.36
2026-07-28,1986-07-01,FUNCEX12_MDPT12,Importações Preços Índice,79.22
2026-07-28,1986-08-01,FUNCEX12_MDPT12,Importações Preços Índice,78.52
2026-07-28,1986-09-01,FUNCEX12_MDPT12,Importações Preços Índice,58.01
2026-07-28,1986-10-01,FUNCEX12_MDPT12,Importações Preços Índice,60.26
2026-07-28,1986-11-01,FUNCEX12_MDPT12,Importações Preços Índice,59.98
2026-07-28,1986-12-01,FUNCEX12_MDPT12,Importações Preços Índice,61.81
2026-07-28,1987-01-01,FUNCEX12_MDPT12,Importações Preços Índice,66.38
2026-07-28,1987-02-01,FUNCEX12_MDPT12,Importações Preços Índice,70.33
2026-07-28,1987-03-01,FUNCEX12_MDPT12,Importações Preços Índice,74.21
2026-07-28,1987-04-01,FUNCEX12_MDPT12,Importações Preços Índice,73.43
2026-07-28,1987-05-01,FUNCEX12_MDPT12,Importações Preços Índice,71.95
2026-07-28,1987-06-01,FUNCEX12_MDPT12,Importações Preços Índice,74.13
2026-07-28,1987-07-01,FUNCEX12_MDPT12,Importações Preços Índice,72.23
2026-07-28,1987-08-01,FUNCEX12_MDPT12,Importações Preços Índice,76.18
2026-07-28,1987-09-01,FUNCEX12_MDPT12,Importações Preços Índice,74.84
2026-07-28,1987-10-01,FUNCEX12_MDPT12,Importações Preços Índice,75.05
2026-07-28,1987-11-01,FUNCEX12_MDPT12,Importações Preços Índice,76.88
2026-07-28,1987-12-01,FUNCEX12_MDPT12,Importações Preços Índice,76.67
2026-07-28,1988-01-01,FUNCEX12_MDPT12,Importações Preços Índice,77.59
2026-07-28,1988-02-01,FUNCEX12_MDPT12,Importações Preços Índice,78.29
2026-07-28,1988-03-01,FUNCEX12_MDPT12,Importações Preços Índice,75.55
2026-07-28,1988-04-01,FUNCEX12_MDPT12,Importações Preços Índice,74.21
2026-07-28,1988-05-01,FUNCEX12_MDPT12,Importações Preços Índice,75.47
2026-07-28,1988-06-01,FUNCEX12_MDPT12,Importações Preços Índice,77.03
2026-07-28,1988-07-01,FUNCEX12_MDPT12,Importações Preços Índice,76.46
2026-07-28,1988-08-01,FUNCEX12_MDPT12,Importações Preços Índice,74.49
2026-07-28,1988-09-01,FUNCEX12_MDPT12,Importações Preços Índice,74.77
2026-07-28,1988-10-01,FUNCEX12_MDPT12,Importações Preços Índice,74.35
2026-07-28,1988-11-01,FUNCEX12_MDPT12,Importações Preços Índice,74.13
2026-07-28,1988-12-01,FUNCEX12_MDPT12,Importações Preços Índice,77.52
2026-07-28,1989-01-01,FUNCEX12_MDPT12,Importações Preços Índice,77.43
2026-07-28,1989-02-01,FUNCEX12_MDPT12,Importações Preços Índice,78.35
2026-07-28,1989-03-01,FUNCEX12_MDPT12,Importações Preços Índice,82.15
2026-07-28,1989-04-01,FUNCEX12_MDPT12,Importações Preços Índice,83.07
2026-07-28,1989-05-01,FUNCEX12_MDPT12,Importações Preços Índice,84.76
2026-07-28,1989-06-01,FUNCEX12_MDPT12,Importações Preços Índice,82.51
2026-07-28,1989-07-01,FUNCEX12_MDPT12,Importações Preços Índice,81.81
2026-07-28,1989-08-01,FUNCEX12_MDPT12,Importações Preços Índice,80.67
2026-07-28,1989-09-01,FUNCEX12_MDPT12,Importações Preços Índice,80.96
2026-07-28,1989-10-01,FUNCEX12_MDPT12,Importações Preços Índice,81.1
2026-07-28,1989-11-01,FUNCEX12_MDPT12,Importações Preços Índice,82.01
2026-07-28,1989-12-01,FUNCEX12_MDPT12,Importações Preços Índice,81.38
2026-07-28,1990-01-01,FUNCEX12_MDPT12,Importações Preços Índice,84.42
2026-07-28,1990-02-01,FUNCEX12_MDPT12,Importações Preços Índice,85.62
2026-07-28,1990-03-01,FUNCEX12_MDPT12,Importações Preços Índice,84.42
2026-07-28,1990-04-01,FUNCEX12_MDPT12,Importações Preços Índice,83.85
2026-07-28,1990-05-01,FUNCEX12_MDPT12,Importações Preços Índice,81.18
2026-07-28,1990-06-01,FUNCEX12_MDPT12,Importações Preços Índice,85.26
2026-07-28,1990-07-01,FUNCEX12_MDPT12,Importações Preços Índice,81.95
2026-07-28,1990-08-01,FUNCEX12_MDPT12,Importações Preços Índice,85.76
2026-07-28,1990-09-01,FUNCEX12_MDPT12,Importações Preços Índice,94.06
2026-07-28,1990-10-01,FUNCEX12_MDPT12,Importações Preços Índice,100.13
2026-07-28,1990-11-01,FUNCEX12_MDPT12,Importações Preços Índice,96.96
2026-07-28,1990-12-01,FUNCEX12_MDPT12,Importações Preços Índice,92.58
2026-07-28,1991-01-01,FUNCEX12_MDPT12,Importações Preços Índice,90.42
2026-07-28,1991-02-01,FUNCEX12_MDPT12,Importações Preços Índice,89.08
2026-07-28,1991-03-01,FUNCEX12_MDPT12,Importações Preços Índice,83.16
2026-07-28,1991-04-01,FUNCEX12_MDPT12,Importações Preços Índice,80.97
2026-07-28,1991-05-01,FUNCEX12_MDPT12,Importações Preços Índice,81.19
2026-07-28,1991-06-01,FUNCEX12_MDPT12,Importações Preços Índice,81.19
2026-07-28,1991-07-01,FUNCEX12_MDPT12,Importações Preços Índice,77.87
2026-07-28,1991-08-01,FUNCEX12_MDPT12,Importações Preços Índice,75.47
2026-07-28,1991-09-01,FUNCEX12_MDPT12,Importações Preços Índice,78.15
2026-07-28,1991-10-01,FUNCEX12_MDPT12,Importações Preços Índice,78.65
2026-07-28,1991-11-01,FUNCEX12_MDPT12,Importações Preços Índice,81.26
2026-07-28,1991-12-01,FUNCEX12_MDPT12,Importações Preços Índice,82.1
2026-07-28,1992-01-01,FUNCEX12_MDPT12,Importações Preços Índice,78.64
2026-07-28,1992-02-01,FUNCEX12_MDPT12,Importações Preços Índice,79.06
2026-07-28,1992-03-01,FUNCEX12_MDPT12,Importações Preços Índice,77.58
2026-07-28,1992-04-01,FUNCEX12_MDPT12,Importações Preços Índice,76.6
2026-07-28,1992-05-01,FUNCEX12_MDPT12,Importações Preços Índice,76.24
2026-07-28,1992-06-01,FUNCEX12_MDPT12,Importações Preços Índice,79.7
2026-07-28,1992-07-01,FUNCEX12_MDPT12,Importações Preços Índice,79.14
2026-07-28,1992-08-01,FUNCEX12_MDPT12,Importações Preços Índice,75.54
2026-07-28,1992-09-01,FUNCEX12_MDPT12,Importações Preços Índice,77.66
2026-07-28,1992-10-01,FUNCEX12_MDPT12,Importações Preços Índice,75.82
2026-07-28,1992-11-01,FUNCEX12_MDPT12,Importações Preços Índice,74.62
2026-07-28,1992-12-01,FUNCEX12_MDPT12,Importações Preços Índice,78.36
2026-07-28,1993-01-01,FUNCEX12_MDPT12,Importações Preços Índice,72.87
2026-07-28,1993-02-01,FUNCEX12_MDPT12,Importações Preços Índice,74.28
2026-07-28,1993-03-01,FUNCEX12_MDPT12,Importações Preços Índice,74.07
2026-07-28,1993-04-01,FUNCEX12_MDPT12,Importações Preços Índice,71.89
2026-07-28,1993-05-01,FUNCEX12_MDPT12,Importações Preços Índice,73.57
2026-07-28,1993-06-01,FUNCEX12_MDPT12,Importações Preços Índice,72.03
2026-07-28,1993-07-01,FUNCEX12_MDPT12,Importações Preços Índice,69.91
2026-07-28,1993-08-01,FUNCEX12_MDPT12,Importações Preços Índice,68.15
2026-07-28,1993-09-01,FUNCEX12_MDPT12,Importações Preços Índice,67.73
2026-07-28,1993-10-01,FUNCEX12_MDPT12,Importações Preços Índice,70.27
2026-07-28,1993-11-01,FUNCEX12_MDPT12,Importações Preços Índice,69.35
2026-07-28,1993-12-01,FUNCEX12_MDPT12,Importações Preços Índice,65.12
2026-07-28,1994-01-01,FUNCEX12_MDPT12,Importações Preços Índice,66.6
2026-07-28,1994-02-01,FUNCEX12_MDPT12,Importações Preços Índice,67.09
2026-07-28,1994-03-01,FUNCEX12_MDPT12,Importações Preços Índice,67.09
2026-07-28,1994-04-01,FUNCEX12_MDPT12,Importações Preços Índice,67.87
2026-07-28,1994-05-01,FUNCEX12_MDPT12,Importações Preços Índice,69.41
2026-07-28,1994-06-01,FUNCEX12_MDPT12,Importações Preços Índice,67.51
2026-07-28,1994-07-01,FUNCEX12_MDPT12,Importações Preços Índice,70.41
2026-07-28,1994-08-01,FUNCEX12_MDPT12,Importações Preços Índice,70.61
2026-07-28,1994-09-01,FUNCEX12_MDPT12,Importações Preços Índice,70.26
2026-07-28,1994-10-01,FUNCEX12_MDPT12,Importações Preços Índice,69.27
2026-07-28,1994-11-01,FUNCEX12_MDPT12,Importações Preços Índice,66.53
2026-07-28,1994-12-01,FUNCEX12_MDPT12,Importações Preços Índice,69.98
2026-07-28,1995-01-01,FUNCEX12_MDPT12,Importações Preços Índice,69.48
2026-07-28,1995-02-01,FUNCEX12_MDPT12,Importações Preços Índice,66.24
2026-07-28,1995-03-01,FUNCEX12_MDPT12,Importações Preços Índice,69.06
2026-07-28,1995-04-01,FUNCEX12_MDPT12,Importações Preços Índice,70.96
2026-07-28,1995-05-01,FUNCEX12_MDPT12,Importações Preços Índice,71.94
2026-07-28,1995-06-01,FUNCEX12_MDPT12,Importações Preços Índice,69.27
2026-07-28,1995-07-01,FUNCEX12_MDPT12,Importações Preços Índice,71.46
2026-07-28,1995-08-01,FUNCEX12_MDPT12,Importações Preços Índice,70.4
2026-07-28,1995-09-01,FUNCEX12_MDPT12,Importações Preços Índice,69.55
2026-07-28,1995-10-01,FUNCEX12_MDPT12,Importações Preços Índice,70.74
2026-07-28,1995-11-01,FUNCEX12_MDPT12,Importações Preços Índice,70.74
2026-07-28,1995-12-01,FUNCEX12_MDPT12,Importações Preços Índice,71.66
2026-07-28,1996-01-01,FUNCEX12_MDPT12,Importações Preços Índice,71.44
2026-07-28,1996-02-01,FUNCEX12_MDPT12,Importações Preços Índice,72.71
2026-07-28,1996-03-01,FUNCEX12_MDPT12,Importações Preços Índice,71.09
2026-07-28,1996-04-01,FUNCEX12_MDPT12,Importações Preços Índice,71.37
2026-07-28,1996-05-01,FUNCEX12_MDPT12,Importações Preços Índice,71.44
2026-07-28,1996-06-01,FUNCEX12_MDPT12,Importações Preços Índice,71.3
2026-07-28,1996-07-01,FUNCEX12_MDPT12,Importações Preços Índice,68.69
2026-07-28,1996-08-01,FUNCEX12_MDPT12,Importações Preços Índice,69.61
2026-07-28,1996-09-01,FUNCEX12_MDPT12,Importações Preços Índice,70.67
2026-07-28,1996-10-01,FUNCEX12_MDPT12,Importações Preços Índice,69.68
2026-07-28,1996-11-01,FUNCEX12_MDPT12,Importações Preços Índice,68.34
2026-07-28,1996-12-01,FUNCEX12_MDPT12,Importações Preços Índice,69.12
2026-07-28,1997-01-01,FUNCEX12_MDPT12,Importações Preços Índice,68.28
2026-07-28,1997-02-01,FUNCEX12_MDPT12,Importações Preços Índice,68.84
2026-07-28,1997-03-01,FUNCEX12_MDPT12,Importações Preços Índice,68.01
2026-07-28,1997-04-01,FUNCEX12_MDPT12,Importações Preços Índice,68.95
2026-07-28,1997-05-01,FUNCEX12_MDPT12,Importações Preços Índice,65.93
2026-07-28,1997-06-01,FUNCEX12_MDPT12,Importações Preços Índice,67.44
2026-07-28,1997-07-01,FUNCEX12_MDPT12,Importações Preços Índice,66.08
2026-07-28,1997-08-01,FUNCEX12_MDPT12,Importações Preços Índice,66.07
2026-07-28,1997-09-01,FUNCEX12_MDPT12,Importações Preços Índice,65.61
2026-07-28,1997-10-01,FUNCEX12_MDPT12,Importações Preços Índice,66.4
2026-07-28,1997-11-01,FUNCEX12_MDPT12,Importações Preços Índice,66.45
2026-07-28,1997-12-01,FUNCEX12_MDPT12,Importações Preços Índice,67.56
2026-07-28,1998-01-01,FUNCEX12_MDPT12,Importações Preços Índice,65.7
2026-07-28,1998-02-01,FUNCEX12_MDPT12,Importações Preços Índice,65.01
2026-07-28,1998-03-01,FUNCEX12_MDPT12,Importações Preços Índice,64.17
2026-07-28,1998-04-01,FUNCEX12_MDPT12,Importações Preços Índice,63.22
2026-07-28,1998-05-01,FUNCEX12_MDPT12,Importações Preços Índice,63.82
2026-07-28,1998-06-01,FUNCEX12_MDPT12,Importações Preços Índice,62.63
2026-07-28,1998-07-01,FUNCEX12_MDPT12,Importações Preços Índice,62.93
2026-07-28,1998-08-01,FUNCEX12_MDPT12,Importações Preços Índice,62.64
2026-07-28,1998-09-01,FUNCEX12_MDPT12,Importações Preços Índice,61.31
2026-07-28,1998-10-01,FUNCEX12_MDPT12,Importações Preços Índice,63.12
2026-07-28,1998-11-01,FUNCEX12_MDPT12,Importações Preços Índice,63.6
2026-07-28,1998-12-01,FUNCEX12_MDPT12,Importações Preços Índice,63.41
2026-07-28,1999-01-01,FUNCEX12_MDPT12,Importações Preços Índice,63.32
2026-07-28,1999-02-01,FUNCEX12_MDPT12,Importações Preços Índice,64.77
2026-07-28,1999-03-01,FUNCEX12_MDPT12,Importações Preços Índice,62.72
2026-07-28,1999-04-01,FUNCEX12_MDPT12,Importações Preços Índice,63.25
2026-07-28,1999-05-01,FUNCEX12_MDPT12,Importações Preços Índice,63.62
2026-07-28,1999-06-01,FUNCEX12_MDPT12,Importações Preços Índice,62.45
2026-07-28,1999-07-01,FUNCEX12_MDPT12,Importações Preços Índice,62.33
2026-07-28,1999-08-01,FUNCEX12_MDPT12,Importações Preços Índice,63.51
2026-07-28,1999-09-01,FUNCEX12_MDPT12,Importações Preços Índice,62.72
2026-07-28,1999-10-01,FUNCEX12_MDPT12,Importações Preços Índice,63.9
2026-07-28,1999-11-01,FUNCEX12_MDPT12,Importações Preços Índice,63.33
2026-07-28,1999-12-01,FUNCEX12_MDPT12,Importações Preços Índice,64.23
2026-07-28,2000-01-01,FUNCEX12_MDPT12,Importações Preços Índice,66.13
2026-07-28,2000-02-01,FUNCEX12_MDPT12,Importações Preços Índice,61.95
2026-07-28,2000-03-01,FUNCEX12_MDPT12,Importações Preços Índice,62.86
2026-07-28,2000-04-01,FUNCEX12_MDPT12,Importações Preços Índice,63.1
2026-07-28,2000-05-01,FUNCEX12_MDPT12,Importações Preços Índice,62.36
2026-07-28,2000-06-01,FUNCEX12_MDPT12,Importações Preços Índice,63.47
2026-07-28,2000-07-01,FUNCEX12_MDPT12,Importações Preços Índice,63.48
2026-07-28,2000-08-01,FUNCEX12_MDPT12,Importações Preços Índice,62.25
2026-07-28,2000-09-01,FUNCEX12_MDPT12,Importações Preços Índice,63.16
2026-07-28,2000-10-01,FUNCEX12_MDPT12,Importações Preços Índice,64.97
2026-07-28,2000-11-01,FUNCEX12_MDPT12,Importações Preços Índice,63.48
2026-07-28,2000-12-01,FUNCEX12_MDPT12,Importações Preços Índice,64.25
2026-07-28,2001-01-01,FUNCEX12_MDPT12,Importações Preços Índice,63.59
2026-07-28,2001-02-01,FUNCEX12_MDPT12,Importações Preços Índice,62.62
2026-07-28,2001-03-01,FUNCEX12_MDPT12,Importações Preços Índice,61.61
2026-07-28,2001-04-01,FUNCEX12_MDPT12,Importações Preços Índice,61.51
2026-07-28,2001-05-01,FUNCEX12_MDPT12,Importações Preços Índice,61.62
2026-07-28,2001-06-01,FUNCEX12_MDPT12,Importações Preços Índice,62.11
2026-07-28,2001-07-01,FUNCEX12_MDPT12,Importações Preços Índice,61.47
2026-07-28,2001-08-01,FUNCEX12_MDPT12,Importações Preços Índice,60.48
2026-07-28,2001-09-01,FUNCEX12_MDPT12,Importações Preços Índice,62.02
2026-07-28,2001-10-01,FUNCEX12_MDPT12,Importações Preços Índice,61.6
2026-07-28,2001-11-01,FUNCEX12_MDPT12,Importações Preços Índice,58.85
2026-07-28,2001-12-01,FUNCEX12_MDPT12,Importações Preços Índice,59.2
2026-07-28,2002-01-01,FUNCEX12_MDPT12,Importações Preços Índice,58.54
2026-07-28,2002-02-01,FUNCEX12_MDPT12,Importações Preços Índice,57.46
2026-07-28,2002-03-01,FUNCEX12_MDPT12,Importações Preços Índice,56.55
2026-07-28,2002-04-01,FUNCEX12_MDPT12,Importações Preços Índice,57.45
2026-07-28,2002-05-01,FUNCEX12_MDPT12,Importações Preços Índice,58.29
2026-07-28,2002-06-01,FUNCEX12_MDPT12,Importações Preços Índice,58.74
2026-07-28,2002-07-01,FUNCEX12_MDPT12,Importações Preços Índice,59.52
2026-07-28,2002-08-01,FUNCEX12_MDPT12,Importações Preços Índice,60.59
2026-07-28,2002-09-01,FUNCEX12_MDPT12,Importações Preços Índice,61.13
2026-07-28,2002-10-01,FUNCEX12_MDPT12,Importações Preços Índice,61.7
2026-07-28,2002-11-01,FUNCEX12_MDPT12,Importações Preços Índice,60.67
2026-07-28,2002-12-01,FUNCEX12_MDPT12,Importações Preços Índice,62.09
2026-07-28,2003-01-01,FUNCEX12_MDPT12,Importações Preços Índice,62.06
2026-07-28,2003-02-01,FUNCEX12_MDPT12,Importações Preços Índice,64.23
2026-07-28,2003-03-01,FUNCEX12_MDPT12,Importações Preços Índice,63.9
2026-07-28,2003-04-01,FUNCEX12_MDPT12,Importações Preços Índice,62.78
2026-07-28,2003-05-01,FUNCEX12_MDPT12,Importações Preços Índice,62.29
2026-07-28,2003-06-01,FUNCEX12_MDPT12,Importações Preços Índice,61.85
2026-07-28,2003-07-01,FUNCEX12_MDPT12,Importações Preços Índice,62.22
2026-07-28,2003-08-01,FUNCEX12_MDPT12,Importações Preços Índice,62.84
2026-07-28,2003-09-01,FUNCEX12_MDPT12,Importações Preços Índice,62.96
2026-07-28,2003-10-01,FUNCEX12_MDPT12,Importações Preços Índice,62.17
2026-07-28,2003-11-01,FUNCEX12_MDPT12,Importações Preços Índice,63.2
2026-07-28,2003-12-01,FUNCEX12_MDPT12,Importações Preços Índice,64.21
2026-07-28,2004-01-01,FUNCEX12_MDPT12,Importações Preços Índice,64.51
2026-07-28,2004-02-01,FUNCEX12_MDPT12,Importações Preços Índice,66.54
2026-07-28,2004-03-01,FUNCEX12_MDPT12,Importações Preços Índice,66.63
2026-07-28,2004-04-01,FUNCEX12_MDPT12,Importações Preços Índice,67.24
2026-07-28,2004-05-01,FUNCEX12_MDPT12,Importações Preços Índice,67.79
2026-07-28,2004-06-01,FUNCEX12_MDPT12,Importações Preços Índice,71.03
2026-07-28,2004-07-01,FUNCEX12_MDPT12,Importações Preços Índice,69.72
2026-07-28,2004-08-01,FUNCEX12_MDPT12,Importações Preços Índice,70.89
2026-07-28,2004-09-01,FUNCEX12_MDPT12,Importações Preços Índice,70.78
2026-07-28,2004-10-01,FUNCEX12_MDPT12,Importações Preços Índice,74.43
2026-07-28,2004-11-01,FUNCEX12_MDPT12,Importações Preços Índice,72.92
2026-07-28,2004-12-01,FUNCEX12_MDPT12,Importações Preços Índice,72.73
2026-07-28,2005-01-01,FUNCEX12_MDPT12,Importações Preços Índice,72.85
2026-07-28,2005-02-01,FUNCEX12_MDPT12,Importações Preços Índice,73.52
2026-07-28,2005-03-01,FUNCEX12_MDPT12,Importações Preços Índice,74.5
2026-07-28,2005-04-01,FUNCEX12_MDPT12,Importações Preços Índice,76.9
2026-07-28,2005-05-01,FUNCEX12_MDPT12,Importações Preços Índice,76.92
2026-07-28,2005-06-01,FUNCEX12_MDPT12,Importações Preços Índice,77.69
2026-07-28,2005-07-01,FUNCEX12_MDPT12,Importações Preços Índice,77.28
2026-07-28,2005-08-01,FUNCEX12_MDPT12,Importações Preços Índice,79.31
2026-07-28,2005-09-01,FUNCEX12_MDPT12,Importações Preços Índice,79.31
2026-07-28,2005-10-01,FUNCEX12_MDPT12,Importações Preços Índice,80.97
2026-07-28,2005-11-01,FUNCEX12_MDPT12,Importações Preços Índice,80.15
2026-07-28,2005-12-01,FUNCEX12_MDPT12,Importações Preços Índice,79.49
2026-07-28,2006-01-01,FUNCEX12_MDPT12,Importações Preços Índice,79.34
2026-07-28,2006-02-01,FUNCEX12_MDPT12,Importações Preços Índice,79.61
2026-07-28,2006-03-01,FUNCEX12_MDPT12,Importações Preços Índice,82.02
2026-07-28,2006-04-01,FUNCEX12_MDPT12,Importações Preços Índice,82.48
2026-07-28,2006-05-01,FUNCEX12_MDPT12,Importações Preços Índice,83.83
2026-07-28,2006-06-01,FUNCEX12_MDPT12,Importações Preços Índice,84.39
2026-07-28,2006-07-01,FUNCEX12_MDPT12,Importações Preços Índice,83.32
2026-07-28,2006-08-01,FUNCEX12_MDPT12,Importações Preços Índice,84.49
2026-07-28,2006-09-01,FUNCEX12_MDPT12,Importações Preços Índice,84.0
2026-07-28,2006-10-01,FUNCEX12_MDPT12,Importações Preços Índice,83.3
2026-07-28,2006-11-01,FUNCEX12_MDPT12,Importações Preços Índice,83.2
2026-07-28,2006-12-01,FUNCEX12_MDPT12,Importações Preços Índice,81.96
2026-07-28,2007-01-01,FUNCEX12_MDPT12,Importações Preços Índice,81.61
2026-07-28,2007-02-01,FUNCEX12_MDPT12,Importações Preços Índice,82.53
2026-07-28,2007-03-01,FUNCEX12_MDPT12,Importações Preços Índice,81.91
2026-07-28,2007-04-01,FUNCEX12_MDPT12,Importações Preços Índice,85.45
2026-07-28,2007-05-01,FUNCEX12_MDPT12,Importações Preços Índice,86.92
2026-07-28,2007-06-01,FUNCEX12_MDPT12,Importações Preços Índice,88.59
2026-07-28,2007-07-01,FUNCEX12_MDPT12,Importações Preços Índice,89.18
2026-07-28,2007-08-01,FUNCEX12_MDPT12,Importações Preços Índice,90.84
2026-07-28,2007-09-01,FUNCEX12_MDPT12,Importações Preços Índice,90.74
2026-07-28,2007-10-01,FUNCEX12_MDPT12,Importações Preços Índice,91.48
2026-07-28,2007-11-01,FUNCEX12_MDPT12,Importações Preços Índice,93.69
2026-07-28,2007-12-01,FUNCEX12_MDPT12,Importações Preços Índice,95.01
2026-07-28,2008-01-01,FUNCEX12_MDPT12,Importações Preços Índice,96.22
2026-07-28,2008-02-01,FUNCEX12_MDPT12,Importações Preços Índice,100.14
2026-07-28,2008-03-01,FUNCEX12_MDPT12,Importações Preços Índice,103.03
2026-07-28,2008-04-01,FUNCEX12_MDPT12,Importações Preços Índice,107.07
2026-07-28,2008-05-01,FUNCEX12_MDPT12,Importações Preços Índice,107.31
2026-07-28,2008-06-01,FUNCEX12_MDPT12,Importações Preços Índice,112.24
2026-07-28,2008-07-01,FUNCEX12_MDPT12,Importações Preços Índice,116.22
2026-07-28,2008-08-01,FUNCEX12_MDPT12,Importações Preços Índice,115.47
2026-07-28,2008-09-01,FUNCEX12_MDPT12,Importações Preços Índice,114.93
2026-07-28,2008-10-01,FUNCEX12_MDPT12,Importações Preços Índice,110.52
2026-07-28,2008-11-01,FUNCEX12_MDPT12,Importações Preços Índice,106.86
2026-07-28,2008-12-01,FUNCEX12_MDPT12,Importações Preços Índice,99.76
2026-07-28,2009-01-01,FUNCEX12_MDPT12,Importações Preços Índice,101.57
2026-07-28,2009-02-01,FUNCEX12_MDPT12,Importações Preços Índice,94.73
2026-07-28,2009-03-01,FUNCEX12_MDPT12,Importações Preços Índice,94.76
2026-07-28,2009-04-01,FUNCEX12_MDPT12,Importações Preços Índice,93.19
2026-07-28,2009-05-01,FUNCEX12_MDPT12,Importações Preços Índice,93.23
2026-07-28,2009-06-01,FUNCEX12_MDPT12,Importações Preços Índice,95.63
2026-07-28,2009-07-01,FUNCEX12_MDPT12,Importações Preços Índice,96.22
2026-07-28,2009-08-01,FUNCEX12_MDPT12,Importações Preços Índice,96.12
2026-07-28,2009-09-01,FUNCEX12_MDPT12,Importações Preços Índice,96.19
2026-07-28,2009-10-01,FUNCEX12_MDPT12,Importações Preços Índice,96.78
2026-07-28,2009-11-01,FUNCEX12_MDPT12,Importações Preços Índice,96.95
2026-07-28,2009-12-01,FUNCEX12_MDPT12,Importações Preços Índice,95.99
2026-07-28,2010-01-01,FUNCEX12_MDPT12,Importações Preços Índice,94.87
2026-07-28,2010-02-01,FUNCEX12_MDPT12,Importações Preços Índice,97.46
2026-07-28,2010-03-01,FUNCEX12_MDPT12,Importações Preços Índice,96.71
2026-07-28,2010-04-01,FUNCEX12_MDPT12,Importações Preços Índice,99.05
2026-07-28,2010-05-01,FUNCEX12_MDPT12,Importações Preços Índice,100.55
2026-07-28,2010-06-01,FUNCEX12_MDPT12,Importações Preços Índice,100.16
2026-07-28,2010-07-01,FUNCEX12_MDPT12,Importações Preços Índice,98.33
2026-07-28,2010-08-01,FUNCEX12_MDPT12,Importações Preços Índice,100.86
2026-07-28,2010-09-01,FUNCEX12_MDPT12,Importações Preços Índice,98.85
2026-07-28,2010-10-01,FUNCEX12_MDPT12,Importações Preços Índice,100.55
2026-07-28,2010-11-01,FUNCEX12_MDPT12,Importações Preços Índice,102.31
2026-07-28,2010-12-01,FUNCEX12_MDPT12,Importações Preços Índice,102.59
2026-07-28,2011-01-01,FUNCEX12_MDPT12,Importações Preços Índice,105.67
2026-07-28,2011-02-01,FUNCEX12_MDPT12,Importações Preços Índice,107.5
2026-07-28,2011-03-01,FUNCEX12_MDPT12,Importações Preços Índice,111.6
2026-07-28,2011-04-01,FUNCEX12_MDPT12,Importações Preços Índice,115.61
2026-07-28,2011-05-01,FUNCEX12_MDPT12,Importações Preços Índice,116.64
2026-07-28,2011-06-01,FUNCEX12_MDPT12,Importações Preços Índice,115.89
2026-07-28,2011-07-01,FUNCEX12_MDPT12,Importações Preços Índice,116.36
2026-07-28,2011-08-01,FUNCEX12_MDPT12,Importações Preços Índice,117.74
2026-07-28,2011-09-01,FUNCEX12_MDPT12,Importações Preços Índice,115.43
2026-07-28,2011-10-01,FUNCEX12_MDPT12,Importações Preços Índice,114.91
2026-07-28,2011-11-01,FUNCEX12_MDPT12,Importações Preços Índice,115.12
2026-07-28,2011-12-01,FUNCEX12_MDPT12,Importações Preços Índice,116.25
2026-07-28,2012-01-01,FUNCEX12_MDPT12,Importações Preços Índice,113.98
2026-07-28,2012-02-01,FUNCEX12_MDPT12,Importações Preços Índice,115.38
2026-07-28,2012-03-01,FUNCEX12_MDPT12,Importações Preços Índice,117.41
2026-07-28,2012-04-01,FUNCEX12_MDPT12,Importações Preços Índice,118.73
2026-07-28,2012-05-01,FUNCEX12_MDPT12,Importações Preços Índice,117.51
2026-07-28,2012-06-01,FUNCEX12_MDPT12,Importações Preços Índice,114.69
2026-07-28,2012-07-01,FUNCEX12_MDPT12,Importações Preços Índice,112.94
2026-07-28,2012-08-01,FUNCEX12_MDPT12,Importações Preços Índice,111.99
2026-07-28,2012-09-01,FUNCEX12_MDPT12,Importações Preços Índice,113.31
2026-07-28,2012-10-01,FUNCEX12_MDPT12,Importações Preços Índice,112.71
2026-07-28,2012-11-01,FUNCEX12_MDPT12,Importações Preços Índice,113.69
2026-07-28,2012-12-01,FUNCEX12_MDPT12,Importações Preços Índice,113.26
2026-07-28,2013-01-01,FUNCEX12_MDPT12,Importações Preços Índice,113.8
2026-07-28,2013-02-01,FUNCEX12_MDPT12,Importações Preços Índice,115.28
2026-07-28,2013-03-01,FUNCEX12_MDPT12,Importações Preços Índice,115.48
2026-07-28,2013-04-01,FUNCEX12_MDPT12,Importações Preços Índice,116.52
2026-07-28,2013-05-01,FUNCEX12_MDPT12,Importações Preços Índice,116.15
2026-07-28,2013-06-01,FUNCEX12_MDPT12,Importações Preços Índice,114.49
2026-07-28,2013-07-01,FUNCEX12_MDPT12,Importações Preços Índice,112.89
2026-07-28,2013-08-01,FUNCEX12_MDPT12,Importações Preços Índice,112.51
2026-07-28,2013-09-01,FUNCEX12_MDPT12,Importações Preços Índice,113.21
2026-07-28,2013-10-01,FUNCEX12_MDPT12,Importações Preços Índice,112.19
2026-07-28,2013-11-01,FUNCEX12_MDPT12,Importações Preços Índice,113.08
2026-07-28,2013-12-01,FUNCEX12_MDPT12,Importações Preços Índice,113.59
2026-07-28,2014-01-01,FUNCEX12_MDPT12,Importações Preços Índice,111.04
2026-07-28,2014-02-01,FUNCEX12_MDPT12,Importações Preços Índice,112.13
2026-07-28,2014-03-01,FUNCEX12_MDPT12,Importações Preços Índice,113.62
2026-07-28,2014-04-01,FUNCEX12_MDPT12,Importações Preços Índice,113.93
2026-07-28,2014-05-01,FUNCEX12_MDPT12,Importações Preços Índice,113.18
2026-07-28,2014-06-01,FUNCEX12_MDPT12,Importações Preços Índice,114.04
2026-07-28,2014-07-01,FUNCEX12_MDPT12,Importações Preços Índice,112.79
2026-07-28,2014-08-01,FUNCEX12_MDPT12,Importações Preços Índice,112.73
2026-07-28,2014-09-01,FUNCEX12_MDPT12,Importações Preços Índice,110.95
2026-07-28,2014-10-01,FUNCEX12_MDPT12,Importações Preços Índice,110.5
2026-07-28,2014-11-01,FUNCEX12_MDPT12,Importações Preços Índice,110.4
2026-07-28,2014-12-01,FUNCEX12_MDPT12,Importações Preços Índice,106.83
2026-07-28,2015-01-01,FUNCEX12_MDPT12,Importações Preços Índice,105.04
2026-07-28,2015-02-01,FUNCEX12_MDPT12,Importações Preços Índice,101.87
2026-07-28,2015-03-01,FUNCEX12_MDPT12,Importações Preços Índice,98.29
2026-07-28,2015-04-01,FUNCEX12_MDPT12,Importações Preços Índice,100.5
2026-07-28,2015-05-01,FUNCEX12_MDPT12,Importações Preços Índice,100.68
2026-07-28,2015-06-01,FUNCEX12_MDPT12,Importações Preços Índice,99.14
2026-07-28,2015-07-01,FUNCEX12_MDPT12,Importações Preços Índice,98.49
2026-07-28,2015-08-01,FUNCEX12_MDPT12,Importações Preços Índice,98.87
2026-07-28,2015-09-01,FUNCEX12_MDPT12,Importações Preços Índice,96.74
2026-07-28,2015-10-01,FUNCEX12_MDPT12,Importações Preços Índice,96.79
2026-07-28,2015-11-01,FUNCEX12_MDPT12,Importações Preços Índice,93.58
2026-07-28,2015-12-01,FUNCEX12_MDPT12,Importações Preços Índice,94.1
2026-07-28,2016-01-01,FUNCEX12_MDPT12,Importações Preços Índice,91.38
2026-07-28,2016-02-01,FUNCEX12_MDPT12,Importações Preços Índice,90.28
2026-07-28,2016-03-01,FUNCEX12_MDPT12,Importações Preços Índice,88.93
2026-07-28,2016-04-01,FUNCEX12_MDPT12,Importações Preços Índice,91.0
2026-07-28,2016-05-01,FUNCEX12_MDPT12,Importações Preços Índice,86.33
2026-07-28,2016-06-01,FUNCEX12_MDPT12,Importações Preços Índice,88.38
2026-07-28,2016-07-01,FUNCEX12_MDPT12,Importações Preços Índice,90.16
2026-07-28,2016-08-01,FUNCEX12_MDPT12,Importações Preços Índice,90.73
2026-07-28,2016-09-01,FUNCEX12_MDPT12,Importações Preços Índice,90.06
2026-07-28,2016-10-01,FUNCEX12_MDPT12,Importações Preços Índice,90.79
2026-07-28,2016-11-01,FUNCEX12_MDPT12,Importações Preços Índice,90.3
2026-07-28,2016-12-01,FUNCEX12_MDPT12,Importações Preços Índice,90.5
2026-07-28,2017-01-01,FUNCEX12_MDPT12,Importações Preços Índice,90.42
2026-07-28,2017-02-01,FUNCEX12_MDPT12,Importações Preços Índice,92.28
2026-07-28,2017-03-01,FUNCEX12_MDPT12,Importações Preços Índice,93.78
2026-07-28,2017-04-01,FUNCEX12_MDPT12,Importações Preços Índice,95.26
2026-07-28,2017-05-01,FUNCEX12_MDPT12,Importações Preços Índice,94.36
2026-07-28,2017-06-01,FUNCEX12_MDPT12,Importações Preços Índice,94.1
2026-07-28,2017-07-01,FUNCEX12_MDPT12,Importações Preços Índice,93.29
2026-07-28,2017-08-01,FUNCEX12_MDPT12,Importações Preços Índice,93.4
2026-07-28,2017-09-01,FUNCEX12_MDPT12,Importações Preços Índice,92.41
2026-07-28,2017-10-01,FUNCEX12_MDPT12,Importações Preços Índice,94.43
2026-07-28,2017-11-01,FUNCEX12_MDPT12,Importações Preços Índice,95.38
2026-07-28,2017-12-01,FUNCEX12_MDPT12,Importações Preços Índice,96.63
2026-07-28,2018-01-01,FUNCEX12_MDPT12,Importações Preços Índice,95.76
2026-07-28,2018-02-01,FUNCEX12_MDPT12,Importações Preços Índice,98.3
2026-07-28,2018-03-01,FUNCEX12_MDPT12,Importações Preços Índice,99.77
2026-07-28,2018-04-01,FUNCEX12_MDPT12,Importações Preços Índice,102.4
2026-07-28,2018-05-01,FUNCEX12_MDPT12,Importações Preços Índice,101.76
2026-07-28,2018-06-01,FUNCEX12_MDPT12,Importações Preços Índice,100.55
2026-07-28,2018-07-01,FUNCEX12_MDPT12,Importações Preços Índice,99.91
2026-07-28,2018-08-01,FUNCEX12_MDPT12,Importações Preços Índice,100.21
2026-07-28,2018-09-01,FUNCEX12_MDPT12,Importações Preços Índice,100.59
2026-07-28,2018-10-01,FUNCEX12_MDPT12,Importações Preços Índice,99.72
2026-07-28,2018-11-01,FUNCEX12_MDPT12,Importações Preços Índice,99.63
2026-07-28,2018-12-01,FUNCEX12_MDPT12,Importações Preços Índice,101.4
2026-07-28,2019-01-01,FUNCEX12_MDPT12,Importações Preços Índice,96.97
2026-07-28,2019-02-01,FUNCEX12_MDPT12,Importações Preços Índice,96.93
2026-07-28,2019-03-01,FUNCEX12_MDPT12,Importações Preços Índice,97.3
2026-07-28,2019-04-01,FUNCEX12_MDPT12,Importações Preços Índice,97.18
2026-07-28,2019-05-01,FUNCEX12_MDPT12,Importações Preços Índice,98.16
2026-07-28,2019-06-01,FUNCEX12_MDPT12,Importações Preços Índice,96.1
2026-07-28,2019-07-01,FUNCEX12_MDPT12,Importações Preços Índice,98.37
2026-07-28,2019-08-01,FUNCEX12_MDPT12,Importações Preços Índice,95.11
2026-07-28,2019-09-01,FUNCEX12_MDPT12,Importações Preços Índice,93.88
2026-07-28,2019-10-01,FUNCEX12_MDPT12,Importações Preços Índice,94.2
2026-07-28,2019-11-01,FUNCEX12_MDPT12,Importações Preços Índice,94.68
2026-07-28,2019-12-01,FUNCEX12_MDPT12,Importações Preços Índice,94.4
2026-07-28,2020-01-01,FUNCEX12_MDPT12,Importações Preços Índice,91.78
2026-07-28,2020-02-01,FUNCEX12_MDPT12,Importações Preços Índice,91.8
2026-07-28,2020-03-01,FUNCEX12_MDPT12,Importações Preços Índice,93.08
2026-07-28,2020-04-01,FUNCEX12_MDPT12,Importações Preços Índice,89.97
2026-07-28,2020-05-01,FUNCEX12_MDPT12,Importações Preços Índice,86.07
2026-07-28,2020-06-01,FUNCEX12_MDPT12,Importações Preços Índice,89.36
2026-07-28,2020-07-01,FUNCEX12_MDPT12,Importações Preços Índice,89.99
2026-07-28,2020-08-01,FUNCEX12_MDPT12,Importações Preços Índice,89.63
2026-07-28,2020-09-01,FUNCEX12_MDPT12,Importações Preços Índice,87.45
2026-07-28,2020-10-01,FUNCEX12_MDPT12,Importações Preços Índice,87.22
2026-07-28,2020-11-01,FUNCEX12_MDPT12,Importações Preços Índice,84.89
2026-07-28,2020-12-01,FUNCEX12_MDPT12,Importações Preços Índice,87.91
2026-07-28,2021-01-01,FUNCEX12_MDPT12,Importações Preços Índice,87.33
2026-07-28,2021-02-01,FUNCEX12_MDPT12,Importações Preços Índice,88.02
2026-07-28,2021-03-01,FUNCEX12_MDPT12,Importações Preços Índice,91.83
2026-07-28,2021-04-01,FUNCEX12_MDPT12,Importações Preços Índice,96.87
2026-07-28,2021-05-01,FUNCEX12_MDPT12,Importações Preços Índice,98.65
2026-07-28,2021-06-01,FUNCEX12_MDPT12,Importações Preços Índice,100.43
2026-07-28,2021-07-01,FUNCEX12_MDPT12,Importações Preços Índice,101.92
2026-07-28,2021-08-01,FUNCEX12_MDPT12,Importações Preços Índice,107.49
2026-07-28,2021-09-01,FUNCEX12_MDPT12,Importações Preços Índice,106.23
2026-07-28,2021-10-01,FUNCEX12_MDPT12,Importações Preços Índice,108.44
2026-07-28,2021-11-01,FUNCEX12_MDPT12,Importações Preços Índice,112.25
2026-07-28,2021-12-01,FUNCEX12_MDPT12,Importações Preços Índice,110.36
2026-07-28,2022-01-01,FUNCEX12_MDPT12,Importações Preços Índice,112.76
2026-07-28,2022-02-01,FUNCEX12_MDPT12,Importações Preços Índice,118.36
2026-07-28,2022-03-01,FUNCEX12_MDPT12,Importações Preços Índice,119.17
2026-07-28,2022-04-01,FUNCEX12_MDPT12,Importações Preços Índice,129.75
2026-07-28,2022-05-01,FUNCEX12_MDPT12,Importações Preços Índice,133.85
2026-07-28,2022-06-01,FUNCEX12_MDPT12,Importações Preços Índice,134.67
2026-07-28,2022-07-01,FUNCEX12_MDPT12,Importações Preços Índice,127.53
2026-07-28,2022-08-01,FUNCEX12_MDPT12,Importações Preços Índice,125.99
2026-07-28,2022-09-01,FUNCEX12_MDPT12,Importações Preços Índice,120.79
2026-07-28,2022-10-01,FUNCEX12_MDPT12,Importações Preços Índice,119.58
2026-07-28,2022-11-01,FUNCEX12_MDPT12,Importações Preços Índice,120.97
2026-07-28,2022-12-01,FUNCEX12_MDPT12,Importações Preços Índice,116.99
2026-07-28,2023-01-01,FUNCEX12_MDPT12,Importações Preços Índice,118.56
2026-07-28,2023-02-01,FUNCEX12_MDPT12,Importações Preços Índice,117.4
2026-07-28,2023-03-01,FUNCEX12_MDPT12,Importações Preços Índice,118.13
2026-07-28,2023-04-01,FUNCEX12_MDPT12,Importações Preços Índice,115.88
2026-07-28,2023-05-01,FUNCEX12_MDPT12,Importações Preços Índice,115.2
2026-07-28,2023-06-01,FUNCEX12_MDPT12,Importações Preços Índice,112.07
2026-07-28,2023-07-01,FUNCEX12_MDPT12,Importações Preços Índice,112.32
2026-07-28,2023-08-01,FUNCEX12_MDPT12,Importações Preços Índice,109.23
2026-07-28,2023-09-01,FUNCEX12_MDPT12,Importações Preços Índice,107.68
2026-07-28,2023-10-01,FUNCEX12_MDPT12,Importações Preços Índice,109.12
2026-07-28,2023-11-01,FUNCEX12_MDPT12,Importações Preços Índice,107.91
2026-07-28,2023-12-01,FUNCEX12_MDPT12,Importações Preços Índice,107.6
2026-07-28,2024-01-01,FUNCEX12_MDPT12,Importações Preços Índice,106.55
2026-07-28,2024-02-01,FUNCEX12_MDPT12,Importações Preços Índice,107.32
2026-07-28,2024-03-01,FUNCEX12_MDPT12,Importações Preços Índice,107.87
2026-07-28,2024-04-01,FUNCEX12_MDPT12,Importações Preços Índice,108.99
2026-07-28,2024-05-01,FUNCEX12_MDPT12,Importações Preços Índice,108.88
2026-07-28,2024-06-01,FUNCEX12_MDPT12,Importações Preços Índice,105.33
2026-07-28,2024-07-01,FUNCEX12_MDPT12,Importações Preços Índice,104.38
2026-07-28,2024-08-01,FUNCEX12_MDPT12,Importações Preços Índice,106.8
2026-07-28,2024-09-01,FUNCEX12_MDPT12,Importações Preços Índice,104.9
2026-07-28,2024-10-01,FUNCEX12_MDPT12,Importações Preços Índice,102.25
2026-07-28,2024-11-01,FUNCEX12_MDPT12,Importações Preços Índice,103.54
2026-07-28,2024-12-01,FUNCEX12_MDPT12,Importações Preços Índice,101.33
2026-07-28,2025-01-01,FUNCEX12_MDPT12,Importações Preços Índice,102.6
2026-07-28,2025-02-01,FUNCEX12_MDPT12,Importações Preços Índice,102.36
2026-07-28,2025-03-01,FUNCEX12_MDPT12,Importações Preços Índice,106.76
2026-07-28,2025-04-01,FUNCEX12_MDPT12,Importações Preços Índice,106.48
2026-07-28,2025-05-01,FUNCEX12_MDPT12,Importações Preços Índice,105.49
2026-07-28,2025-06-01,FUNCEX12_MDPT12,Importações Preços Índice,104.64
2026-07-28,2025-07-01,FUNCEX12_MDPT12,Importações Preços Índice,105.93
2026-07-28,2025-08-01,FUNCEX12_MDPT12,Importações Preços Índice,108.51
2026-07-28,2025-09-01,FUNCEX12_MDPT12,Importações Preços Índice,106.37
2026-07-28,2025-10-01,FUNCEX12_MDPT12,Importações Preços Índice,104.09
2026-07-28,2025-11-01,FUNCEX12_MDPT12,Importações Preços Índice,106.36
2026-07-28,2025-12-01,FUNCEX12_MDPT12,Importações Preços Índice,101.87
2026-07-28,2026-01-01,FUNCEX12_MDPT12,Importações Preços Índice,103.38
2026-07-28,2026-02-01,FUNCEX12_MDPT12,Importações Preços Índice,106.45
2026-07-28,2026-03-01,FUNCEX12_MDPT12,Importações Preços Índice,109.13
2026-07-28,2026-04-01,FUNCEX12_MDPT12,Importações Preços Índice,110.81
2026-07-28,2026-05-01,FUNCEX12_MDPT12,Importações Preços Índice,115.13
