data_captura,codigo_ativo,nome_ativo,indice_origem
2026-10-10,MMM,3M,S&P 500
2026-10-10,AOS,A. O. Smith,S&P 500
2026-10-10,ABT,Abbott Laboratories,S&P 500
2026-10-10,ABBV,AbbVie,S&P 500
2026-10-10,ACN,Accenture,S&P 500
2026-10-10,ADBE,Adobe Inc.,S&P 500
2026-10-10,AMD,Advanced Micro Devices,S&P 500
2026-10-10,AES,AES Corporation,S&P 500
2026-10-10,AFL,Aflac,S&P 500
2026-10-10,A,Agilent Technologies,S&P 500
2026-10-10,APD,Air Products,S&P 500
2026-10-10,ABNB,Airbnb,S&P 500
2026-10-10,AKAM,Akamai Technologies,S&P 500
2026-10-10,ALB,Albemarle Corporation,S&P 500
2026-10-10,ARE,Alexandria Real Estate Equities,S&P 500
2026-10-10,ALGN,Align Technology,S&P 500
2026-10-10,ALLE,Allegion,S&P 500
2026-10-10,LNT,Alliant Energy,S&P 500
2026-10-10,ALL,Allstate,S&P 500
2026-10-10,GOOGL,Alphabet Inc. (Class A),S&P 500
2026-10-10,GOOG,Alphabet Inc. (Class C),S&P 500
2026-10-10,MO,Altria,S&P 500
2026-10-10,AMZN,Amazon,S&P 500
2026-10-10,AMCR,Amcor,S&P 500
2026-10-10,AEE,Ameren,S&P 500
2026-10-10,AEP,American Electric Power,S&P 500
2026-10-10,AXP,American Express,S&P 500
2026-10-10,AIG,American International Group,S&P 500
2026-10-10,AMT,American Tower,S&P 500
2026-10-10,AWK,American Water Works,S&P 500
2026-10-10,AMP,Ameriprise Financial,S&P 500
2026-10-10,AME,Ametek,S&P 500
2026-10-10,AMGN,Amgen,S&P 500
2026-10-10,APH,Amphenol,S&P 500
2026-10-10,ADI,Analog Devices,S&P 500
2026-10-10,AON,Aon plc,S&P 500
2026-10-10,APA,APA Corporation,S&P 500
2026-10-10,APO,Apollo Global Management,S&P 500
2026-10-10,AAPL,Apple Inc.,S&P 500
2026-10-10,AMAT,Applied Materials,S&P 500
2026-10-10,APP,AppLovin,S&P 500
2026-10-10,APTV,Aptiv,S&P 500
2026-10-10,ACGL,Arch Capital Group,S&P 500
2026-10-10,ADM,Archer Daniels Midland,S&P 500
2026-10-10,ARES,Ares Management,S&P 500
2026-10-10,ANET,Arista Networks,S&P 500
2026-10-10,AJG,Arthur J. Gallagher & Co.,S&P 500
2026-10-10,AIZ,Assurant,S&P 500
2026-10-10,T,AT&T,S&P 500
2026-10-10,ATO,Atmos Energy,S&P 500
2026-10-10,ADSK,Autodesk,S&P 500
2026-10-10,ADP,Automatic Data Processing,S&P 500
2026-10-10,AZO,AutoZone,S&P 500
2026-10-10,AVY,Avery Dennison,S&P 500
2026-10-10,AXON,Axon Enterprise,S&P 500
2026-10-10,BKR,Baker Hughes,S&P 500
2026-10-10,BALL,Ball Corporation,S&P 500
2026-10-10,BAC,Bank of America,S&P 500
2026-10-10,BAX,Baxter International,S&P 500
2026-10-10,BDX,Becton Dickinson,S&P 500
2026-10-10,BRK-B,Berkshire Hathaway,S&P 500
2026-10-10,BBY,Best Buy,S&P 500
2026-10-10,TECH,Bio-Techne,S&P 500
2026-10-10,BIIB,Biogen,S&P 500
2026-10-10,BLK,BlackRock,S&P 500
2026-10-10,BX,Blackstone Inc.,S&P 500
2026-10-10,XYZ,"Block, Inc.",S&P 500
2026-10-10,BE,Bloom Energy,S&P 500
2026-10-10,BNY,BNY Mellon,S&P 500
2026-10-10,BA,Boeing,S&P 500
2026-10-10,BKNG,Booking Holdings,S&P 500
2026-10-10,BSX,Boston Scientific,S&P 500
2026-10-10,BMY,Bristol Myers Squibb,S&P 500
2026-10-10,AVGO,Broadcom,S&P 500
2026-10-10,BR,Broadridge Financial Solutions,S&P 500
2026-10-10,BRO,Brown & Brown,S&P 500
2026-10-10,BF-B,Brown–Forman,S&P 500
2026-10-10,BG,Bunge Global,S&P 500
2026-10-10,BXP,"BXP, Inc.",S&P 500
2026-10-10,CHRW,C.H. Robinson,S&P 500
2026-10-10,CDNS,Cadence Design Systems,S&P 500
2026-10-10,CPT,Camden Property Trust,S&P 500
2026-10-10,COF,Capital One,S&P 500
2026-10-10,CAH,Cardinal Health,S&P 500
2026-10-10,CCL,Carnival Corporation,S&P 500
2026-10-10,CARR,Carrier Global,S&P 500
2026-10-10,CVNA,Carvana,S&P 500
2026-10-10,CASY,Casey's,S&P 500
2026-10-10,CAT,Caterpillar Inc.,S&P 500
2026-10-10,CBOE,Cboe Global Markets,S&P 500
2026-10-10,CBRE,CBRE Group,S&P 500
2026-10-10,CDW,CDW Corporation,S&P 500
2026-10-10,COR,Cencora,S&P 500
2026-10-10,CNC,Centene Corporation,S&P 500
2026-10-10,CNP,CenterPoint Energy,S&P 500
2026-10-10,CF,CF Industries,S&P 500
2026-10-10,CRL,Charles River Laboratories,S&P 500
2026-10-10,SCHW,Charles Schwab Corporation,S&P 500
2026-10-10,CHTR,Charter Communications,S&P 500
2026-10-10,CVX,Chevron Corporation,S&P 500
2026-10-10,CMG,Chipotle Mexican Grill,S&P 500
2026-10-10,CB,Chubb Limited,S&P 500
2026-10-10,CHD,Church & Dwight,S&P 500
2026-10-10,CIEN,Ciena,S&P 500
2026-10-10,CI,Cigna,S&P 500
2026-10-10,CINF,Cincinnati Financial,S&P 500
2026-10-10,CTAS,Cintas,S&P 500
2026-10-10,CSCO,Cisco,S&P 500
2026-10-10,C,Citigroup,S&P 500
2026-10-10,CFG,Citizens Financial Group,S&P 500
2026-10-10,CLX,Clorox,S&P 500
2026-10-10,CME,CME Group,S&P 500
2026-10-10,CMS,CMS Energy,S&P 500
2026-10-10,KO,Coca-Cola Company (The),S&P 500
2026-10-10,CTSH,Cognizant,S&P 500
2026-10-10,COHR,Coherent Corp.,S&P 500
2026-10-10,COIN,Coinbase,S&P 500
2026-10-10,CL,Colgate-Palmolive,S&P 500
2026-10-10,CMCSA,Comcast,S&P 500
2026-10-10,FIX,Comfort Systems USA,S&P 500
2026-10-10,COP,ConocoPhillips,S&P 500
2026-10-10,ED,Consolidated Edison,S&P 500
2026-10-10,STZ,Constellation Brands,S&P 500
2026-10-10,CEG,Constellation Energy,S&P 500
2026-10-10,COO,Cooper Companies (The),S&P 500
2026-10-10,CPRT,Copart,S&P 500
2026-10-10,GLW,Corning Inc.,S&P 500
2026-10-10,CPAY,Corpay,S&P 500
2026-10-10,CSGP,CoStar Group,S&P 500
2026-10-10,COST,Costco,S&P 500
2026-10-10,CRH,CRH plc,S&P 500
2026-10-10,CRWD,CrowdStrike,S&P 500
2026-10-10,CCI,Crown Castle,S&P 500
2026-10-10,CSX,CSX Corporation,S&P 500
2026-10-10,CMI,Cummins,S&P 500
2026-10-10,CVS,CVS Health,S&P 500
2026-10-10,DHR,Danaher Corporation,S&P 500
2026-10-10,DRI,Darden Restaurants,S&P 500
2026-10-10,DDOG,Datadog,S&P 500
2026-10-10,DVA,DaVita,S&P 500
2026-10-10,DECK,Deckers Brands,S&P 500
2026-10-10,DE,Deere & Company,S&P 500
2026-10-10,DELL,Dell Technologies,S&P 500
2026-10-10,DAL,Delta Air Lines,S&P 500
2026-10-10,DVN,Devon Energy,S&P 500
2026-10-10,DXCM,Dexcom,S&P 500
2026-10-10,FANG,Diamondback Energy,S&P 500
2026-10-10,DLR,Digital Realty,S&P 500
2026-10-10,DG,Dollar General,S&P 500
2026-10-10,DLTR,Dollar Tree,S&P 500
2026-10-10,D,Dominion Energy,S&P 500
2026-10-10,DPZ,Domino's,S&P 500
2026-10-10,DASH,DoorDash,S&P 500
2026-10-10,DOV,Dover Corporation,S&P 500
2026-10-10,DOW,Dow Inc.,S&P 500
2026-10-10,DHI,D. R. Horton,S&P 500
2026-10-10,DTE,DTE Energy,S&P 500
2026-10-10,DUK,Duke Energy,S&P 500
2026-10-10,DD,DuPont,S&P 500
2026-10-10,ETN,Eaton Corporation,S&P 500
2026-10-10,EBAY,eBay Inc.,S&P 500
2026-10-10,ECHO,EchoStar,S&P 500
2026-10-10,ECL,Ecolab,S&P 500
2026-10-10,EIX,Edison International,S&P 500
2026-10-10,EW,Edwards Lifesciences,S&P 500
2026-10-10,ELV,Elevance Health,S&P 500
2026-10-10,EME,Emcor,S&P 500
2026-10-10,EMR,Emerson Electric,S&P 500
2026-10-10,ETR,Entergy,S&P 500
2026-10-10,EOG,EOG Resources,S&P 500
2026-10-10,EQT,EQT Corporation,S&P 500
2026-10-10,EFX,Equifax,S&P 500
2026-10-10,EQIX,Equinix,S&P 500
2026-10-10,ERIE,Erie Indemnity,S&P 500
2026-10-10,ESS,Essex Property Trust,S&P 500
2026-10-10,EL,Estée Lauder Companies (The),S&P 500
2026-10-10,EG,Everest Group,S&P 500
2026-10-10,EVRG,Evergy,S&P 500
2026-10-10,P,Everpure,S&P 500
2026-10-10,ES,Eversource Energy,S&P 500
2026-10-10,EXC,Exelon,S&P 500
2026-10-10,EXE,Expand Energy,S&P 500
2026-10-10,EXPE,Expedia Group,S&P 500
2026-10-10,EXPD,Expeditors International,S&P 500
2026-10-10,EXR,Extra Space Storage,S&P 500
2026-10-10,XOM,ExxonMobil,S&P 500
2026-10-10,FFIV,"F5, Inc.",S&P 500
2026-10-10,FDS,FactSet,S&P 500
2026-10-10,FICO,Fair Isaac,S&P 500
2026-10-10,FAST,Fastenal,S&P 500
2026-10-10,FRT,Federal Realty Investment Trust,S&P 500
2026-10-10,FDX,FedEx,S&P 500
2026-10-10,FDXF,FedEx Freight,S&P 500
2026-10-10,FERG,Ferguson Enterprises,S&P 500
2026-10-10,FIS,Fidelity National Information Services,S&P 500
2026-10-10,FITB,Fifth Third Bancorp,S&P 500
2026-10-10,FSLR,First Solar,S&P 500
2026-10-10,FE,FirstEnergy,S&P 500
2026-10-10,FISV,Fiserv,S&P 500
2026-10-10,FLEX,Flex Ltd.,S&P 500
2026-10-10,F,Ford Motor Company,S&P 500
2026-10-10,FTNT,Fortinet,S&P 500
2026-10-10,FTV,Fortive,S&P 500
2026-10-10,FOXA,Fox Corporation (Class A),S&P 500
2026-10-10,FOX,Fox Corporation (Class B),S&P 500
2026-10-10,BEN,Franklin Resources,S&P 500
2026-10-10,FCX,Freeport-McMoRan,S&P 500
2026-10-10,GRMN,Garmin,S&P 500
2026-10-10,IT,Gartner,S&P 500
2026-10-10,GE,GE Aerospace,S&P 500
2026-10-10,GEHC,GE HealthCare,S&P 500
2026-10-10,GEV,GE Vernova,S&P 500
2026-10-10,GEN,Gen Digital,S&P 500
2026-10-10,GNRC,Generac,S&P 500
2026-10-10,GD,General Dynamics,S&P 500
2026-10-10,GIS,General Mills,S&P 500
2026-10-10,GM,General Motors,S&P 500
2026-10-10,GPC,Genuine Parts Company,S&P 500
2026-10-10,GILD,Gilead Sciences,S&P 500
2026-10-10,GPN,Global Payments,S&P 500
2026-10-10,GL,Globe Life,S&P 500
2026-10-10,GDDY,GoDaddy,S&P 500
2026-10-10,GS,Goldman Sachs,S&P 500
2026-10-10,HAL,Halliburton,S&P 500
2026-10-10,HIG,Hartford (The),S&P 500
2026-10-10,HAS,Hasbro,S&P 500
2026-10-10,HCA,HCA Healthcare,S&P 500
2026-10-10,DOC,Healthpeak Properties,S&P 500
2026-10-10,HSIC,Henry Schein,S&P 500
2026-10-10,HSY,Hershey Company (The),S&P 500
2026-10-10,HPE,Hewlett Packard Enterprise,S&P 500
2026-10-10,HLT,Hilton Worldwide,S&P 500
2026-10-10,HD,Home Depot (The),S&P 500
2026-10-10,HONA,Honeywell Aerospace,S&P 500
2026-10-10,HON,Honeywell Technologies,S&P 500
2026-10-10,HRL,Hormel Foods,S&P 500
2026-10-10,HST,Host Hotels & Resorts,S&P 500
2026-10-10,HWM,Howmet Aerospace,S&P 500
2026-10-10,HPQ,HP Inc.,S&P 500
2026-10-10,HUBB,Hubbell Incorporated,S&P 500
2026-10-10,HUM,Humana,S&P 500
2026-10-10,HBAN,Huntington Bancshares,S&P 500
2026-10-10,HII,Huntington Ingalls Industries,S&P 500
2026-10-10,IBM,IBM,S&P 500
2026-10-10,IEX,IDEX Corporation,S&P 500
2026-10-10,IDXX,Idexx Laboratories,S&P 500
2026-10-10,ITW,Illinois Tool Works,S&P 500
2026-10-10,ILMN,"Illumina, Inc.",S&P 500
2026-10-10,INCY,Incyte,S&P 500
2026-10-10,IR,Ingersoll Rand,S&P 500
2026-10-10,PODD,Insulet Corporation,S&P 500
2026-10-10,INTC,Intel,S&P 500
2026-10-10,IBKR,Interactive Brokers,S&P 500
2026-10-10,ICE,Intercontinental Exchange,S&P 500
2026-10-10,IFF,International Flavors & Fragrances,S&P 500
2026-10-10,IP,International Paper,S&P 500
2026-10-10,INTU,Intuit,S&P 500
2026-10-10,ISRG,Intuitive Surgical,S&P 500
2026-10-10,IVZ,Invesco,S&P 500
2026-10-10,INVH,Invitation Homes,S&P 500
2026-10-10,IQV,IQVIA,S&P 500
2026-10-10,IRM,Iron Mountain,S&P 500
2026-10-10,JBHT,J.B. Hunt,S&P 500
2026-10-10,JBL,Jabil,S&P 500
2026-10-10,JKHY,Jack Henry & Associates,S&P 500
2026-10-10,J,Jacobs Solutions,S&P 500
2026-10-10,JNJ,Johnson & Johnson,S&P 500
2026-10-10,JCI,Johnson Controls,S&P 500
2026-10-10,JPM,JPMorgan Chase,S&P 500
2026-10-10,KVUE,Kenvue,S&P 500
2026-10-10,KDP,Keurig Dr Pepper,S&P 500
2026-10-10,KEY,KeyCorp,S&P 500
2026-10-10,KEYS,Keysight Technologies,S&P 500
2026-10-10,KMB,Kimberly-Clark,S&P 500
2026-10-10,KIM,Kimco Realty,S&P 500
2026-10-10,KMI,Kinder Morgan,S&P 500
2026-10-10,KKR,KKR & Co.,S&P 500
2026-10-10,KLAC,KLA Corporation,S&P 500
2026-10-10,KHC,Kraft Heinz,S&P 500
2026-10-10,KR,Kroger,S&P 500
2026-10-10,LHX,L3Harris,S&P 500
2026-10-10,LH,Labcorp,S&P 500
2026-10-10,LRCX,Lam Research,S&P 500
2026-10-10,LVS,Las Vegas Sands,S&P 500
2026-10-10,LDOS,Leidos,S&P 500
2026-10-10,LEN,Lennar,S&P 500
2026-10-10,LII,Lennox International,S&P 500
2026-10-10,LLY,Lilly (Eli),S&P 500
2026-10-10,LIN,Linde plc,S&P 500
2026-10-10,LYV,Live Nation Entertainment,S&P 500
2026-10-10,LMT,Lockheed Martin,S&P 500
2026-10-10,L,Loews Corporation,S&P 500
2026-10-10,LOW,Lowe's,S&P 500
2026-10-10,LULU,Lululemon Athletica,S&P 500
2026-10-10,LITE,Lumentum,S&P 500
2026-10-10,LYB,LyondellBasell,S&P 500
2026-10-10,MTB,M&T Bank,S&P 500
2026-10-10,MPC,Marathon Petroleum,S&P 500
2026-10-10,MAR,Marriott International,S&P 500
2026-10-10,MRSH,Marsh McLennan,S&P 500
2026-10-10,MLM,Martin Marietta Materials,S&P 500
2026-10-10,MRVL,Marvell Technology,S&P 500
2026-10-10,MAS,Masco,S&P 500
2026-10-10,MA,Mastercard,S&P 500
2026-10-10,MKC,McCormick & Company,S&P 500
2026-10-10,MCD,McDonald's,S&P 500
2026-10-10,MCK,McKesson Corporation,S&P 500
2026-10-10,MDT,Medtronic,S&P 500
2026-10-10,MRK,Merck & Co.,S&P 500
2026-10-10,META,Meta Platforms,S&P 500
2026-10-10,MET,MetLife,S&P 500
2026-10-10,MTD,Mettler Toledo,S&P 500
2026-10-10,MGM,MGM Resorts,S&P 500
2026-10-10,MCHP,Microchip Technology,S&P 500
2026-10-10,MU,Micron Technology,S&P 500
2026-10-10,MSFT,Microsoft,S&P 500
2026-10-10,MAA,Mid-America Apartment Communities,S&P 500
2026-10-10,MRNA,Moderna,S&P 500
2026-10-10,MDLZ,Mondelez International,S&P 500
2026-10-10,MPWR,Monolithic Power Systems,S&P 500
2026-10-10,MNST,Monster Beverage,S&P 500
2026-10-10,MCO,Moody's Corporation,S&P 500
2026-10-10,MS,Morgan Stanley,S&P 500
2026-10-10,MOS,Mosaic Company (The),S&P 500
2026-10-10,MSI,Motorola Solutions,S&P 500
2026-10-10,MSCI,MSCI,S&P 500
2026-10-10,NDAQ,"Nasdaq, Inc.",S&P 500
2026-10-10,NTAP,NetApp,S&P 500
2026-10-10,NFLX,Netflix,S&P 500
2026-10-10,NEM,Newmont,S&P 500
2026-10-10,NWSA,News Corp (Class A),S&P 500
2026-10-10,NWS,News Corp (Class B),S&P 500
2026-10-10,NEE,NextEra Energy,S&P 500
2026-10-10,NKE,"Nike, Inc.",S&P 500
2026-10-10,NI,NiSource,S&P 500
2026-10-10,NDSN,Nordson Corporation,S&P 500
2026-10-10,NSC,Norfolk Southern,S&P 500
2026-10-10,NTRS,Northern Trust,S&P 500
2026-10-10,NOC,Northrop Grumman,S&P 500
2026-10-10,NCLH,Norwegian Cruise Line Holdings,S&P 500
2026-10-10,NRG,NRG Energy,S&P 500
2026-10-10,NUE,Nucor,S&P 500
2026-10-10,NVDA,Nvidia,S&P 500
2026-10-10,NVR,"NVR, Inc.",S&P 500
2026-10-10,NXPI,NXP Semiconductors,S&P 500
2026-10-10,ORLY,O'Reilly Automotive,S&P 500
2026-10-10,OXY,Occidental Petroleum,S&P 500
2026-10-10,ODFL,Old Dominion,S&P 500
2026-10-10,OMC,Omnicom Group,S&P 500
2026-10-10,ON,ON Semiconductor,S&P 500
2026-10-10,OKE,Oneok,S&P 500
2026-10-10,ORCL,Oracle Corporation,S&P 500
2026-10-10,OTIS,Otis Worldwide,S&P 500
2026-10-10,PCAR,Paccar,S&P 500
2026-10-10,PKG,Packaging Corporation of America,S&P 500
2026-10-10,PLTR,Palantir Technologies,S&P 500
2026-10-10,PANW,Palo Alto Networks,S&P 500
2026-10-10,PH,Parker Hannifin,S&P 500
2026-10-10,PAYX,Paychex,S&P 500
2026-10-10,PYPL,PayPal,S&P 500
2026-10-10,PNR,Pentair,S&P 500
2026-10-10,PEP,PepsiCo,S&P 500
2026-10-10,PFE,Pfizer,S&P 500
2026-10-10,PCG,PG&E Corporation,S&P 500
2026-10-10,PM,Philip Morris International,S&P 500
2026-10-10,PSX,Phillips 66,S&P 500
2026-10-10,PNW,Pinnacle West Capital,S&P 500
2026-10-10,PNC,PNC Financial Services,S&P 500
2026-10-10,PPG,PPG Industries,S&P 500
2026-10-10,PPL,PPL Corporation,S&P 500
2026-10-10,PFG,Principal Financial Group,S&P 500
2026-10-10,PG,Procter & Gamble,S&P 500
2026-10-10,PGR,Progressive Corporation,S&P 500
2026-10-10,PLD,Prologis,S&P 500
2026-10-10,PRU,Prudential Financial,S&P 500
2026-10-10,PEG,Public Service Enterprise Group,S&P 500
2026-10-10,PTC,PTC Inc.,S&P 500
2026-10-10,PSA,Public Storage,S&P 500
2026-10-10,PHM,PulteGroup,S&P 500
2026-10-10,PWR,Quanta Services,S&P 500
2026-10-10,QCOM,Qualcomm,S&P 500
2026-10-10,DGX,Quest Diagnostics,S&P 500
2026-10-10,Q,Qnity Electronics,S&P 500
2026-10-10,RL,Ralph Lauren Corporation,S&P 500
2026-10-10,RJF,Raymond James Financial,S&P 500
2026-10-10,RDDT,Reddit,S&P 500
2026-10-10,RTX,RTX Corporation,S&P 500
2026-10-10,O,Realty Income,S&P 500
2026-10-10,REG,Regency Centers,S&P 500
2026-10-10,REGN,Regeneron Pharmaceuticals,S&P 500
2026-10-10,RF,Regions Financial Corporation,S&P 500
2026-10-10,RSG,Republic Services,S&P 500
2026-10-10,RMD,ResMed|,S&P 500
2026-10-10,RVTY,Revvity,S&P 500
2026-10-10,HOOD,Robinhood Markets,S&P 500
2026-10-10,ROK,Rockwell Automation,S&P 500
2026-10-10,ROL,"Rollins, Inc.",S&P 500
2026-10-10,ROP,Roper Technologies,S&P 500
2026-10-10,ROST,Ross Stores,S&P 500
2026-10-10,RCL,Royal Caribbean Group,S&P 500
2026-10-10,SPGI,S&P Global,S&P 500
2026-10-10,CRM,Salesforce,S&P 500
2026-10-10,SNDK,Sandisk,S&P 500
2026-10-10,SBAC,SBA Communications,S&P 500
2026-10-10,SLB,Schlumberger,S&P 500
2026-10-10,STX,Seagate Technology,S&P 500
2026-10-10,SRE,Sempra,S&P 500
2026-10-10,NOW,ServiceNow,S&P 500
2026-10-10,SHW,Sherwin-Williams,S&P 500
2026-10-10,SPG,Simon Property Group,S&P 500
2026-10-10,SKYD,Skydance Corporation,S&P 500
2026-10-10,SWKS,Skyworks Solutions,S&P 500
2026-10-10,SJM,J.M. Smucker Company (The),S&P 500
2026-10-10,SW,Smurfit Westrock,S&P 500
2026-10-10,SNA,Snap-on,S&P 500
2026-10-10,SOLV,Solventum,S&P 500
2026-10-10,SO,Southern Company,S&P 500
2026-10-10,LUV,Southwest Airlines,S&P 500
2026-10-10,SWK,Stanley Black & Decker,S&P 500
2026-10-10,SBUX,Starbucks,S&P 500
2026-10-10,STT,State Street Corporation,S&P 500
2026-10-10,STLD,Steel Dynamics,S&P 500
2026-10-10,STE,Steris,S&P 500
2026-10-10,SYK,Stryker Corporation,S&P 500
2026-10-10,SMCI,Supermicro,S&P 500
2026-10-10,SYF,Synchrony Financial,S&P 500
2026-10-10,SNPS,Synopsys,S&P 500
2026-10-10,SYY,Sysco,S&P 500
2026-10-10,TMUS,T-Mobile US,S&P 500
2026-10-10,TROW,T. Rowe Price,S&P 500
2026-10-10,TTWO,Take-Two Interactive,S&P 500
2026-10-10,TPR,"Tapestry, Inc.",S&P 500
2026-10-10,TRGP,Targa Resources,S&P 500
2026-10-10,TGT,Target Corporation,S&P 500
2026-10-10,TEL,TE Connectivity,S&P 500
2026-10-10,TDY,Teledyne Technologies,S&P 500
2026-10-10,TER,Teradyne,S&P 500
2026-10-10,TSLA,"Tesla, Inc.",S&P 500
2026-10-10,TXN,Texas Instruments,S&P 500
2026-10-10,TPL,Texas Pacific Land Corporation,S&P 500
2026-10-10,TXT,Textron,S&P 500
2026-10-10,TMO,Thermo Fisher Scientific,S&P 500
2026-10-10,TJX,TJX Companies,S&P 500
2026-10-10,TKO,TKO Group Holdings,S&P 500
2026-10-10,TSCO,Tractor Supply,S&P 500
2026-10-10,TT,Trane Technologies,S&P 500
2026-10-10,TDG,TransDigm Group,S&P 500
2026-10-10,TRV,Travelers Companies (The),S&P 500
2026-10-10,TRMB,Trimble Inc.,S&P 500
2026-10-10,TFC,Truist Financial,S&P 500
2026-10-10,TWLO,Twilio,S&P 500
2026-10-10,TYL,Tyler Technologies,S&P 500
2026-10-10,TSN,Tyson Foods,S&P 500
2026-10-10,USB,U.S. Bancorp,S&P 500
2026-10-10,UBER,Uber,S&P 500
2026-10-10,UDR,"UDR, Inc.",S&P 500
2026-10-10,ULTA,Ulta Beauty,S&P 500
2026-10-10,UNP,Union Pacific Corporation,S&P 500
2026-10-10,UAL,United Airlines Holdings,S&P 500
2026-10-10,UPS,United Parcel Service,S&P 500
2026-10-10,URI,United Rentals,S&P 500
2026-10-10,UNH,UnitedHealth Group,S&P 500
2026-10-10,UHS,Universal Health Services,S&P 500
2026-10-10,VLO,Valero Energy,S&P 500
2026-10-10,VEEV,Veeva Systems,S&P 500
2026-10-10,VTR,Ventas,S&P 500
2026-10-10,VLTO,Veralto,S&P 500
2026-10-10,VRSN,Verisign,S&P 500
2026-10-10,VRSK,Verisk Analytics,S&P 500
2026-10-10,VZ,Verizon,S&P 500
2026-10-10,VRTX,Vertex Pharmaceuticals,S&P 500
2026-10-10,VRT,Vertiv,S&P 500
2026-10-10,VTRS,Viatris,S&P 500
2026-10-10,VICI,Vici Properties,S&P 500
2026-10-10,V,Visa Inc.,S&P 500
2026-10-10,VST,Vistra Corp.,S&P 500
2026-10-10,VMRK,Vivmark Residential,S&P 500
2026-10-10,VMC,Vulcan Materials Company,S&P 500
2026-10-10,VYLR,Vylor,S&P 500
2026-10-10,WRB,W. R. Berkley Corporation,S&P 500
2026-10-10,GWW,W. W. Grainger,S&P 500
2026-10-10,WAB,Wabtec,S&P 500
2026-10-10,WMT,Walmart,S&P 500
2026-10-10,DIS,Walt Disney Company (The),S&P 500
2026-10-10,WM,Waste Management,S&P 500
2026-10-10,WAT,Waters Corporation,S&P 500
2026-10-10,WEC,WEC Energy Group,S&P 500
2026-10-10,WFC,Wells Fargo,S&P 500
2026-10-10,WELL,Welltower,S&P 500
2026-10-10,WST,West Pharmaceutical Services,S&P 500
2026-10-10,WDC,Western Digital,S&P 500
2026-10-10,WY,Weyerhaeuser,S&P 500
2026-10-10,WSM,"Williams-Sonoma, Inc.",S&P 500
2026-10-10,WMB,Williams Companies,S&P 500
2026-10-10,WTW,Willis Towers Watson,S&P 500
2026-10-10,WDAY,"Workday, Inc.",S&P 500
2026-10-10,WYNN,Wynn Resorts,S&P 500
2026-10-10,XEL,Xcel Energy,S&P 500
2026-10-10,XYL,Xylem Inc.,S&P 500
2026-10-10,YUM,Yum! Brands,S&P 500
2026-10-10,ZBRA,Zebra Technologies,S&P 500
2026-10-10,ZBH,Zimmer Biomet,S&P 500
2026-10-10,ZTS,Zoetis,S&P 500
2026-10-10,ADBE,Adobe Inc.,NASDAQ-100
2026-10-10,AMD,Advanced Micro Devices,NASDAQ-100
2026-10-10,ABNB,Airbnb,NASDAQ-100
2026-10-10,ALNY,Alnylam Pharmaceuticals,NASDAQ-100
2026-10-10,GOOGL,Alphabet Inc. (Class A),NASDAQ-100
2026-10-10,GOOG,Alphabet Inc. (Class C),NASDAQ-100
2026-10-10,AMZN,Amazon,NASDAQ-100
2026-10-10,AEP,American Electric Power,NASDAQ-100
2026-10-10,AMGN,Amgen,NASDAQ-100
2026-10-10,ADI,Analog Devices,NASDAQ-100
2026-10-10,AAPL,Apple Inc.,NASDAQ-100
2026-10-10,AMAT,Applied Materials,NASDAQ-100
2026-10-10,APP,AppLovin,NASDAQ-100
2026-10-10,ARM,Arm Holdings,NASDAQ-100
2026-10-10,ASML,ASML Holding,NASDAQ-100
2026-10-10,ALAB,Astera Labs,NASDAQ-100
2026-10-10,ADSK,Autodesk,NASDAQ-100
2026-10-10,ADP,Automatic Data Processing,NASDAQ-100
2026-10-10,AXON,Axon Enterprise,NASDAQ-100
2026-10-10,BKR,Baker Hughes,NASDAQ-100
2026-10-10,BKNG,Booking Holdings,NASDAQ-100
2026-10-10,AVGO,Broadcom,NASDAQ-100
2026-10-10,CDNS,Cadence Design Systems,NASDAQ-100
2026-10-10,CTAS,Cintas,NASDAQ-100
2026-10-10,CSCO,Cisco,NASDAQ-100
2026-10-10,CCEP,Coca-Cola Europacific Partners,NASDAQ-100
2026-10-10,CMCSA,Comcast,NASDAQ-100
2026-10-10,CEG,Constellation Energy,NASDAQ-100
2026-10-10,CPRT,Copart,NASDAQ-100
2026-10-10,CRWV,CoreWeave,NASDAQ-100
2026-10-10,COST,Costco,NASDAQ-100
2026-10-10,CRWD,CrowdStrike,NASDAQ-100
2026-10-10,CSX,CSX Corporation,NASDAQ-100
2026-10-10,DDOG,Datadog,NASDAQ-100
2026-10-10,DXCM,DexCom,NASDAQ-100
2026-10-10,FANG,Diamondback Energy,NASDAQ-100
2026-10-10,DASH,DoorDash,NASDAQ-100
2026-10-10,EXC,Exelon,NASDAQ-100
2026-10-10,FAST,Fastenal,NASDAQ-100
2026-10-10,FER,Ferrovial,NASDAQ-100
2026-10-10,FTNT,Fortinet,NASDAQ-100
2026-10-10,GEHC,GE HealthCare,NASDAQ-100
2026-10-10,GILD,Gilead Sciences,NASDAQ-100
2026-10-10,HONA,Honeywell Aerospace,NASDAQ-100
2026-10-10,HON,Honeywell Technologies,NASDAQ-100
2026-10-10,IDXX,Idexx Laboratories,NASDAQ-100
2026-10-10,INTC,Intel,NASDAQ-100
2026-10-10,INTU,Intuit,NASDAQ-100
2026-10-10,ISRG,Intuitive Surgical,NASDAQ-100
2026-10-10,KDP,Keurig Dr Pepper,NASDAQ-100
2026-10-10,KLAC,KLA Corporation,NASDAQ-100
2026-10-10,LRCX,Lam Research,NASDAQ-100
2026-10-10,LIN,Linde plc,NASDAQ-100
2026-10-10,LITE,Lumentum,NASDAQ-100
2026-10-10,MAR,Marriott International,NASDAQ-100
2026-10-10,MRVL,Marvell Technology,NASDAQ-100
2026-10-10,MELI,Mercado Libre,NASDAQ-100
2026-10-10,META,Meta Platforms,NASDAQ-100
2026-10-10,MCHP,Microchip Technology,NASDAQ-100
2026-10-10,MU,Micron Technology,NASDAQ-100
2026-10-10,MSFT,Microsoft,NASDAQ-100
2026-10-10,MSTR,MicroStrategy,NASDAQ-100
2026-10-10,MRNA,Moderna,NASDAQ-100
2026-10-10,MDLZ,Mondelez International,NASDAQ-100
2026-10-10,MPWR,Monolithic Power Systems,NASDAQ-100
2026-10-10,MNST,Monster Beverage,NASDAQ-100
2026-10-10,NBIS,Nebius Group,NASDAQ-100
2026-10-10,NFLX,"Netflix, Inc.",NASDAQ-100
2026-10-10,NVDA,Nvidia,NASDAQ-100
2026-10-10,NXPI,NXP Semiconductors,NASDAQ-100
2026-10-10,ORLY,O'Reilly Automotive,NASDAQ-100
2026-10-10,ODFL,Old Dominion Freight Line,NASDAQ-100
2026-10-10,PCAR,Paccar,NASDAQ-100
2026-10-10,PLTR,Palantir Technologies,NASDAQ-100
2026-10-10,PANW,Palo Alto Networks,NASDAQ-100
2026-10-10,PAYX,Paychex,NASDAQ-100
2026-10-10,PYPL,PayPal,NASDAQ-100
2026-10-10,PDD,PDD Holdings,NASDAQ-100
2026-10-10,PEP,PepsiCo,NASDAQ-100
2026-10-10,QCOM,Qualcomm,NASDAQ-100
2026-10-10,REGN,Regeneron Pharmaceuticals,NASDAQ-100
2026-10-10,RKLB,Rocket Lab,NASDAQ-100
2026-10-10,ROP,Roper Technologies,NASDAQ-100
2026-10-10,ROST,Ross Stores,NASDAQ-100
2026-10-10,SNDK,Sandisk,NASDAQ-100
2026-10-10,STX,Seagate Technology,NASDAQ-100
2026-10-10,SHOP,Shopify,NASDAQ-100
2026-10-10,SPCX,SpaceX,NASDAQ-100
2026-10-10,SBUX,Starbucks,NASDAQ-100
2026-10-10,SNPS,Synopsys,NASDAQ-100
2026-10-10,TMUS,T-Mobile US,NASDAQ-100
2026-10-10,TTWO,Take-Two Interactive,NASDAQ-100
2026-10-10,TER,Teradyne,NASDAQ-100
2026-10-10,TSLA,"Tesla, Inc.",NASDAQ-100
2026-10-10,TXN,Texas Instruments,NASDAQ-100
2026-10-10,TRI,Thomson Reuters,NASDAQ-100
2026-10-10,VRTX,Vertex Pharmaceuticals,NASDAQ-100
2026-10-10,WMT,Walmart,NASDAQ-100
2026-10-10,WDC,Western Digital,NASDAQ-100
2026-10-10,WDAY,"Workday, Inc.",NASDAQ-100
2026-10-10,XEL,Xcel Energy,NASDAQ-100
2026-10-10,MMM,3M,Dow Jones
2026-10-10,GOOGL,Alphabet(Class A),Dow Jones
2026-10-10,AXP,American Express,Dow Jones
2026-10-10,AMGN,Amgen,Dow Jones
2026-10-10,AMZN,Amazon,Dow Jones
2026-10-10,AAPL,Apple,Dow Jones
2026-10-10,BA,Boeing,Dow Jones
2026-10-10,CAT,Caterpillar,Dow Jones
2026-10-10,CVX,Chevron,Dow Jones
2026-10-10,CSCO,Cisco,Dow Jones
2026-10-10,KO,Coca-Cola,Dow Jones
2026-10-10,DIS,Disney,Dow Jones
2026-10-10,GS,Goldman Sachs,Dow Jones
2026-10-10,HD,Home Depot,Dow Jones
2026-10-10,HON,Honeywell Technologies,Dow Jones
2026-10-10,IBM,IBM,Dow Jones
2026-10-10,JNJ,Johnson & Johnson,Dow Jones
2026-10-10,JPM,JPMorgan Chase,Dow Jones
2026-10-10,MCD,McDonald's,Dow Jones
2026-10-10,MRK,Merck,Dow Jones
2026-10-10,MSFT,Microsoft,Dow Jones
2026-10-10,NKE,Nike,Dow Jones
2026-10-10,NVDA,Nvidia,Dow Jones
2026-10-10,PG,Procter & Gamble,Dow Jones
2026-10-10,CRM,Salesforce,Dow Jones
2026-10-10,SHW,Sherwin-Williams,Dow Jones
2026-10-10,TRV,Travelers,Dow Jones
2026-10-10,UNH,UnitedHealth Group,Dow Jones
2026-10-10,V,Visa,Dow Jones
2026-10-10,WMT,Walmart,Dow Jones
2026-10-10,III.L,3i,FTSE 100
2026-10-10,ABDN.L,Aberdeen Group,FTSE 100
2026-10-10,ADM.L,Admiral Group,FTSE 100
2026-10-10,AAF.L,Airtel Africa,FTSE 100
2026-10-10,ALW.L,Alliance Witan,FTSE 100
2026-10-10,AAL.L,Anglo American plc,FTSE 100
2026-10-10,ANTO.L,Antofagasta plc,FTSE 100
2026-10-10,ABF.L,Associated British Foods,FTSE 100
2026-10-10,AZN.L,AstraZeneca,FTSE 100
2026-10-10,AUTO.L,Autotrader Group,FTSE 100
2026-10-10,AV.L,Aviva,FTSE 100
2026-10-10,BAB.L,Babcock International,FTSE 100
2026-10-10,BA.L,BAE Systems,FTSE 100
2026-10-10,BBY.L,Balfour Beatty,FTSE 100
2026-10-10,BARC.L,Barclays,FTSE 100
2026-10-10,BTRW.L,Barratt Redrow,FTSE 100
2026-10-10,BP.L,BP,FTSE 100
2026-10-10,BATS.L,British American Tobacco,FTSE 100
2026-10-10,BLND.L,British Land,FTSE 100
2026-10-10,BT.A.L,BT Group,FTSE 100
2026-10-10,BNZL.L,Bunzl,FTSE 100
2026-10-10,BRBY.L,Burberry Group,FTSE 100
2026-10-10,CNA.L,Centrica,FTSE 100
2026-10-10,CCEP.L,Coca-Cola Europacific Partners,FTSE 100
2026-10-10,CCH.L,Coca-Cola HBC,FTSE 100
2026-10-10,CPG.L,Compass Group,FTSE 100
2026-10-10,CCC.L,Computacenter,FTSE 100
2026-10-10,CTEC.L,Convatec,FTSE 100
2026-10-10,CRDA.L,Croda International,FTSE 100
2026-10-10,DCC.L,DCC Energy,FTSE 100
2026-10-10,DGE.L,Diageo,FTSE 100
2026-10-10,DPLM.L,Diploma,FTSE 100
2026-10-10,EZJ.L,EasyJet,FTSE 100
2026-10-10,EDV.L,Endeavour Mining,FTSE 100
2026-10-10,EXPN.L,Experian,FTSE 100
2026-10-10,FCIT.L,F & C Investment Trust,FTSE 100
2026-10-10,FRES.L,Fresnillo plc,FTSE 100
2026-10-10,GAW.L,Games Workshop,FTSE 100
2026-10-10,GLEN.L,Glencore,FTSE 100
2026-10-10,GSK.L,GSK plc,FTSE 100
2026-10-10,HLN.L,Haleon,FTSE 100
2026-10-10,HLMA.L,Halma plc,FTSE 100
2026-10-10,HSX.L,Hiscox,FTSE 100
2026-10-10,HWDN.L,Howdens Joinery,FTSE 100
2026-10-10,HSBA.L,HSBC,FTSE 100
2026-10-10,ICG.L,ICG,FTSE 100
2026-10-10,IGG.L,IG Group,FTSE 100
2026-10-10,IHG.L,IHG Hotels & Resorts,FTSE 100
2026-10-10,IMI.L,IMI,FTSE 100
2026-10-10,IMB.L,Imperial Brands,FTSE 100
2026-10-10,INF.L,Informa,FTSE 100
2026-10-10,IAG.L,International Airlines Group,FTSE 100
2026-10-10,ITRK.L,Intertek,FTSE 100
2026-10-10,INVP.L,Investec,FTSE 100
2026-10-10,ITH.L,Ithaca Energy,FTSE 100
2026-10-10,JD.L,JD Sports,FTSE 100
2026-10-10,BGEO.L,Lion Finance Group,FTSE 100
2026-10-10,KGF.L,Kingfisher plc,FTSE 100
2026-10-10,LAND.L,Land Securities,FTSE 100
2026-10-10,LGEN.L,Legal & General,FTSE 100
2026-10-10,LLOY.L,Lloyds Banking Group,FTSE 100
2026-10-10,LMP.L,LondonMetric Property,FTSE 100
2026-10-10,LSEG.L,London Stock Exchange Group,FTSE 100
2026-10-10,MNG.L,M&G,FTSE 100
2026-10-10,MKS.L,Marks & Spencer,FTSE 100
2026-10-10,MRO.L,Melrose Industries,FTSE 100
2026-10-10,MTLN.L,Metlen Energy & Metals,FTSE 100
2026-10-10,NG.L,National Grid plc,FTSE 100
2026-10-10,NWG.L,NatWest Group,FTSE 100
2026-10-10,NXT.L,Next plc,FTSE 100
2026-10-10,PSON.L,Pearson plc,FTSE 100
2026-10-10,PSH.L,Pershing Square Holdings,FTSE 100
2026-10-10,PCT.L,Polar Capital Technology Trust,FTSE 100
2026-10-10,PRU.L,Prudential plc,FTSE 100
2026-10-10,RKT.L,Reckitt,FTSE 100
2026-10-10,REL.L,RELX,FTSE 100
2026-10-10,RTO.L,Rentokil Initial,FTSE 100
2026-10-10,RIO.L,Rio Tinto,FTSE 100
2026-10-10,RR.L,Rolls-Royce Holdings,FTSE 100
2026-10-10,SGE.L,Sage Group,FTSE 100
2026-10-10,SBRY.L,Sainsbury's,FTSE 100
2026-10-10,SMT.L,Scottish Mortgage Investment Trust,FTSE 100
2026-10-10,SGRO.L,Segro,FTSE 100
2026-10-10,SVT.L,Severn Trent,FTSE 100
2026-10-10,SHEL.L,Shell plc,FTSE 100
2026-10-10,SMIN.L,Smiths Group,FTSE 100
2026-10-10,SN.L,Smith & Nephew,FTSE 100
2026-10-10,SPX.L,Spirax Group,FTSE 100
2026-10-10,SSE.L,SSE plc,FTSE 100
2026-10-10,STAN.L,Standard Chartered,FTSE 100
2026-10-10,SDLF.L,Standard Life,FTSE 100
2026-10-10,STJ.L,St. James's Place,FTSE 100
2026-10-10,TSCO.L,Tesco,FTSE 100
2026-10-10,BBOX.L,Tritax Big Box REIT,FTSE 100
2026-10-10,ULVR.L,Unilever,FTSE 100
2026-10-10,UU.L,United Utilities,FTSE 100
2026-10-10,VOD.L,Vodafone Group,FTSE 100
2026-10-10,WEIR.L,Weir,FTSE 100
2026-10-10,WTB.L,Whitbread,FTSE 100
2026-10-10,WPP.L,WPP,FTSE 100
2026-10-10,ADS.DE,Adidas,DAX 40
2026-10-10,AIR.PA,Airbus,DAX 40
2026-10-10,ALV.DE,Allianz,DAX 40
2026-10-10,BAS.DE,BASF,DAX 40
2026-10-10,BAYN.DE,Bayer,DAX 40
2026-10-10,BEI.DE,Beiersdorf,DAX 40
2026-10-10,BMW.DE,BMW,DAX 40
2026-10-10,BNR.DE,Brenntag,DAX 40
2026-10-10,CBK.DE,Commerzbank,DAX 40
2026-10-10,CON.DE,Continental,DAX 40
2026-10-10,DTG.DE,Daimler Truck,DAX 40
2026-10-10,DBK.DE,Deutsche Bank,DAX 40
2026-10-10,DB1.DE,Deutsche Börse,DAX 40
2026-10-10,DHL.DE,Deutsche Post,DAX 40
2026-10-10,DTE.DE,Deutsche Telekom,DAX 40
2026-10-10,EOAN.DE,E.ON,DAX 40
2026-10-10,FRE.DE,Fresenius,DAX 40
2026-10-10,FME.DE,Fresenius Medical Care,DAX 40
2026-10-10,G1A.DE,GEA Group,DAX 40
2026-10-10,HNR1.DE,Hannover Re,DAX 40
2026-10-10,HEI.DE,Heidelberg Materials,DAX 40
2026-10-10,HEN3.DE,Henkel,DAX 40
2026-10-10,IFX.DE,Infineon Technologies,DAX 40
2026-10-10,MBG.DE,Mercedes-Benz Group,DAX 40
2026-10-10,MRK.DE,Merck,DAX 40
2026-10-10,MTX.DE,MTU Aero Engines,DAX 40
2026-10-10,MUV2.DE,Munich Re,DAX 40
2026-10-10,PAH3.DE,Porsche SE,DAX 40
2026-10-10,QIA.DE,Qiagen,DAX 40
2026-10-10,RHM.DE,Rheinmetall,DAX 40
2026-10-10,RWE.DE,RWE,DAX 40
2026-10-10,SAP.DE,SAP,DAX 40
2026-10-10,G24.DE,Scout24,DAX 40
2026-10-10,SIE.DE,Siemens,DAX 40
2026-10-10,ENR.DE,Siemens Energy,DAX 40
2026-10-10,SHL.DE,Siemens Healthineers,DAX 40
2026-10-10,SY1.DE,Symrise,DAX 40
2026-10-10,VOW3.DE,Volkswagen Group,DAX 40
2026-10-10,VNA.DE,Vonovia,DAX 40
2026-10-10,ZAL.DE,Zalando,DAX 40
2026-10-10,AC.PA,Accor,CAC 40
2026-10-10,AI.PA,Air Liquide,CAC 40
2026-10-10,AIR.PA,Airbus,CAC 40
2026-10-10,MT.AS,ArcelorMittal,CAC 40
2026-10-10,CS.PA,Axa,CAC 40
2026-10-10,BNP.PA,BNP Paribas,CAC 40
2026-10-10,EN.PA,Bouygues,CAC 40
2026-10-10,BVI.PA,Bureau Veritas,CAC 40
2026-10-10,CAP.PA,Capgemini,CAC 40
2026-10-10,CA.PA,Carrefour,CAC 40
2026-10-10,ACA.PA,Crédit Agricole,CAC 40
2026-10-10,BN.PA,Danone,CAC 40
2026-10-10,DSY.PA,Dassault Systèmes,CAC 40
2026-10-10,FGR.PA,Eiffage,CAC 40
2026-10-10,ENGI.PA,Engie,CAC 40
2026-10-10,EL.PA,EssilorLuxottica,CAC 40
2026-10-10,ERF.PA,Eurofins Scientific,CAC 40
2026-10-10,ENX.PA,Euronext,CAC 40
2026-10-10,RMS.PA,Hermès,CAC 40
2026-10-10,KER.PA,Kering,CAC 40
2026-10-10,OR.PA,L'Oréal,CAC 40
2026-10-10,LR.PA,Legrand,CAC 40
2026-10-10,MC.PA,LVMH,CAC 40
2026-10-10,ML.PA,Michelin,CAC 40
2026-10-10,ORA.PA,Orange,CAC 40
2026-10-10,RI.PA,Pernod Ricard,CAC 40
2026-10-10,PUB.PA,Publicis,CAC 40
2026-10-10,RNO.PA,Renault,CAC 40
2026-10-10,SAF.PA,Safran,CAC 40
2026-10-10,SGO.PA,Saint-Gobain,CAC 40
2026-10-10,SAN.PA,Sanofi,CAC 40
2026-10-10,SU.PA,Schneider Electric,CAC 40
2026-10-10,GLE.PA,Société Générale,CAC 40
2026-10-10,STLAP.PA,Stellantis,CAC 40
2026-10-10,STMPA.PA,STMicroelectronics,CAC 40
2026-10-10,HO.PA,Thales,CAC 40
2026-10-10,TTE.PA,TotalEnergies,CAC 40
2026-10-10,URW.PA,Unibail-Rodamco-Westfield,CAC 40
2026-10-10,VIE.PA,Veolia,CAC 40
2026-10-10,DG.PA,Vinci,CAC 40
2026-10-10,ADS.DE,Adidas,Euro Stoxx 50
2026-10-10,ADYEN.AS,Adyen,Euro Stoxx 50
2026-10-10,AD.AS,Ahold Delhaize,Euro Stoxx 50
2026-10-10,AI.PA,Air Liquide,Euro Stoxx 50
2026-10-10,AIR.PA,Airbus,Euro Stoxx 50
2026-10-10,ALV.DE,Allianz,Euro Stoxx 50
2026-10-10,ABI.BR,Anheuser-Busch InBev,Euro Stoxx 50
2026-10-10,ARGX.BR,Argenx,Euro Stoxx 50
2026-10-10,ASML.AS,ASML Holding,Euro Stoxx 50
2026-10-10,CS.PA,Axa,Euro Stoxx 50
2026-10-10,BAS.DE,BASF,Euro Stoxx 50
2026-10-10,BAYN.DE,Bayer,Euro Stoxx 50
2026-10-10,BBVA.MC,BBVA,Euro Stoxx 50
2026-10-10,SAN.MC,Banco Santander,Euro Stoxx 50
2026-10-10,BMW.DE,BMW,Euro Stoxx 50
2026-10-10,BNP.PA,BNP Paribas,Euro Stoxx 50
2026-10-10,BN.PA,Danone,Euro Stoxx 50
2026-10-10,DBK.DE,Deutsche Bank,Euro Stoxx 50
2026-10-10,DB1.DE,Deutsche Börse,Euro Stoxx 50
2026-10-10,DHL.DE,Deutsche Post,Euro Stoxx 50
2026-10-10,DTE.DE,Deutsche Telekom,Euro Stoxx 50
2026-10-10,ENEL.MI,Enel,Euro Stoxx 50
2026-10-10,ENI.MI,Eni,Euro Stoxx 50
2026-10-10,EL.PA,EssilorLuxottica,Euro Stoxx 50
2026-10-10,RACE.MI,Ferrari,Euro Stoxx 50
2026-10-10,RMS.PA,Hermès,Euro Stoxx 50
2026-10-10,IBE.MC,Iberdrola,Euro Stoxx 50
2026-10-10,ITX.MC,Inditex,Euro Stoxx 50
2026-10-10,IFX.DE,Infineon Technologies,Euro Stoxx 50
2026-10-10,INGA.AS,ING Group,Euro Stoxx 50
2026-10-10,ISP.MI,Intesa Sanpaolo,Euro Stoxx 50
2026-10-10,OR.PA,L'Oréal,Euro Stoxx 50
2026-10-10,MC.PA,LVMH Moët Hennessy Louis Vuitton,Euro Stoxx 50
2026-10-10,MBG.DE,Mercedes-Benz Group,Euro Stoxx 50
2026-10-10,MUV2.DE,Munich Re,Euro Stoxx 50
2026-10-10,NDA-FI.HE,Nordea,Euro Stoxx 50
2026-10-10,PRX.AS,Prosus,Euro Stoxx 50
2026-10-10,RHM.DE,Rheinmetall,Euro Stoxx 50
2026-10-10,SAF.PA,Safran,Euro Stoxx 50
2026-10-10,SGO.PA,Saint-Gobain,Euro Stoxx 50
2026-10-10,SAN.PA,Sanofi,Euro Stoxx 50
2026-10-10,SAP.DE,SAP,Euro Stoxx 50
2026-10-10,SU.PA,Schneider Electric,Euro Stoxx 50
2026-10-10,SIE.DE,Siemens,Euro Stoxx 50
2026-10-10,ENR.DE,Siemens Energy,Euro Stoxx 50
2026-10-10,TTE.PA,TotalEnergies,Euro Stoxx 50
2026-10-10,DG.PA,Vinci SA,Euro Stoxx 50
2026-10-10,UCG.MI,UniCredit,Euro Stoxx 50
2026-10-10,VOW.DE,Volkswagen Group,Euro Stoxx 50
2026-10-10,WKL.AS,Wolters Kluwer,Euro Stoxx 50
